[0m14:04:11.769976 [debug] [MainThread]: Sending event: {'category': 'dbt', 'action': 'invocation', 'label': 'start', 'context': [<snowplow_tracker.self_describing_json.SelfDescribingJson object at 0x000001BEF01066C0>, <snowplow_tracker.self_describing_json.SelfDescribingJson object at 0x000001BEF0107620>, <snowplow_tracker.self_describing_json.SelfDescribingJson object at 0x000001BEED4A8080>]}


============================== 14:04:11.779523 | f86c939d-7ca8-4aed-b8ce-e4251cec4d99 ==============================
[0m14:04:11.779523 [info ] [MainThread]: Running with dbt=1.11.2
[0m14:04:11.781531 [debug] [MainThread]: running dbt with arguments {'static_parser': 'True', 'no_print': 'None', 'version_check': 'True', 'target_path': 'None', 'warn_error_options': 'WarnErrorOptionsV2(error=[], warn=[], silence=[])', 'printer_width': '80', 'write_json': 'True', 'introspect': 'True', 'log_cache_events': 'False', 'empty': 'False', 'cache_selected_only': 'False', 'log_format': 'default', 'debug': 'False', 'fail_fast': 'False', 'partial_parse': 'True', 'send_anonymous_usage_stats': 'True', 'quiet': 'False', 'warn_error': 'None', 'profiles_dir': 'C:\\dbt-and-databricks\\06-chinook-schema', 'invocation_command': 'dbt snapshot --select Album02', 'use_colors': 'True', 'indirect_selection': 'eager', 'use_experimental_parser': 'False', 'log_path': 'C:\\dbt-and-databricks\\06-chinook-schema\\logs'}
[0m14:04:14.507728 [debug] [MainThread]: Spark adapter: Setting pyhive.hive logging to ERROR
[0m14:04:14.509732 [debug] [MainThread]: Spark adapter: Setting thrift.transport logging to ERROR
[0m14:04:14.511727 [debug] [MainThread]: Spark adapter: Setting thrift.protocol logging to ERROR
[0m14:04:17.044444 [debug] [MainThread]: Sending event: {'category': 'dbt', 'action': 'project_id', 'label': 'f86c939d-7ca8-4aed-b8ce-e4251cec4d99', 'context': [<snowplow_tracker.self_describing_json.SelfDescribingJson object at 0x000001BEF5D8EDB0>]}
[0m14:04:17.139732 [debug] [MainThread]: Sending event: {'category': 'dbt', 'action': 'adapter_info', 'label': 'f86c939d-7ca8-4aed-b8ce-e4251cec4d99', 'context': [<snowplow_tracker.self_describing_json.SelfDescribingJson object at 0x000001BEF5F1E3C0>]}
[0m14:04:17.142726 [info ] [MainThread]: Registered adapter: databricks=1.12.4
[0m14:04:17.622712 [debug] [MainThread]: checksum: 3d40d8bbe1bef07db1c24822f2dbfff8bc07f2a48ed4fe2658a40653aec0b54b, vars: {}, profile: , target: , version: 1.11.2
[0m14:04:18.696279 [debug] [MainThread]: Partial parsing enabled: 0 files deleted, 0 files added, 0 files changed.
[0m14:04:18.698012 [debug] [MainThread]: Nothing changed, skipping partial parsing.
[0m14:04:18.699060 [debug] [MainThread]: Partial parsing enabled, no changes found, skipping parsing
[0m14:04:18.790046 [debug] [MainThread]: Sending event: {'category': 'dbt', 'action': 'load_project', 'label': 'f86c939d-7ca8-4aed-b8ce-e4251cec4d99', 'context': [<snowplow_tracker.self_describing_json.SelfDescribingJson object at 0x000001BEF7424B00>]}
[0m14:04:18.936628 [debug] [MainThread]: Wrote artifact WritableManifest to C:\dbt-and-databricks\06-chinook-schema\target\manifest.json
[0m14:04:18.941678 [debug] [MainThread]: Wrote artifact SemanticManifest to C:\dbt-and-databricks\06-chinook-schema\target\semantic_manifest.json
[0m14:04:18.965163 [debug] [MainThread]: Sending event: {'category': 'dbt', 'action': 'resource_counts', 'label': 'f86c939d-7ca8-4aed-b8ce-e4251cec4d99', 'context': [<snowplow_tracker.self_describing_json.SelfDescribingJson object at 0x000001BEF7903470>]}
[0m14:04:18.965163 [info ] [MainThread]: Found 10 models, 8 snapshots, 11 seeds, 30 data tests, 1064 macros
[0m14:04:18.966723 [debug] [MainThread]: Sending event: {'category': 'dbt', 'action': 'runnable_timing', 'label': 'f86c939d-7ca8-4aed-b8ce-e4251cec4d99', 'context': [<snowplow_tracker.self_describing_json.SelfDescribingJson object at 0x000001BEF37544D0>]}
[0m14:04:18.967793 [info ] [MainThread]: 
[0m14:04:18.968791 [info ] [MainThread]: Concurrency: 1 threads (target='dev')
[0m14:04:18.968791 [info ] [MainThread]: 
[0m14:04:18.969802 [debug] [MainThread]: Databricks adapter: DatabricksDBTConnection(session-id=None, name=master) - Creating connection
[0m14:04:18.969802 [debug] [MainThread]: Acquiring new databricks connection 'master'
[0m14:04:18.970794 [debug] [ThreadPool]: Databricks adapter: DatabricksDBTConnection(session-id=None, name=list_uc_sql_server_central) - Creating connection
[0m14:04:18.971791 [debug] [ThreadPool]: Acquiring new databricks connection 'list_uc_sql_server_central'
[0m14:04:18.987662 [debug] [ThreadPool]: Using databricks connection "list_uc_sql_server_central"
[0m14:04:18.987662 [debug] [ThreadPool]: On list_uc_sql_server_central: /* {"app": "dbt", "dbt_version": "1.11.2", "dbt_databricks_version": "1.12.4", "databricks_sql_connector_version": "4.1.3", "profile_name": "chinook", "target_name": "dev", "invocation_id": "f86c939d-7ca8-4aed-b8ce-e4251cec4d99", "connection_name": "list_uc_sql_server_central"} */

    

  SHOW SCHEMAS IN `uc_sql_server_central`


  
[0m14:04:18.987662 [debug] [ThreadPool]: Opening a new connection, currently in state init
[0m14:04:19.469639 [debug] [ThreadPool]: Databricks adapter: Connection(session-id=01f1a0af-646f-122f-9fb5-a687ff0cb4c1) - Created
[0m14:04:19.769935 [debug] [ThreadPool]: SQL status: OK in 0.780 seconds
[0m14:04:19.794678 [debug] [ThreadPool]: Databricks adapter: Cursor(session-id=01f1a0af-646f-122f-9fb5-a687ff0cb4c1, command-id=01f1a0af-647e-1c3c-8eae-f9e5e8e63548) - Closing
[0m14:04:19.796672 [debug] [ThreadPool]: On list_uc_sql_server_central: Close
[0m14:04:19.796672 [debug] [ThreadPool]: Databricks adapter: Connection(session-id=01f1a0af-646f-122f-9fb5-a687ff0cb4c1) - Closing
[0m14:04:19.941763 [debug] [ThreadPool]: Databricks adapter: DatabricksDBTConnection(session-id=None, name=list_uc_sql_server_central_data_snapshot) - Creating connection
[0m14:04:19.943769 [debug] [ThreadPool]: Acquiring new databricks connection 'list_uc_sql_server_central_data_snapshot'
[0m14:04:19.954909 [debug] [ThreadPool]: Using databricks connection "list_uc_sql_server_central_data_snapshot"
[0m14:04:19.956426 [debug] [ThreadPool]: On list_uc_sql_server_central_data_snapshot: /* {"app": "dbt", "dbt_version": "1.11.2", "dbt_databricks_version": "1.12.4", "databricks_sql_connector_version": "4.1.3", "profile_name": "chinook", "target_name": "dev", "invocation_id": "f86c939d-7ca8-4aed-b8ce-e4251cec4d99", "connection_name": "list_uc_sql_server_central_data_snapshot"} */

    
SELECT
  table_name,
  if(table_type IN ('EXTERNAL', 'MANAGED', 'MANAGED_SHALLOW_CLONE', 'EXTERNAL_SHALLOW_CLONE'), 'table', lower(table_type)) AS table_type,
  lower(data_source_format) AS file_format,
  table_owner,
  if(
    table_type IN (
      'EXTERNAL',
      'MANAGED',
      'MANAGED_SHALLOW_CLONE',
      'EXTERNAL_SHALLOW_CLONE'
    ),
    lower(table_type),
    NULL
  ) AS databricks_table_type
FROM `system`.`information_schema`.`tables`
WHERE table_catalog = 'uc_sql_server_central'
  AND table_schema = 'data_snapshot'

  
[0m14:04:19.958467 [debug] [ThreadPool]: Opening a new connection, currently in state init
[0m14:04:20.314105 [debug] [ThreadPool]: Databricks adapter: Connection(session-id=01f1a0af-64f1-18cc-bfff-2a42f5db1d0b) - Created
[0m14:04:20.813871 [debug] [ThreadPool]: SQL status: OK in 0.860 seconds
[0m14:04:20.825488 [debug] [ThreadPool]: Databricks adapter: Cursor(session-id=01f1a0af-64f1-18cc-bfff-2a42f5db1d0b, command-id=01f1a0af-64ff-11ba-8809-6d8e3b57a9e9) - Closing
[0m14:04:20.829094 [debug] [ThreadPool]: On list_uc_sql_server_central_data_snapshot: Close
[0m14:04:20.831549 [debug] [ThreadPool]: Databricks adapter: Connection(session-id=01f1a0af-64f1-18cc-bfff-2a42f5db1d0b) - Closing
[0m14:04:20.937865 [debug] [ThreadPool]: Databricks adapter: DatabricksDBTConnection(session-id=None, name=list_uc_sql_server_central_data_raw) - Creating connection
[0m14:04:20.944816 [debug] [ThreadPool]: Acquiring new databricks connection 'list_uc_sql_server_central_data_raw'
[0m14:04:20.956449 [debug] [ThreadPool]: Using databricks connection "list_uc_sql_server_central_data_raw"
[0m14:04:20.958475 [debug] [ThreadPool]: On list_uc_sql_server_central_data_raw: /* {"app": "dbt", "dbt_version": "1.11.2", "dbt_databricks_version": "1.12.4", "databricks_sql_connector_version": "4.1.3", "profile_name": "chinook", "target_name": "dev", "invocation_id": "f86c939d-7ca8-4aed-b8ce-e4251cec4d99", "connection_name": "list_uc_sql_server_central_data_raw"} */

    
SELECT
  table_name,
  if(table_type IN ('EXTERNAL', 'MANAGED', 'MANAGED_SHALLOW_CLONE', 'EXTERNAL_SHALLOW_CLONE'), 'table', lower(table_type)) AS table_type,
  lower(data_source_format) AS file_format,
  table_owner,
  if(
    table_type IN (
      'EXTERNAL',
      'MANAGED',
      'MANAGED_SHALLOW_CLONE',
      'EXTERNAL_SHALLOW_CLONE'
    ),
    lower(table_type),
    NULL
  ) AS databricks_table_type
FROM `system`.`information_schema`.`tables`
WHERE table_catalog = 'uc_sql_server_central'
  AND table_schema = 'data_raw'

  
[0m14:04:20.960497 [debug] [ThreadPool]: Opening a new connection, currently in state init
[0m14:04:21.407015 [debug] [ThreadPool]: Databricks adapter: Connection(session-id=01f1a0af-6597-1f77-bebb-42f818c37107) - Created
[0m14:04:21.862072 [debug] [ThreadPool]: SQL status: OK in 0.900 seconds
[0m14:04:21.871623 [debug] [ThreadPool]: Databricks adapter: Cursor(session-id=01f1a0af-6597-1f77-bebb-42f818c37107, command-id=01f1a0af-65a4-15e3-b017-4079563dc489) - Closing
[0m14:04:21.873622 [debug] [ThreadPool]: On list_uc_sql_server_central_data_raw: Close
[0m14:04:21.874626 [debug] [ThreadPool]: Databricks adapter: Connection(session-id=01f1a0af-6597-1f77-bebb-42f818c37107) - Closing
[0m14:04:21.993113 [debug] [ThreadPool]: Databricks adapter: DatabricksDBTConnection(session-id=None, name=list_uc_sql_server_central_data_stage) - Creating connection
[0m14:04:21.999669 [debug] [ThreadPool]: Acquiring new databricks connection 'list_uc_sql_server_central_data_stage'
[0m14:04:22.017553 [debug] [ThreadPool]: Using databricks connection "list_uc_sql_server_central_data_stage"
[0m14:04:22.019606 [debug] [ThreadPool]: On list_uc_sql_server_central_data_stage: /* {"app": "dbt", "dbt_version": "1.11.2", "dbt_databricks_version": "1.12.4", "databricks_sql_connector_version": "4.1.3", "profile_name": "chinook", "target_name": "dev", "invocation_id": "f86c939d-7ca8-4aed-b8ce-e4251cec4d99", "connection_name": "list_uc_sql_server_central_data_stage"} */

    
SELECT
  table_name,
  if(table_type IN ('EXTERNAL', 'MANAGED', 'MANAGED_SHALLOW_CLONE', 'EXTERNAL_SHALLOW_CLONE'), 'table', lower(table_type)) AS table_type,
  lower(data_source_format) AS file_format,
  table_owner,
  if(
    table_type IN (
      'EXTERNAL',
      'MANAGED',
      'MANAGED_SHALLOW_CLONE',
      'EXTERNAL_SHALLOW_CLONE'
    ),
    lower(table_type),
    NULL
  ) AS databricks_table_type
FROM `system`.`information_schema`.`tables`
WHERE table_catalog = 'uc_sql_server_central'
  AND table_schema = 'data_stage'

  
[0m14:04:22.020610 [debug] [ThreadPool]: Opening a new connection, currently in state init
[0m14:04:22.441006 [debug] [ThreadPool]: Databricks adapter: Connection(session-id=01f1a0af-6632-1865-941f-c588a1cea802) - Created
[0m14:04:22.882453 [debug] [ThreadPool]: SQL status: OK in 0.860 seconds
[0m14:04:22.886985 [debug] [ThreadPool]: Databricks adapter: Cursor(session-id=01f1a0af-6632-1865-941f-c588a1cea802, command-id=01f1a0af-6642-1263-90e9-b39723346fae) - Closing
[0m14:04:22.889519 [debug] [ThreadPool]: On list_uc_sql_server_central_data_stage: Close
[0m14:04:22.889519 [debug] [ThreadPool]: Databricks adapter: Connection(session-id=01f1a0af-6632-1865-941f-c588a1cea802) - Closing
[0m14:04:23.014301 [debug] [ThreadPool]: Databricks adapter: DatabricksDBTConnection(session-id=None, name=list_uc_sql_server_central_data_mart) - Creating connection
[0m14:04:23.021646 [debug] [ThreadPool]: Acquiring new databricks connection 'list_uc_sql_server_central_data_mart'
[0m14:04:23.036713 [debug] [ThreadPool]: Using databricks connection "list_uc_sql_server_central_data_mart"
[0m14:04:23.039761 [debug] [ThreadPool]: On list_uc_sql_server_central_data_mart: /* {"app": "dbt", "dbt_version": "1.11.2", "dbt_databricks_version": "1.12.4", "databricks_sql_connector_version": "4.1.3", "profile_name": "chinook", "target_name": "dev", "invocation_id": "f86c939d-7ca8-4aed-b8ce-e4251cec4d99", "connection_name": "list_uc_sql_server_central_data_mart"} */

    
SELECT
  table_name,
  if(table_type IN ('EXTERNAL', 'MANAGED', 'MANAGED_SHALLOW_CLONE', 'EXTERNAL_SHALLOW_CLONE'), 'table', lower(table_type)) AS table_type,
  lower(data_source_format) AS file_format,
  table_owner,
  if(
    table_type IN (
      'EXTERNAL',
      'MANAGED',
      'MANAGED_SHALLOW_CLONE',
      'EXTERNAL_SHALLOW_CLONE'
    ),
    lower(table_type),
    NULL
  ) AS databricks_table_type
FROM `system`.`information_schema`.`tables`
WHERE table_catalog = 'uc_sql_server_central'
  AND table_schema = 'data_mart'

  
[0m14:04:23.041795 [debug] [ThreadPool]: Opening a new connection, currently in state init
[0m14:04:23.312792 [debug] [ThreadPool]: Databricks adapter: Connection(session-id=01f1a0af-66bb-172b-a230-9881640694f3) - Created
[0m14:04:23.755081 [debug] [ThreadPool]: SQL status: OK in 0.710 seconds
[0m14:04:23.758642 [debug] [ThreadPool]: Databricks adapter: Cursor(session-id=01f1a0af-66bb-172b-a230-9881640694f3, command-id=01f1a0af-66c8-15ff-b1d5-c8dffbe36c84) - Closing
[0m14:04:23.759698 [debug] [ThreadPool]: On list_uc_sql_server_central_data_mart: Close
[0m14:04:23.760678 [debug] [ThreadPool]: Databricks adapter: Connection(session-id=01f1a0af-66bb-172b-a230-9881640694f3) - Closing
[0m14:04:23.878376 [debug] [MainThread]: Sending event: {'category': 'dbt', 'action': 'runnable_timing', 'label': 'f86c939d-7ca8-4aed-b8ce-e4251cec4d99', 'context': [<snowplow_tracker.self_describing_json.SelfDescribingJson object at 0x000001BEF36CAC60>]}
[0m14:04:23.888372 [debug] [Thread-6 (]: Began running node snapshot.chinook.Album02
[0m14:04:23.889369 [info ] [Thread-6 (]: 1 of 1 START snapshot data_snapshot.album02 .................................... [RUN]
[0m14:04:23.890302 [debug] [Thread-6 (]: Databricks adapter: DatabricksDBTConnection(session-id=None, name=snapshot.chinook.Album02) - Creating connection
[0m14:04:23.890302 [debug] [Thread-6 (]: Acquiring new databricks connection 'snapshot.chinook.Album02'
[0m14:04:23.890960 [debug] [Thread-6 (]: Began compiling node snapshot.chinook.Album02
[0m14:04:23.903421 [debug] [Thread-6 (]: Began executing node snapshot.chinook.Album02
[0m14:04:23.954749 [debug] [Thread-6 (]: Using databricks connection "snapshot.chinook.Album02"
[0m14:04:23.955753 [debug] [Thread-6 (]: On snapshot.chinook.Album02: /* {"app": "dbt", "dbt_version": "1.11.2", "dbt_databricks_version": "1.12.4", "databricks_sql_connector_version": "4.1.3", "profile_name": "chinook", "target_name": "dev", "invocation_id": "f86c939d-7ca8-4aed-b8ce-e4251cec4d99", "node_id": "snapshot.chinook.Album02"} */
select * from (
        select `Title`, `ArtistId` from (
                



select * from `uc_sql_server_central`.`data_raw`.`album01`

            ) subq
    ) as __dbt_sbq
    where false
    limit 0

    
[0m14:04:23.955753 [debug] [Thread-6 (]: Opening a new connection, currently in state init
[0m14:04:24.312829 [debug] [Thread-6 (]: Databricks adapter: Connection(session-id=01f1a0af-6751-1139-87b6-1a92714b72ab) - Created
[0m14:04:24.562522 [debug] [Thread-6 (]: SQL status: OK in 0.610 seconds
[0m14:04:24.564441 [debug] [Thread-6 (]: Databricks adapter: Cursor(session-id=01f1a0af-6751-1139-87b6-1a92714b72ab, command-id=01f1a0af-6760-1b01-9c50-c373778cf87d) - Closing
[0m14:04:24.568120 [debug] [Thread-6 (]: Using databricks connection "snapshot.chinook.Album02"
[0m14:04:24.569120 [debug] [Thread-6 (]: On snapshot.chinook.Album02: /* {"app": "dbt", "dbt_version": "1.11.2", "dbt_databricks_version": "1.12.4", "databricks_sql_connector_version": "4.1.3", "profile_name": "chinook", "target_name": "dev", "invocation_id": "f86c939d-7ca8-4aed-b8ce-e4251cec4d99", "node_id": "snapshot.chinook.Album02"} */

    
  DESCRIBE TABLE EXTENDED `uc_sql_server_central`.`data_snapshot`.`album02` AS JSON

  
[0m14:04:24.924230 [debug] [Thread-6 (]: SQL status: OK in 0.360 seconds
[0m14:04:24.930769 [debug] [Thread-6 (]: Databricks adapter: Cursor(session-id=01f1a0af-6751-1139-87b6-1a92714b72ab, command-id=01f1a0af-6787-13b6-bd44-c41f33e72dfa) - Closing
[0m14:04:24.939343 [debug] [Thread-6 (]: Using databricks connection "snapshot.chinook.Album02"
[0m14:04:24.939343 [debug] [Thread-6 (]: On snapshot.chinook.Album02: /* {"app": "dbt", "dbt_version": "1.11.2", "dbt_databricks_version": "1.12.4", "databricks_sql_connector_version": "4.1.3", "profile_name": "chinook", "target_name": "dev", "invocation_id": "f86c939d-7ca8-4aed-b8ce-e4251cec4d99", "node_id": "snapshot.chinook.Album02"} */

    
  DESCRIBE TABLE EXTENDED `uc_sql_server_central`.`data_snapshot`.`album02` AS JSON

  
[0m14:04:25.262552 [debug] [Thread-6 (]: SQL status: OK in 0.320 seconds
[0m14:04:25.266460 [debug] [Thread-6 (]: Databricks adapter: Cursor(session-id=01f1a0af-6751-1139-87b6-1a92714b72ab, command-id=01f1a0af-67c0-1fcd-9967-663d7b0d2762) - Closing
[0m14:04:25.316469 [debug] [Thread-6 (]: Using databricks connection "snapshot.chinook.Album02"
[0m14:04:25.316978 [debug] [Thread-6 (]: On snapshot.chinook.Album02: /* {"app": "dbt", "dbt_version": "1.11.2", "dbt_databricks_version": "1.12.4", "databricks_sql_connector_version": "4.1.3", "profile_name": "chinook", "target_name": "dev", "invocation_id": "f86c939d-7ca8-4aed-b8ce-e4251cec4d99", "node_id": "snapshot.chinook.Album02"} */

        
  
    create or replace temporary view `album02__dbt_tmp` as
      
    
    with snapshot_query as (

        select * from `uc_sql_server_central`.`data_raw`.`album01`

    ),

    snapshotted_data as (

        select *, 
    
        `AlbumId` as dbt_unique_key
    

        from `uc_sql_server_central`.`data_snapshot`.`album02`
        where
            
                dbt_valid_to is null
            

    ),

    insertions_source_data as (

        select *, 
    
        `AlbumId` as dbt_unique_key
    
,
            
    current_timestamp()
 as dbt_updated_at,
            
    current_timestamp()
 as dbt_valid_from,
            
  
  coalesce(nullif(
    current_timestamp()
, 
    current_timestamp()
), null)
  as dbt_valid_to
,
            md5(coalesce(cast(`AlbumId` as string ), '')
         || '|' || coalesce(cast(
    current_timestamp()
 as string ), '')
        ) as dbt_scd_id

        from snapshot_query
    ),

    updates_source_data as (

        select *, 
    
        `AlbumId` as dbt_unique_key
    
,
            
    current_timestamp()
 as dbt_updated_at,
            
    current_timestamp()
 as dbt_valid_from,
            
    current_timestamp()
 as dbt_valid_to

        from snapshot_query
    ),

    insertions as (

        select
            'insert' as dbt_change_type,
            source_data.*

        from insertions_source_data as source_data
        left outer join snapshotted_data
            on 
    
        snapshotted_data.dbt_unique_key = source_data.dbt_unique_key
    

            where 
    
        snapshotted_data.dbt_unique_key is null
    

            or (
    
        snapshotted_data.dbt_unique_key is not null
    
 and (
                (snapshotted_data.`Title` != source_data.`Title`
        or
        (
            ((snapshotted_data.`Title` is null) and not (source_data.`Title` is null))
            or
            ((not snapshotted_data.`Title` is null) and (source_data.`Title` is null))
        ) or snapshotted_data.`ArtistId` != source_data.`ArtistId`
        or
        (
            ((snapshotted_data.`ArtistId` is null) and not (source_data.`ArtistId` is null))
            or
            ((not snapshotted_data.`ArtistId` is null) and (source_data.`ArtistId` is null))
        ))
            )

        )

    ),

    updates as (

        select
            'update' as dbt_change_type,
            source_data.*,
            snapshotted_data.dbt_scd_id

        from updates_source_data as source_data
        join snapshotted_data
            on 
    
        snapshotted_data.dbt_unique_key = source_data.dbt_unique_key
    

        where (
            (snapshotted_data.`Title` != source_data.`Title`
        or
        (
            ((snapshotted_data.`Title` is null) and not (source_data.`Title` is null))
            or
            ((not snapshotted_data.`Title` is null) and (source_data.`Title` is null))
        ) or snapshotted_data.`ArtistId` != source_data.`ArtistId`
        or
        (
            ((snapshotted_data.`ArtistId` is null) and not (source_data.`ArtistId` is null))
            or
            ((not snapshotted_data.`ArtistId` is null) and (source_data.`ArtistId` is null))
        ))
        )
    )

    select * from insertions
    union all
    select * from updates

  
    
[0m14:04:25.659689 [debug] [Thread-6 (]: SQL status: OK in 0.340 seconds
[0m14:04:25.663686 [debug] [Thread-6 (]: Databricks adapter: Cursor(session-id=01f1a0af-6751-1139-87b6-1a92714b72ab, command-id=01f1a0af-67fc-1690-ad54-39e1c3686703) - Closing
[0m14:04:25.675633 [debug] [Thread-6 (]: Using databricks connection "snapshot.chinook.Album02"
[0m14:04:25.677783 [debug] [Thread-6 (]: On snapshot.chinook.Album02: /* {"app": "dbt", "dbt_version": "1.11.2", "dbt_databricks_version": "1.12.4", "databricks_sql_connector_version": "4.1.3", "profile_name": "chinook", "target_name": "dev", "invocation_id": "f86c939d-7ca8-4aed-b8ce-e4251cec4d99", "node_id": "snapshot.chinook.Album02"} */

    
  DESCRIBE TABLE EXTENDED `album02__dbt_tmp` AS JSON

  
[0m14:04:25.862735 [debug] [Thread-6 (]: SQL status: OK in 0.180 seconds
[0m14:04:25.864711 [debug] [Thread-6 (]: Databricks adapter: Cursor(session-id=01f1a0af-6751-1139-87b6-1a92714b72ab, command-id=01f1a0af-6831-1c69-bde5-8dc6b44fbb95) - Closing
[0m14:04:25.873164 [debug] [Thread-6 (]: Using databricks connection "snapshot.chinook.Album02"
[0m14:04:25.874110 [debug] [Thread-6 (]: On snapshot.chinook.Album02: /* {"app": "dbt", "dbt_version": "1.11.2", "dbt_databricks_version": "1.12.4", "databricks_sql_connector_version": "4.1.3", "profile_name": "chinook", "target_name": "dev", "invocation_id": "f86c939d-7ca8-4aed-b8ce-e4251cec4d99", "node_id": "snapshot.chinook.Album02"} */

    
  DESCRIBE TABLE EXTENDED `uc_sql_server_central`.`data_snapshot`.`album02` AS JSON

  
[0m14:04:26.241610 [debug] [Thread-6 (]: SQL status: OK in 0.370 seconds
[0m14:04:26.243588 [debug] [Thread-6 (]: Databricks adapter: Cursor(session-id=01f1a0af-6751-1139-87b6-1a92714b72ab, command-id=01f1a0af-6856-1356-9a97-76056201d3d0) - Closing
[0m14:04:26.250662 [debug] [Thread-6 (]: Using databricks connection "snapshot.chinook.Album02"
[0m14:04:26.251734 [debug] [Thread-6 (]: On snapshot.chinook.Album02: /* {"app": "dbt", "dbt_version": "1.11.2", "dbt_databricks_version": "1.12.4", "databricks_sql_connector_version": "4.1.3", "profile_name": "chinook", "target_name": "dev", "invocation_id": "f86c939d-7ca8-4aed-b8ce-e4251cec4d99", "node_id": "snapshot.chinook.Album02"} */

    
  DESCRIBE TABLE EXTENDED `album02__dbt_tmp` AS JSON

  
[0m14:04:26.434560 [debug] [Thread-6 (]: SQL status: OK in 0.180 seconds
[0m14:04:26.437830 [debug] [Thread-6 (]: Databricks adapter: Cursor(session-id=01f1a0af-6751-1139-87b6-1a92714b72ab, command-id=01f1a0af-688b-11ef-b3cd-a5a582c89549) - Closing
[0m14:04:26.442884 [debug] [Thread-6 (]: Using databricks connection "snapshot.chinook.Album02"
[0m14:04:26.443884 [debug] [Thread-6 (]: On snapshot.chinook.Album02: /* {"app": "dbt", "dbt_version": "1.11.2", "dbt_databricks_version": "1.12.4", "databricks_sql_connector_version": "4.1.3", "profile_name": "chinook", "target_name": "dev", "invocation_id": "f86c939d-7ca8-4aed-b8ce-e4251cec4d99", "node_id": "snapshot.chinook.Album02"} */

    
  DESCRIBE TABLE EXTENDED `uc_sql_server_central`.`data_snapshot`.`album02` AS JSON

  
[0m14:04:26.748102 [debug] [Thread-6 (]: SQL status: OK in 0.300 seconds
[0m14:04:26.750115 [debug] [Thread-6 (]: Databricks adapter: Cursor(session-id=01f1a0af-6751-1139-87b6-1a92714b72ab, command-id=01f1a0af-68a4-1e26-b227-405330c2d4a1) - Closing
[0m14:04:26.759373 [debug] [Thread-6 (]: Using databricks connection "snapshot.chinook.Album02"
[0m14:04:26.760364 [debug] [Thread-6 (]: On snapshot.chinook.Album02: /* {"app": "dbt", "dbt_version": "1.11.2", "dbt_databricks_version": "1.12.4", "databricks_sql_connector_version": "4.1.3", "profile_name": "chinook", "target_name": "dev", "invocation_id": "f86c939d-7ca8-4aed-b8ce-e4251cec4d99", "node_id": "snapshot.chinook.Album02"} */

    
  DESCRIBE TABLE EXTENDED `album02__dbt_tmp` AS JSON

  
[0m14:04:26.940861 [debug] [Thread-6 (]: SQL status: OK in 0.180 seconds
[0m14:04:26.944850 [debug] [Thread-6 (]: Databricks adapter: Cursor(session-id=01f1a0af-6751-1139-87b6-1a92714b72ab, command-id=01f1a0af-68d8-1835-ad81-3da72e3b3985) - Closing
[0m14:04:26.970092 [debug] [Thread-6 (]: Using databricks connection "snapshot.chinook.Album02"
[0m14:04:26.971085 [debug] [Thread-6 (]: On snapshot.chinook.Album02: /* {"app": "dbt", "dbt_version": "1.11.2", "dbt_databricks_version": "1.12.4", "databricks_sql_connector_version": "4.1.3", "profile_name": "chinook", "target_name": "dev", "invocation_id": "f86c939d-7ca8-4aed-b8ce-e4251cec4d99", "node_id": "snapshot.chinook.Album02"} */
select * from (
        
    
    with snapshot_query as (

        select * from `uc_sql_server_central`.`data_raw`.`album01`

    ),

    snapshotted_data as (

        select *, 
    
        `AlbumId` as dbt_unique_key
    

        from `uc_sql_server_central`.`data_snapshot`.`album02`
        where
            
                dbt_valid_to is null
            

    ),

    insertions_source_data as (

        select *, 
    
        `AlbumId` as dbt_unique_key
    
,
            
    current_timestamp()
 as dbt_updated_at,
            
    current_timestamp()
 as dbt_valid_from,
            
  
  coalesce(nullif(
    current_timestamp()
, 
    current_timestamp()
), null)
  as dbt_valid_to
,
            md5(coalesce(cast(`AlbumId` as string ), '')
         || '|' || coalesce(cast(
    current_timestamp()
 as string ), '')
        ) as dbt_scd_id

        from snapshot_query
    ),

    updates_source_data as (

        select *, 
    
        `AlbumId` as dbt_unique_key
    
,
            
    current_timestamp()
 as dbt_updated_at,
            
    current_timestamp()
 as dbt_valid_from,
            
    current_timestamp()
 as dbt_valid_to

        from snapshot_query
    ),

    insertions as (

        select
            'insert' as dbt_change_type,
            source_data.*

        from insertions_source_data as source_data
        left outer join snapshotted_data
            on 
    
        snapshotted_data.dbt_unique_key = source_data.dbt_unique_key
    

            where 
    
        snapshotted_data.dbt_unique_key is null
    

            or (
    
        snapshotted_data.dbt_unique_key is not null
    
 and (
                (snapshotted_data.`Title` != source_data.`Title`
        or
        (
            ((snapshotted_data.`Title` is null) and not (source_data.`Title` is null))
            or
            ((not snapshotted_data.`Title` is null) and (source_data.`Title` is null))
        ) or snapshotted_data.`ArtistId` != source_data.`ArtistId`
        or
        (
            ((snapshotted_data.`ArtistId` is null) and not (source_data.`ArtistId` is null))
            or
            ((not snapshotted_data.`ArtistId` is null) and (source_data.`ArtistId` is null))
        ))
            )

        )

    ),

    updates as (

        select
            'update' as dbt_change_type,
            source_data.*,
            snapshotted_data.dbt_scd_id

        from updates_source_data as source_data
        join snapshotted_data
            on 
    
        snapshotted_data.dbt_unique_key = source_data.dbt_unique_key
    

        where (
            (snapshotted_data.`Title` != source_data.`Title`
        or
        (
            ((snapshotted_data.`Title` is null) and not (source_data.`Title` is null))
            or
            ((not snapshotted_data.`Title` is null) and (source_data.`Title` is null))
        ) or snapshotted_data.`ArtistId` != source_data.`ArtistId`
        or
        (
            ((snapshotted_data.`ArtistId` is null) and not (source_data.`ArtistId` is null))
            or
            ((not snapshotted_data.`ArtistId` is null) and (source_data.`ArtistId` is null))
        ))
        )
    )

    select * from insertions
    union all
    select * from updates

    ) as __dbt_sbq
    where false
    limit 0

[0m14:04:27.286258 [debug] [Thread-6 (]: SQL status: OK in 0.320 seconds
[0m14:04:27.293845 [debug] [Thread-6 (]: Using databricks connection "snapshot.chinook.Album02"
[0m14:04:27.294840 [debug] [Thread-6 (]: On snapshot.chinook.Album02: /* {"app": "dbt", "dbt_version": "1.11.2", "dbt_databricks_version": "1.12.4", "databricks_sql_connector_version": "4.1.3", "profile_name": "chinook", "target_name": "dev", "invocation_id": "f86c939d-7ca8-4aed-b8ce-e4251cec4d99", "node_id": "snapshot.chinook.Album02"} */
select * from (
        select 
    current_timestamp()
 as dbt_snapshot_time
    ) as __dbt_sbq
    where false
    limit 0

[0m14:04:27.294840 [debug] [Thread-6 (]: Databricks adapter: Cursor(session-id=01f1a0af-6751-1139-87b6-1a92714b72ab, command-id=01f1a0af-68f9-12a5-af49-898cc512ff26) - Closing
[0m14:04:27.447907 [debug] [Thread-6 (]: SQL status: OK in 0.150 seconds
[0m14:04:27.449932 [debug] [Thread-6 (]: Writing runtime sql for node "snapshot.chinook.Album02"
[0m14:04:27.452960 [debug] [Thread-6 (]: Using databricks connection "snapshot.chinook.Album02"
[0m14:04:27.454931 [debug] [Thread-6 (]: On snapshot.chinook.Album02: /* {"app": "dbt", "dbt_version": "1.11.2", "dbt_databricks_version": "1.12.4", "databricks_sql_connector_version": "4.1.3", "profile_name": "chinook", "target_name": "dev", "invocation_id": "f86c939d-7ca8-4aed-b8ce-e4251cec4d99", "node_id": "snapshot.chinook.Album02"} */

      merge into `uc_sql_server_central`.`data_snapshot`.`album02` as DBT_INTERNAL_DEST
        using `album02__dbt_tmp` as DBT_INTERNAL_SOURCE
    on DBT_INTERNAL_SOURCE.`dbt_scd_id` = DBT_INTERNAL_DEST.`dbt_scd_id`
    when matched
        and DBT_INTERNAL_DEST.`dbt_valid_to` is null
        and DBT_INTERNAL_SOURCE.`dbt_change_type` in ('update', 'delete')
        then update
        set `dbt_valid_to` = DBT_INTERNAL_SOURCE.`dbt_valid_to`

    when not matched
        and DBT_INTERNAL_SOURCE.`dbt_change_type` = 'insert'
        then insert (`AlbumId`, `Title`, `ArtistId`, `dbt_updated_at`, `dbt_valid_from`, `dbt_valid_to`, `dbt_scd_id`)
        values (`AlbumId`, `Title`, `ArtistId`, `dbt_updated_at`, `dbt_valid_from`, `dbt_valid_to`, `dbt_scd_id`)
    ;

  
[0m14:04:27.457489 [debug] [Thread-6 (]: Databricks adapter: Cursor(session-id=01f1a0af-6751-1139-87b6-1a92714b72ab, command-id=01f1a0af-6927-19d8-8ac8-92c1d6bbe7c9) - Closing
[0m14:04:29.464730 [debug] [Thread-6 (]: SQL status: OK in 2.010 seconds
[0m14:04:29.466284 [debug] [Thread-6 (]: Databricks adapter: Cursor(session-id=01f1a0af-6751-1139-87b6-1a92714b72ab, command-id=01f1a0af-6941-1a10-a0d4-3970c68a4665) - Closing
[0m14:04:29.494537 [debug] [Thread-6 (]: Applying DROP to: `album02__dbt_tmp`
[0m14:04:29.499061 [debug] [Thread-6 (]: Using databricks connection "snapshot.chinook.Album02"
[0m14:04:29.500060 [debug] [Thread-6 (]: On snapshot.chinook.Album02: /* {"app": "dbt", "dbt_version": "1.11.2", "dbt_databricks_version": "1.12.4", "databricks_sql_connector_version": "4.1.3", "profile_name": "chinook", "target_name": "dev", "invocation_id": "f86c939d-7ca8-4aed-b8ce-e4251cec4d99", "node_id": "snapshot.chinook.Album02"} */
DROP VIEW IF EXISTS `album02__dbt_tmp`
[0m14:04:29.684296 [debug] [Thread-6 (]: SQL status: OK in 0.180 seconds
[0m14:04:29.685286 [debug] [Thread-6 (]: Databricks adapter: Cursor(session-id=01f1a0af-6751-1139-87b6-1a92714b72ab, command-id=01f1a0af-6a77-1c92-8418-cb3816f74791) - Closing
[0m14:04:29.701406 [debug] [Thread-6 (]: On snapshot.chinook.Album02: Close
[0m14:04:29.701406 [debug] [Thread-6 (]: Databricks adapter: Connection(session-id=01f1a0af-6751-1139-87b6-1a92714b72ab) - Closing
[0m14:04:29.818674 [debug] [Thread-6 (]: Sending event: {'category': 'dbt', 'action': 'run_model', 'label': 'f86c939d-7ca8-4aed-b8ce-e4251cec4d99', 'context': [<snowplow_tracker.self_describing_json.SelfDescribingJson object at 0x000001BEEFA78860>]}
[0m14:04:29.819674 [info ] [Thread-6 (]: 1 of 1 OK snapshotted data_snapshot.album02 .................................... [[32mOK[0m in 5.93s]
[0m14:04:29.821670 [debug] [Thread-6 (]: Finished running node snapshot.chinook.Album02
[0m14:04:29.824194 [debug] [MainThread]: Databricks adapter: DatabricksDBTConnection(session-id=None, name=master) - Creating connection
[0m14:04:29.824194 [debug] [MainThread]: Acquiring new databricks connection 'master'
[0m14:04:29.825194 [info ] [MainThread]: 
[0m14:04:29.826707 [info ] [MainThread]: Finished running 1 snapshot in 0 hours 0 minutes and 10.86 seconds (10.86s).
[0m14:04:29.830471 [debug] [MainThread]: Command end result
[0m14:04:29.942798 [debug] [MainThread]: Wrote artifact WritableManifest to C:\dbt-and-databricks\06-chinook-schema\target\manifest.json
[0m14:04:29.951342 [debug] [MainThread]: Wrote artifact SemanticManifest to C:\dbt-and-databricks\06-chinook-schema\target\semantic_manifest.json
[0m14:04:29.967151 [debug] [MainThread]: Wrote artifact RunExecutionResult to C:\dbt-and-databricks\06-chinook-schema\target\run_results.json
[0m14:04:29.967151 [info ] [MainThread]: 
[0m14:04:29.968162 [info ] [MainThread]: [32mCompleted successfully[0m
[0m14:04:29.969173 [info ] [MainThread]: 
[0m14:04:29.970174 [info ] [MainThread]: Done. PASS=1 WARN=0 ERROR=0 SKIP=0 NO-OP=0 TOTAL=1
[0m14:04:29.972171 [debug] [MainThread]: Command `dbt snapshot` succeeded at 14:04:29.972171 after 18.71 seconds
[0m14:04:29.973172 [debug] [MainThread]: Sending event: {'category': 'dbt', 'action': 'invocation', 'label': 'end', 'context': [<snowplow_tracker.self_describing_json.SelfDescribingJson object at 0x000001BEF01066C0>, <snowplow_tracker.self_describing_json.SelfDescribingJson object at 0x000001BEF0107620>, <snowplow_tracker.self_describing_json.SelfDescribingJson object at 0x000001BEF0603CE0>]}
[0m14:04:29.973172 [debug] [MainThread]: Flushing usage events
[0m14:04:30.166209 [debug] [MainThread]: An error was encountered while trying to flush usage events
[0m14:13:49.779135 [debug] [MainThread]: Sending event: {'category': 'dbt', 'action': 'invocation', 'label': 'start', 'context': [<snowplow_tracker.self_describing_json.SelfDescribingJson object at 0x000001D9BB91B7A0>, <snowplow_tracker.self_describing_json.SelfDescribingJson object at 0x000001D9BE7D9760>, <snowplow_tracker.self_describing_json.SelfDescribingJson object at 0x000001D9BE7DB590>]}


============================== 14:13:49.786645 | 90ac5106-6894-45e1-8414-4f05ae08be99 ==============================
[0m14:13:49.786645 [info ] [MainThread]: Running with dbt=1.11.2
[0m14:13:49.787649 [debug] [MainThread]: running dbt with arguments {'version_check': 'True', 'no_print': 'None', 'static_parser': 'True', 'warn_error_options': 'WarnErrorOptionsV2(error=[], warn=[], silence=[])', 'target_path': 'None', 'printer_width': '80', 'write_json': 'True', 'empty': 'False', 'log_cache_events': 'False', 'introspect': 'True', 'cache_selected_only': 'False', 'fail_fast': 'False', 'debug': 'False', 'log_format': 'default', 'profiles_dir': 'C:\\dbt-and-databricks\\06-chinook-schema', 'send_anonymous_usage_stats': 'True', 'quiet': 'False', 'warn_error': 'None', 'partial_parse': 'True', 'invocation_command': 'dbt snapshot --select Album02', 'indirect_selection': 'eager', 'use_colors': 'True', 'use_experimental_parser': 'False', 'log_path': 'C:\\dbt-and-databricks\\06-chinook-schema\\logs'}
[0m14:13:55.537476 [debug] [MainThread]: Spark adapter: Setting pyhive.hive logging to ERROR
[0m14:13:55.539512 [debug] [MainThread]: Spark adapter: Setting thrift.transport logging to ERROR
[0m14:13:55.540567 [debug] [MainThread]: Spark adapter: Setting thrift.protocol logging to ERROR
[0m14:13:59.749540 [debug] [MainThread]: Sending event: {'category': 'dbt', 'action': 'project_id', 'label': '90ac5106-6894-45e1-8414-4f05ae08be99', 'context': [<snowplow_tracker.self_describing_json.SelfDescribingJson object at 0x000001D9C54D66F0>]}
[0m14:13:59.870177 [debug] [MainThread]: Sending event: {'category': 'dbt', 'action': 'adapter_info', 'label': '90ac5106-6894-45e1-8414-4f05ae08be99', 'context': [<snowplow_tracker.self_describing_json.SelfDescribingJson object at 0x000001D9C54F1D90>]}
[0m14:13:59.871210 [info ] [MainThread]: Registered adapter: databricks=1.12.4
[0m14:14:01.525161 [debug] [MainThread]: checksum: 3d40d8bbe1bef07db1c24822f2dbfff8bc07f2a48ed4fe2658a40653aec0b54b, vars: {}, profile: , target: , version: 1.11.2
[0m14:14:08.114236 [debug] [MainThread]: Partial parsing enabled: 0 files deleted, 0 files added, 1 files changed.
[0m14:14:08.116302 [debug] [MainThread]: Partial parsing: updated file: chinook://snapshots\Album02.sql
[0m14:14:08.859815 [debug] [MainThread]: Sending event: {'category': 'dbt', 'action': 'load_project', 'label': '90ac5106-6894-45e1-8414-4f05ae08be99', 'context': [<snowplow_tracker.self_describing_json.SelfDescribingJson object at 0x000001D9C59F5C40>]}
[0m14:14:09.048075 [debug] [MainThread]: Wrote artifact WritableManifest to C:\dbt-and-databricks\06-chinook-schema\target\manifest.json
[0m14:14:09.054075 [debug] [MainThread]: Wrote artifact SemanticManifest to C:\dbt-and-databricks\06-chinook-schema\target\semantic_manifest.json
[0m14:14:09.122289 [debug] [MainThread]: Sending event: {'category': 'dbt', 'action': 'resource_counts', 'label': '90ac5106-6894-45e1-8414-4f05ae08be99', 'context': [<snowplow_tracker.self_describing_json.SelfDescribingJson object at 0x000001D9C5E6D520>]}
[0m14:14:09.123298 [info ] [MainThread]: Found 10 models, 8 snapshots, 11 seeds, 30 data tests, 1064 macros
[0m14:14:09.124295 [debug] [MainThread]: Sending event: {'category': 'dbt', 'action': 'runnable_timing', 'label': '90ac5106-6894-45e1-8414-4f05ae08be99', 'context': [<snowplow_tracker.self_describing_json.SelfDescribingJson object at 0x000001D9C583F080>]}
[0m14:14:09.127527 [info ] [MainThread]: 
[0m14:14:09.128549 [info ] [MainThread]: Concurrency: 1 threads (target='dev')
[0m14:14:09.129536 [info ] [MainThread]: 
[0m14:14:09.131057 [debug] [MainThread]: Databricks adapter: DatabricksDBTConnection(session-id=None, name=master) - Creating connection
[0m14:14:09.132067 [debug] [MainThread]: Acquiring new databricks connection 'master'
[0m14:14:09.134067 [debug] [ThreadPool]: Databricks adapter: DatabricksDBTConnection(session-id=None, name=list_uc_sql_server_central) - Creating connection
[0m14:14:09.134067 [debug] [ThreadPool]: Acquiring new databricks connection 'list_uc_sql_server_central'
[0m14:14:09.159235 [debug] [ThreadPool]: Using databricks connection "list_uc_sql_server_central"
[0m14:14:09.159235 [debug] [ThreadPool]: On list_uc_sql_server_central: /* {"app": "dbt", "dbt_version": "1.11.2", "dbt_databricks_version": "1.12.4", "databricks_sql_connector_version": "4.1.3", "profile_name": "chinook", "target_name": "dev", "invocation_id": "90ac5106-6894-45e1-8414-4f05ae08be99", "connection_name": "list_uc_sql_server_central"} */

    

  SHOW SCHEMAS IN `uc_sql_server_central`


  
[0m14:14:09.160238 [debug] [ThreadPool]: Opening a new connection, currently in state init
[0m14:14:09.865233 [debug] [ThreadPool]: Databricks adapter: Connection(session-id=01f1a0b0-c458-120d-b6ff-9d9fc4b4f0fa) - Created
[0m14:14:10.234818 [debug] [ThreadPool]: SQL status: OK in 1.080 seconds
[0m14:14:10.252357 [debug] [ThreadPool]: Databricks adapter: Cursor(session-id=01f1a0b0-c458-120d-b6ff-9d9fc4b4f0fa, command-id=01f1a0b0-c465-165a-aa39-e627f2a46560) - Closing
[0m14:14:10.254356 [debug] [ThreadPool]: On list_uc_sql_server_central: Close
[0m14:14:10.255870 [debug] [ThreadPool]: Databricks adapter: Connection(session-id=01f1a0b0-c458-120d-b6ff-9d9fc4b4f0fa) - Closing
[0m14:14:10.381357 [debug] [ThreadPool]: Databricks adapter: DatabricksDBTConnection(session-id=None, name=list_uc_sql_server_central_data_stage) - Creating connection
[0m14:14:10.382357 [debug] [ThreadPool]: Acquiring new databricks connection 'list_uc_sql_server_central_data_stage'
[0m14:14:10.389555 [debug] [ThreadPool]: Using databricks connection "list_uc_sql_server_central_data_stage"
[0m14:14:10.391554 [debug] [ThreadPool]: On list_uc_sql_server_central_data_stage: /* {"app": "dbt", "dbt_version": "1.11.2", "dbt_databricks_version": "1.12.4", "databricks_sql_connector_version": "4.1.3", "profile_name": "chinook", "target_name": "dev", "invocation_id": "90ac5106-6894-45e1-8414-4f05ae08be99", "connection_name": "list_uc_sql_server_central_data_stage"} */

    
SELECT
  table_name,
  if(table_type IN ('EXTERNAL', 'MANAGED', 'MANAGED_SHALLOW_CLONE', 'EXTERNAL_SHALLOW_CLONE'), 'table', lower(table_type)) AS table_type,
  lower(data_source_format) AS file_format,
  table_owner,
  if(
    table_type IN (
      'EXTERNAL',
      'MANAGED',
      'MANAGED_SHALLOW_CLONE',
      'EXTERNAL_SHALLOW_CLONE'
    ),
    lower(table_type),
    NULL
  ) AS databricks_table_type
FROM `system`.`information_schema`.`tables`
WHERE table_catalog = 'uc_sql_server_central'
  AND table_schema = 'data_stage'

  
[0m14:14:10.393549 [debug] [ThreadPool]: Opening a new connection, currently in state init
[0m14:14:10.800706 [debug] [ThreadPool]: Databricks adapter: Connection(session-id=01f1a0b0-c4e5-1931-8488-dbf706e725be) - Created
[0m14:14:11.288628 [debug] [ThreadPool]: SQL status: OK in 0.900 seconds
[0m14:14:11.291633 [debug] [ThreadPool]: Databricks adapter: Cursor(session-id=01f1a0b0-c4e5-1931-8488-dbf706e725be, command-id=01f1a0b0-c4f3-1a6b-b8c7-efe2d8424847) - Closing
[0m14:14:11.292633 [debug] [ThreadPool]: On list_uc_sql_server_central_data_stage: Close
[0m14:14:11.292633 [debug] [ThreadPool]: Databricks adapter: Connection(session-id=01f1a0b0-c4e5-1931-8488-dbf706e725be) - Closing
[0m14:14:11.394125 [debug] [ThreadPool]: Databricks adapter: DatabricksDBTConnection(session-id=None, name=list_uc_sql_server_central_data_mart) - Creating connection
[0m14:14:11.401661 [debug] [ThreadPool]: Acquiring new databricks connection 'list_uc_sql_server_central_data_mart'
[0m14:14:11.414415 [debug] [ThreadPool]: Using databricks connection "list_uc_sql_server_central_data_mart"
[0m14:14:11.415925 [debug] [ThreadPool]: On list_uc_sql_server_central_data_mart: /* {"app": "dbt", "dbt_version": "1.11.2", "dbt_databricks_version": "1.12.4", "databricks_sql_connector_version": "4.1.3", "profile_name": "chinook", "target_name": "dev", "invocation_id": "90ac5106-6894-45e1-8414-4f05ae08be99", "connection_name": "list_uc_sql_server_central_data_mart"} */

    
SELECT
  table_name,
  if(table_type IN ('EXTERNAL', 'MANAGED', 'MANAGED_SHALLOW_CLONE', 'EXTERNAL_SHALLOW_CLONE'), 'table', lower(table_type)) AS table_type,
  lower(data_source_format) AS file_format,
  table_owner,
  if(
    table_type IN (
      'EXTERNAL',
      'MANAGED',
      'MANAGED_SHALLOW_CLONE',
      'EXTERNAL_SHALLOW_CLONE'
    ),
    lower(table_type),
    NULL
  ) AS databricks_table_type
FROM `system`.`information_schema`.`tables`
WHERE table_catalog = 'uc_sql_server_central'
  AND table_schema = 'data_mart'

  
[0m14:14:11.418516 [debug] [ThreadPool]: Opening a new connection, currently in state init
[0m14:14:11.873626 [debug] [ThreadPool]: Databricks adapter: Connection(session-id=01f1a0b0-c585-1d89-81bf-7b4c03e08599) - Created
[0m14:14:12.277224 [debug] [ThreadPool]: SQL status: OK in 0.860 seconds
[0m14:14:12.290445 [debug] [ThreadPool]: Databricks adapter: Cursor(session-id=01f1a0b0-c585-1d89-81bf-7b4c03e08599, command-id=01f1a0b0-c598-103e-966f-fdb25c82ae1f) - Closing
[0m14:14:12.292436 [debug] [ThreadPool]: On list_uc_sql_server_central_data_mart: Close
[0m14:14:12.293429 [debug] [ThreadPool]: Databricks adapter: Connection(session-id=01f1a0b0-c585-1d89-81bf-7b4c03e08599) - Closing
[0m14:14:12.404205 [debug] [ThreadPool]: Databricks adapter: DatabricksDBTConnection(session-id=None, name=list_uc_sql_server_central_data_snapshot) - Creating connection
[0m14:14:12.413347 [debug] [ThreadPool]: Acquiring new databricks connection 'list_uc_sql_server_central_data_snapshot'
[0m14:14:12.428220 [debug] [ThreadPool]: Using databricks connection "list_uc_sql_server_central_data_snapshot"
[0m14:14:12.430235 [debug] [ThreadPool]: On list_uc_sql_server_central_data_snapshot: /* {"app": "dbt", "dbt_version": "1.11.2", "dbt_databricks_version": "1.12.4", "databricks_sql_connector_version": "4.1.3", "profile_name": "chinook", "target_name": "dev", "invocation_id": "90ac5106-6894-45e1-8414-4f05ae08be99", "connection_name": "list_uc_sql_server_central_data_snapshot"} */

    
SELECT
  table_name,
  if(table_type IN ('EXTERNAL', 'MANAGED', 'MANAGED_SHALLOW_CLONE', 'EXTERNAL_SHALLOW_CLONE'), 'table', lower(table_type)) AS table_type,
  lower(data_source_format) AS file_format,
  table_owner,
  if(
    table_type IN (
      'EXTERNAL',
      'MANAGED',
      'MANAGED_SHALLOW_CLONE',
      'EXTERNAL_SHALLOW_CLONE'
    ),
    lower(table_type),
    NULL
  ) AS databricks_table_type
FROM `system`.`information_schema`.`tables`
WHERE table_catalog = 'uc_sql_server_central'
  AND table_schema = 'data_snapshot'

  
[0m14:14:12.432235 [debug] [ThreadPool]: Opening a new connection, currently in state init
[0m14:14:12.857810 [debug] [ThreadPool]: Databricks adapter: Connection(session-id=01f1a0b0-c620-14a4-8f27-0e638daafb1f) - Created
[0m14:14:13.284130 [debug] [ThreadPool]: SQL status: OK in 0.850 seconds
[0m14:14:13.292756 [debug] [ThreadPool]: Databricks adapter: Cursor(session-id=01f1a0b0-c620-14a4-8f27-0e638daafb1f, command-id=01f1a0b0-c62e-1009-9fc3-36121e7d3c40) - Closing
[0m14:14:13.294766 [debug] [ThreadPool]: On list_uc_sql_server_central_data_snapshot: Close
[0m14:14:13.297396 [debug] [ThreadPool]: Databricks adapter: Connection(session-id=01f1a0b0-c620-14a4-8f27-0e638daafb1f) - Closing
[0m14:14:13.397337 [debug] [ThreadPool]: Databricks adapter: DatabricksDBTConnection(session-id=None, name=list_uc_sql_server_central_data_raw) - Creating connection
[0m14:14:13.404012 [debug] [ThreadPool]: Acquiring new databricks connection 'list_uc_sql_server_central_data_raw'
[0m14:14:13.428998 [debug] [ThreadPool]: Using databricks connection "list_uc_sql_server_central_data_raw"
[0m14:14:13.431961 [debug] [ThreadPool]: On list_uc_sql_server_central_data_raw: /* {"app": "dbt", "dbt_version": "1.11.2", "dbt_databricks_version": "1.12.4", "databricks_sql_connector_version": "4.1.3", "profile_name": "chinook", "target_name": "dev", "invocation_id": "90ac5106-6894-45e1-8414-4f05ae08be99", "connection_name": "list_uc_sql_server_central_data_raw"} */

    
SELECT
  table_name,
  if(table_type IN ('EXTERNAL', 'MANAGED', 'MANAGED_SHALLOW_CLONE', 'EXTERNAL_SHALLOW_CLONE'), 'table', lower(table_type)) AS table_type,
  lower(data_source_format) AS file_format,
  table_owner,
  if(
    table_type IN (
      'EXTERNAL',
      'MANAGED',
      'MANAGED_SHALLOW_CLONE',
      'EXTERNAL_SHALLOW_CLONE'
    ),
    lower(table_type),
    NULL
  ) AS databricks_table_type
FROM `system`.`information_schema`.`tables`
WHERE table_catalog = 'uc_sql_server_central'
  AND table_schema = 'data_raw'

  
[0m14:14:13.434530 [debug] [ThreadPool]: Opening a new connection, currently in state init
[0m14:14:14.196217 [debug] [ThreadPool]: Databricks adapter: Connection(session-id=01f1a0b0-c6eb-12f0-ab33-03bb9cffc5e6) - Created
[0m14:14:14.621201 [debug] [ThreadPool]: SQL status: OK in 1.190 seconds
[0m14:14:14.626303 [debug] [ThreadPool]: Databricks adapter: Cursor(session-id=01f1a0b0-c6eb-12f0-ab33-03bb9cffc5e6, command-id=01f1a0b0-c6fa-1c09-b880-27140607fd65) - Closing
[0m14:14:14.626853 [debug] [ThreadPool]: On list_uc_sql_server_central_data_raw: Close
[0m14:14:14.628643 [debug] [ThreadPool]: Databricks adapter: Connection(session-id=01f1a0b0-c6eb-12f0-ab33-03bb9cffc5e6) - Closing
[0m14:14:14.736073 [debug] [MainThread]: Sending event: {'category': 'dbt', 'action': 'runnable_timing', 'label': '90ac5106-6894-45e1-8414-4f05ae08be99', 'context': [<snowplow_tracker.self_describing_json.SelfDescribingJson object at 0x000001D9C1A3B230>]}
[0m14:14:14.743866 [debug] [Thread-6 (]: Began running node snapshot.chinook.Album02
[0m14:14:14.744879 [info ] [Thread-6 (]: 1 of 1 START snapshot data_snapshot.album02 .................................... [RUN]
[0m14:14:14.745860 [debug] [Thread-6 (]: Databricks adapter: DatabricksDBTConnection(session-id=None, name=snapshot.chinook.Album02) - Creating connection
[0m14:14:14.746400 [debug] [Thread-6 (]: Acquiring new databricks connection 'snapshot.chinook.Album02'
[0m14:14:14.746400 [debug] [Thread-6 (]: Began compiling node snapshot.chinook.Album02
[0m14:14:14.771336 [debug] [Thread-6 (]: Began executing node snapshot.chinook.Album02
[0m14:14:14.874446 [debug] [Thread-6 (]: Using databricks connection "snapshot.chinook.Album02"
[0m14:14:14.874446 [debug] [Thread-6 (]: On snapshot.chinook.Album02: /* {"app": "dbt", "dbt_version": "1.11.2", "dbt_databricks_version": "1.12.4", "databricks_sql_connector_version": "4.1.3", "profile_name": "chinook", "target_name": "dev", "invocation_id": "90ac5106-6894-45e1-8414-4f05ae08be99", "node_id": "snapshot.chinook.Album02"} */
select * from (
        select "Title", "ArtistId" from (
                



select * from `uc_sql_server_central`.`data_raw`.`album01`

            ) subq
    ) as __dbt_sbq
    where false
    limit 0

    
[0m14:14:14.875953 [debug] [Thread-6 (]: Opening a new connection, currently in state init
[0m14:14:15.235911 [debug] [Thread-6 (]: Databricks adapter: Connection(session-id=01f1a0b0-c78b-133a-af9d-d247797f2683) - Created
[0m14:14:15.501842 [debug] [Thread-6 (]: SQL status: OK in 0.630 seconds
[0m14:14:15.510348 [debug] [Thread-6 (]: Databricks adapter: Cursor(session-id=01f1a0b0-c78b-133a-af9d-d247797f2683, command-id=01f1a0b0-c79a-1c73-bb1d-53cf087112ef) - Closing
[0m14:14:15.527058 [debug] [Thread-6 (]: Using databricks connection "snapshot.chinook.Album02"
[0m14:14:15.528102 [debug] [Thread-6 (]: On snapshot.chinook.Album02: /* {"app": "dbt", "dbt_version": "1.11.2", "dbt_databricks_version": "1.12.4", "databricks_sql_connector_version": "4.1.3", "profile_name": "chinook", "target_name": "dev", "invocation_id": "90ac5106-6894-45e1-8414-4f05ae08be99", "node_id": "snapshot.chinook.Album02"} */

    
  DESCRIBE TABLE EXTENDED `uc_sql_server_central`.`data_snapshot`.`album02` AS JSON

  
[0m14:14:15.876258 [debug] [Thread-6 (]: SQL status: OK in 0.350 seconds
[0m14:14:15.881362 [debug] [Thread-6 (]: Databricks adapter: Cursor(session-id=01f1a0b0-c78b-133a-af9d-d247797f2683, command-id=01f1a0b0-c7c5-182f-903d-d9f0def7cab3) - Closing
[0m14:14:15.893818 [debug] [Thread-6 (]: Using databricks connection "snapshot.chinook.Album02"
[0m14:14:15.894803 [debug] [Thread-6 (]: On snapshot.chinook.Album02: /* {"app": "dbt", "dbt_version": "1.11.2", "dbt_databricks_version": "1.12.4", "databricks_sql_connector_version": "4.1.3", "profile_name": "chinook", "target_name": "dev", "invocation_id": "90ac5106-6894-45e1-8414-4f05ae08be99", "node_id": "snapshot.chinook.Album02"} */

    
  DESCRIBE TABLE EXTENDED `uc_sql_server_central`.`data_snapshot`.`album02` AS JSON

  
[0m14:14:16.196730 [debug] [Thread-6 (]: SQL status: OK in 0.300 seconds
[0m14:14:16.198733 [debug] [Thread-6 (]: Databricks adapter: Cursor(session-id=01f1a0b0-c78b-133a-af9d-d247797f2683, command-id=01f1a0b0-c7fe-18a7-9d27-4d100414eec6) - Closing
[0m14:14:16.285812 [debug] [Thread-6 (]: Using databricks connection "snapshot.chinook.Album02"
[0m14:14:16.288450 [debug] [Thread-6 (]: On snapshot.chinook.Album02: /* {"app": "dbt", "dbt_version": "1.11.2", "dbt_databricks_version": "1.12.4", "databricks_sql_connector_version": "4.1.3", "profile_name": "chinook", "target_name": "dev", "invocation_id": "90ac5106-6894-45e1-8414-4f05ae08be99", "node_id": "snapshot.chinook.Album02"} */

        
  
    create or replace temporary view `album02__dbt_tmp` as
      
    
    with snapshot_query as (

        select * from `uc_sql_server_central`.`data_raw`.`album01`

    ),

    snapshotted_data as (

        select *, 
    
        "AlbumId" as dbt_unique_key
    

        from `uc_sql_server_central`.`data_snapshot`.`album02`
        where
            
                dbt_valid_to is null
            

    ),

    insertions_source_data as (

        select *, 
    
        "AlbumId" as dbt_unique_key
    
,
            
    current_timestamp()
 as dbt_updated_at,
            
    current_timestamp()
 as dbt_valid_from,
            
  
  coalesce(nullif(
    current_timestamp()
, 
    current_timestamp()
), null)
  as dbt_valid_to
,
            md5(coalesce(cast("AlbumId" as string ), '')
         || '|' || coalesce(cast(
    current_timestamp()
 as string ), '')
        ) as dbt_scd_id

        from snapshot_query
    ),

    updates_source_data as (

        select *, 
    
        "AlbumId" as dbt_unique_key
    
,
            
    current_timestamp()
 as dbt_updated_at,
            
    current_timestamp()
 as dbt_valid_from,
            
    current_timestamp()
 as dbt_valid_to

        from snapshot_query
    ),

    insertions as (

        select
            'insert' as dbt_change_type,
            source_data.*

        from insertions_source_data as source_data
        left outer join snapshotted_data
            on 
    
        snapshotted_data.dbt_unique_key = source_data.dbt_unique_key
    

            where 
    
        snapshotted_data.dbt_unique_key is null
    

            or (
    
        snapshotted_data.dbt_unique_key is not null
    
 and (
                (snapshotted_data.`Title` != source_data.`Title`
        or
        (
            ((snapshotted_data.`Title` is null) and not (source_data.`Title` is null))
            or
            ((not snapshotted_data.`Title` is null) and (source_data.`Title` is null))
        ) or snapshotted_data.`ArtistId` != source_data.`ArtistId`
        or
        (
            ((snapshotted_data.`ArtistId` is null) and not (source_data.`ArtistId` is null))
            or
            ((not snapshotted_data.`ArtistId` is null) and (source_data.`ArtistId` is null))
        ))
            )

        )

    ),

    updates as (

        select
            'update' as dbt_change_type,
            source_data.*,
            snapshotted_data.dbt_scd_id

        from updates_source_data as source_data
        join snapshotted_data
            on 
    
        snapshotted_data.dbt_unique_key = source_data.dbt_unique_key
    

        where (
            (snapshotted_data.`Title` != source_data.`Title`
        or
        (
            ((snapshotted_data.`Title` is null) and not (source_data.`Title` is null))
            or
            ((not snapshotted_data.`Title` is null) and (source_data.`Title` is null))
        ) or snapshotted_data.`ArtistId` != source_data.`ArtistId`
        or
        (
            ((snapshotted_data.`ArtistId` is null) and not (source_data.`ArtistId` is null))
            or
            ((not snapshotted_data.`ArtistId` is null) and (source_data.`ArtistId` is null))
        ))
        )
    )

    select * from insertions
    union all
    select * from updates

  
    
[0m14:14:16.592286 [debug] [Thread-6 (]: SQL status: OK in 0.300 seconds
[0m14:14:16.597579 [debug] [Thread-6 (]: Databricks adapter: Cursor(session-id=01f1a0b0-c78b-133a-af9d-d247797f2683, command-id=01f1a0b0-c838-1d62-adf6-be9e71f6c5d6) - Closing
[0m14:14:16.618541 [debug] [Thread-6 (]: Using databricks connection "snapshot.chinook.Album02"
[0m14:14:16.622120 [debug] [Thread-6 (]: On snapshot.chinook.Album02: /* {"app": "dbt", "dbt_version": "1.11.2", "dbt_databricks_version": "1.12.4", "databricks_sql_connector_version": "4.1.3", "profile_name": "chinook", "target_name": "dev", "invocation_id": "90ac5106-6894-45e1-8414-4f05ae08be99", "node_id": "snapshot.chinook.Album02"} */

    
  DESCRIBE TABLE EXTENDED `album02__dbt_tmp` AS JSON

  
[0m14:14:16.800560 [debug] [Thread-6 (]: SQL status: OK in 0.180 seconds
[0m14:14:16.804556 [debug] [Thread-6 (]: Databricks adapter: Cursor(session-id=01f1a0b0-c78b-133a-af9d-d247797f2683, command-id=01f1a0b0-c86d-1077-98a7-435bb5197daa) - Closing
[0m14:14:16.811106 [debug] [Thread-6 (]: Using databricks connection "snapshot.chinook.Album02"
[0m14:14:16.813112 [debug] [Thread-6 (]: On snapshot.chinook.Album02: /* {"app": "dbt", "dbt_version": "1.11.2", "dbt_databricks_version": "1.12.4", "databricks_sql_connector_version": "4.1.3", "profile_name": "chinook", "target_name": "dev", "invocation_id": "90ac5106-6894-45e1-8414-4f05ae08be99", "node_id": "snapshot.chinook.Album02"} */

    
  DESCRIBE TABLE EXTENDED `uc_sql_server_central`.`data_snapshot`.`album02` AS JSON

  
[0m14:14:17.128342 [debug] [Thread-6 (]: SQL status: OK in 0.310 seconds
[0m14:14:17.138283 [debug] [Thread-6 (]: Databricks adapter: Cursor(session-id=01f1a0b0-c78b-133a-af9d-d247797f2683, command-id=01f1a0b0-c889-116c-970e-f3ebf93550db) - Closing
[0m14:14:17.153537 [debug] [Thread-6 (]: Using databricks connection "snapshot.chinook.Album02"
[0m14:14:17.156055 [debug] [Thread-6 (]: On snapshot.chinook.Album02: /* {"app": "dbt", "dbt_version": "1.11.2", "dbt_databricks_version": "1.12.4", "databricks_sql_connector_version": "4.1.3", "profile_name": "chinook", "target_name": "dev", "invocation_id": "90ac5106-6894-45e1-8414-4f05ae08be99", "node_id": "snapshot.chinook.Album02"} */

    
  DESCRIBE TABLE EXTENDED `album02__dbt_tmp` AS JSON

  
[0m14:14:17.342825 [debug] [Thread-6 (]: SQL status: OK in 0.180 seconds
[0m14:14:17.348463 [debug] [Thread-6 (]: Databricks adapter: Cursor(session-id=01f1a0b0-c78b-133a-af9d-d247797f2683, command-id=01f1a0b0-c8be-1b87-89fd-b1228241c70c) - Closing
[0m14:14:17.366562 [debug] [Thread-6 (]: Using databricks connection "snapshot.chinook.Album02"
[0m14:14:17.370120 [debug] [Thread-6 (]: On snapshot.chinook.Album02: /* {"app": "dbt", "dbt_version": "1.11.2", "dbt_databricks_version": "1.12.4", "databricks_sql_connector_version": "4.1.3", "profile_name": "chinook", "target_name": "dev", "invocation_id": "90ac5106-6894-45e1-8414-4f05ae08be99", "node_id": "snapshot.chinook.Album02"} */

    
  DESCRIBE TABLE EXTENDED `uc_sql_server_central`.`data_snapshot`.`album02` AS JSON

  
[0m14:14:17.671785 [debug] [Thread-6 (]: SQL status: OK in 0.300 seconds
[0m14:14:17.678371 [debug] [Thread-6 (]: Databricks adapter: Cursor(session-id=01f1a0b0-c78b-133a-af9d-d247797f2683, command-id=01f1a0b0-c8de-1172-b691-fc87442a9f1e) - Closing
[0m14:14:17.710517 [debug] [Thread-6 (]: Using databricks connection "snapshot.chinook.Album02"
[0m14:14:17.713521 [debug] [Thread-6 (]: On snapshot.chinook.Album02: /* {"app": "dbt", "dbt_version": "1.11.2", "dbt_databricks_version": "1.12.4", "databricks_sql_connector_version": "4.1.3", "profile_name": "chinook", "target_name": "dev", "invocation_id": "90ac5106-6894-45e1-8414-4f05ae08be99", "node_id": "snapshot.chinook.Album02"} */

    
  DESCRIBE TABLE EXTENDED `album02__dbt_tmp` AS JSON

  
[0m14:14:17.888090 [debug] [Thread-6 (]: SQL status: OK in 0.170 seconds
[0m14:14:17.897292 [debug] [Thread-6 (]: Databricks adapter: Cursor(session-id=01f1a0b0-c78b-133a-af9d-d247797f2683, command-id=01f1a0b0-c911-1d95-983f-8dc6cfbe845f) - Closing
[0m14:14:17.988492 [debug] [Thread-6 (]: Using databricks connection "snapshot.chinook.Album02"
[0m14:14:17.990736 [debug] [Thread-6 (]: On snapshot.chinook.Album02: /* {"app": "dbt", "dbt_version": "1.11.2", "dbt_databricks_version": "1.12.4", "databricks_sql_connector_version": "4.1.3", "profile_name": "chinook", "target_name": "dev", "invocation_id": "90ac5106-6894-45e1-8414-4f05ae08be99", "node_id": "snapshot.chinook.Album02"} */
select * from (
        
    
    with snapshot_query as (

        select * from `uc_sql_server_central`.`data_raw`.`album01`

    ),

    snapshotted_data as (

        select *, 
    
        "AlbumId" as dbt_unique_key
    

        from `uc_sql_server_central`.`data_snapshot`.`album02`
        where
            
                dbt_valid_to is null
            

    ),

    insertions_source_data as (

        select *, 
    
        "AlbumId" as dbt_unique_key
    
,
            
    current_timestamp()
 as dbt_updated_at,
            
    current_timestamp()
 as dbt_valid_from,
            
  
  coalesce(nullif(
    current_timestamp()
, 
    current_timestamp()
), null)
  as dbt_valid_to
,
            md5(coalesce(cast("AlbumId" as string ), '')
         || '|' || coalesce(cast(
    current_timestamp()
 as string ), '')
        ) as dbt_scd_id

        from snapshot_query
    ),

    updates_source_data as (

        select *, 
    
        "AlbumId" as dbt_unique_key
    
,
            
    current_timestamp()
 as dbt_updated_at,
            
    current_timestamp()
 as dbt_valid_from,
            
    current_timestamp()
 as dbt_valid_to

        from snapshot_query
    ),

    insertions as (

        select
            'insert' as dbt_change_type,
            source_data.*

        from insertions_source_data as source_data
        left outer join snapshotted_data
            on 
    
        snapshotted_data.dbt_unique_key = source_data.dbt_unique_key
    

            where 
    
        snapshotted_data.dbt_unique_key is null
    

            or (
    
        snapshotted_data.dbt_unique_key is not null
    
 and (
                (snapshotted_data.`Title` != source_data.`Title`
        or
        (
            ((snapshotted_data.`Title` is null) and not (source_data.`Title` is null))
            or
            ((not snapshotted_data.`Title` is null) and (source_data.`Title` is null))
        ) or snapshotted_data.`ArtistId` != source_data.`ArtistId`
        or
        (
            ((snapshotted_data.`ArtistId` is null) and not (source_data.`ArtistId` is null))
            or
            ((not snapshotted_data.`ArtistId` is null) and (source_data.`ArtistId` is null))
        ))
            )

        )

    ),

    updates as (

        select
            'update' as dbt_change_type,
            source_data.*,
            snapshotted_data.dbt_scd_id

        from updates_source_data as source_data
        join snapshotted_data
            on 
    
        snapshotted_data.dbt_unique_key = source_data.dbt_unique_key
    

        where (
            (snapshotted_data.`Title` != source_data.`Title`
        or
        (
            ((snapshotted_data.`Title` is null) and not (source_data.`Title` is null))
            or
            ((not snapshotted_data.`Title` is null) and (source_data.`Title` is null))
        ) or snapshotted_data.`ArtistId` != source_data.`ArtistId`
        or
        (
            ((snapshotted_data.`ArtistId` is null) and not (source_data.`ArtistId` is null))
            or
            ((not snapshotted_data.`ArtistId` is null) and (source_data.`ArtistId` is null))
        ))
        )
    )

    select * from insertions
    union all
    select * from updates

    ) as __dbt_sbq
    where false
    limit 0

[0m14:14:18.288731 [debug] [Thread-6 (]: SQL status: OK in 0.300 seconds
[0m14:14:18.298309 [debug] [Thread-6 (]: Using databricks connection "snapshot.chinook.Album02"
[0m14:14:18.299348 [debug] [Thread-6 (]: On snapshot.chinook.Album02: /* {"app": "dbt", "dbt_version": "1.11.2", "dbt_databricks_version": "1.12.4", "databricks_sql_connector_version": "4.1.3", "profile_name": "chinook", "target_name": "dev", "invocation_id": "90ac5106-6894-45e1-8414-4f05ae08be99", "node_id": "snapshot.chinook.Album02"} */
select * from (
        select 
    current_timestamp()
 as dbt_snapshot_time
    ) as __dbt_sbq
    where false
    limit 0

[0m14:14:18.300351 [debug] [Thread-6 (]: Databricks adapter: Cursor(session-id=01f1a0b0-c78b-133a-af9d-d247797f2683, command-id=01f1a0b0-c93c-17f7-81a4-2ce73b4e2d92) - Closing
[0m14:14:18.442545 [debug] [Thread-6 (]: SQL status: OK in 0.140 seconds
[0m14:14:18.443556 [debug] [Thread-6 (]: Writing runtime sql for node "snapshot.chinook.Album02"
[0m14:14:18.456007 [debug] [Thread-6 (]: Using databricks connection "snapshot.chinook.Album02"
[0m14:14:18.456007 [debug] [Thread-6 (]: On snapshot.chinook.Album02: /* {"app": "dbt", "dbt_version": "1.11.2", "dbt_databricks_version": "1.12.4", "databricks_sql_connector_version": "4.1.3", "profile_name": "chinook", "target_name": "dev", "invocation_id": "90ac5106-6894-45e1-8414-4f05ae08be99", "node_id": "snapshot.chinook.Album02"} */

      merge into `uc_sql_server_central`.`data_snapshot`.`album02` as DBT_INTERNAL_DEST
        using `album02__dbt_tmp` as DBT_INTERNAL_SOURCE
    on DBT_INTERNAL_SOURCE.`dbt_scd_id` = DBT_INTERNAL_DEST.`dbt_scd_id`
    when matched
        and DBT_INTERNAL_DEST.`dbt_valid_to` is null
        and DBT_INTERNAL_SOURCE.`dbt_change_type` in ('update', 'delete')
        then update
        set `dbt_valid_to` = DBT_INTERNAL_SOURCE.`dbt_valid_to`

    when not matched
        and DBT_INTERNAL_SOURCE.`dbt_change_type` = 'insert'
        then insert (`AlbumId`, `Title`, `ArtistId`, `dbt_updated_at`, `dbt_valid_from`, `dbt_valid_to`, `dbt_scd_id`)
        values (`AlbumId`, `Title`, `ArtistId`, `dbt_updated_at`, `dbt_valid_from`, `dbt_valid_to`, `dbt_scd_id`)
    ;

  
[0m14:14:18.457556 [debug] [Thread-6 (]: Databricks adapter: Cursor(session-id=01f1a0b0-c78b-133a-af9d-d247797f2683, command-id=01f1a0b0-c96b-11ca-86ff-f6a9cc93f1db) - Closing
[0m14:14:20.370264 [debug] [Thread-6 (]: Databricks adapter: Exception while trying to execute query
/* {"app": "dbt", "dbt_version": "1.11.2", "dbt_databricks_version": "1.12.4", "databricks_sql_connector_version": "4.1.3", "profile_name": "chinook", "target_name": "dev", "invocation_id": "90ac5106-6894-45e1-8414-4f05ae08be99", "node_id": "snapshot.chinook.Album02"} */

      merge into `uc_sql_server_central`.`data_snapshot`.`album02` as DBT_INTERNAL_DEST
        using `album02__dbt_tmp` as DBT_INTERNAL_SOURCE
    on DBT_INTERNAL_SOURCE.`dbt_scd_id` = DBT_INTERNAL_DEST.`dbt_scd_id`
    when matched
        and DBT_INTERNAL_DEST.`dbt_valid_to` is null
        and DBT_INTERNAL_SOURCE.`dbt_change_type` in ('update', 'delete')
        then update
        set `dbt_valid_to` = DBT_INTERNAL_SOURCE.`dbt_valid_to`

    when not matched
        and DBT_INTERNAL_SOURCE.`dbt_change_type` = 'insert'
        then insert (`AlbumId`, `Title`, `ArtistId`, `dbt_updated_at`, `dbt_valid_from`, `dbt_valid_to`, `dbt_scd_id`)
        values (`AlbumId`, `Title`, `ArtistId`, `dbt_updated_at`, `dbt_valid_from`, `dbt_valid_to`, `dbt_scd_id`)
    ;

  
: [DELTA_MULTIPLE_SOURCE_ROW_MATCHING_TARGET_ROW_IN_MERGE] Cannot perform Merge as multiple source rows matched and attempted to modify the same
target row in the Delta table in possibly conflicting ways. By SQL semantics of Merge,
when multiple source rows match on the same target row, the result may be ambiguous
as it is unclear which source row should be used to update or delete the matching
target row. You can preprocess the source table to eliminate the possibility of
multiple matches. Please refer to
https://docs.microsoft.com/azure/databricks/delta/merge#merge-error

Error properties: diagnostic-info=org.apache.hive.service.cli.HiveSQLException: Error running query: [DELTA_MULTIPLE_SOURCE_ROW_MATCHING_TARGET_ROW_IN_MERGE] com.databricks.sql.transaction.tahoe.DeltaUnsupportedOperationException: [DELTA_MULTIPLE_SOURCE_ROW_MATCHING_TARGET_ROW_IN_MERGE] Cannot perform Merge as multiple source rows matched and attempted to modify the same
target row in the Delta table in possibly conflicting ways. By SQL semantics of Merge,
when multiple source rows match on the same target row, the result may be ambiguous
as it is unclear which source row should be used to update or delete the matching
target row. You can preprocess the source table to eliminate the possibility of
multiple matches. Please refer to
https://docs.microsoft.com/azure/databricks/delta/merge#merge-error

	at org.apache.spark.sql.hive.thriftserver.HiveThriftServerErrors$.runningQueryError(HiveThriftServerErrors.scala:58)
	at org.apache.spark.sql.hive.thriftserver.SparkExecuteStatementOperation.$anonfun$execute$1(SparkExecuteStatementOperation.scala:1232)
	at scala.runtime.java8.JFunction0$mcV$sp.apply(JFunction0$mcV$sp.scala:18)
	at com.databricks.unity.UCSEphemeralState$Handle.runWith(UCSEphemeralState.scala:51)
	at com.databricks.unity.HandleImpl.runWith(UCSHandle.scala:128)
	at org.apache.spark.sql.hive.thriftserver.SparkExecuteStatementOperation.org$apache$spark$sql$hive$thriftserver$SparkExecuteStatementOperation$$execute(SparkExecuteStatementOperation.scala:909)
	at org.apache.spark.sql.hive.thriftserver.SparkExecuteStatementOperation$$anon$2$$anon$3.$anonfun$run$6(SparkExecuteStatementOperation.scala:648)
	at scala.runtime.java8.JFunction0$mcV$sp.apply(JFunction0$mcV$sp.scala:18)
	at org.apache.spark.sql.execution.SQLExecution$.withRootExecution(SQLExecution.scala:1664)
	at org.apache.spark.sql.hive.thriftserver.SparkExecuteStatementOperation$$anon$2$$anon$3.$anonfun$run$3(SparkExecuteStatementOperation.scala:648)
	at scala.runtime.java8.JFunction0$mcV$sp.apply(JFunction0$mcV$sp.scala:18)
	at com.databricks.util.TracingSpanUtils$.withTracing(TracingSpanUtils.scala:251)
	at com.databricks.spark.util.DatabricksTracingHelper.withSpan(DatabricksSparkTracingHelper.scala:154)
	at com.databricks.spark.util.DBRTracing$.withSpan(DBRTracing.scala:87)
	at org.apache.spark.sql.hive.thriftserver.ThriftLocalProperties.$anonfun$withLocalProperties$18(ThriftLocalProperties.scala:366)
	at com.databricks.logging.AttributionContextTracing.$anonfun$withAttributionContext$1(AttributionContextTracing.scala:146)
	at com.databricks.logging.AttributionContext$.$anonfun$withValue$1(AttributionContext.scala:349)
	at scala.util.DynamicVariable.withValue(DynamicVariable.scala:59)
	at com.databricks.logging.AttributionContext$.withValue(AttributionContext.scala:345)
	at com.databricks.logging.AttributionContextTracing.withAttributionContext(AttributionContextTracing.scala:144)
	at com.databricks.logging.AttributionContextTracing.withAttributionContext$(AttributionContextTracing.scala:141)
	at com.databricks.spark.util.PublicDBLogging.withAttributionContext(DatabricksSparkUsageLogger.scala:29)
	at com.databricks.logging.AttributionContextTracing.withAttributionTags(AttributionContextTracing.scala:201)
	at com.databricks.logging.AttributionContextTracing.withAttributionTags$(AttributionContextTracing.scala:182)
	at com.databricks.spark.util.PublicDBLogging.withAttributionTags(DatabricksSparkUsageLogger.scala:29)
	at com.databricks.spark.util.PublicDBLogging.withAttributionTags0(DatabricksSparkUsageLogger.scala:108)
	at com.databricks.spark.util.DatabricksSparkUsageLogger.withAttributionTags(DatabricksSparkUsageLogger.scala:215)
	at com.databricks.spark.util.UsageLogging.$anonfun$withAttributionTags$1(UsageLogger.scala:668)
	at com.databricks.spark.util.UsageLogging$.withAttributionTags(UsageLogger.scala:780)
	at com.databricks.spark.util.UsageLogging$.withAttributionTags(UsageLogger.scala:789)
	at com.databricks.spark.util.UsageLogging.withAttributionTags(UsageLogger.scala:668)
	at com.databricks.spark.util.UsageLogging.withAttributionTags$(UsageLogger.scala:666)
	at org.apache.spark.sql.hive.thriftserver.SparkExecuteStatementOperation.withAttributionTags(SparkExecuteStatementOperation.scala:80)
	at org.apache.spark.sql.hive.thriftserver.ThriftLocalProperties.$anonfun$withLocalProperties$15(ThriftLocalProperties.scala:365)
	at com.databricks.spark.util.IdentityClaim$.withClaim(IdentityClaim.scala:48)
	at org.apache.spark.sql.hive.thriftserver.ThriftLocalProperties.withLocalProperties(ThriftLocalProperties.scala:360)
	at org.apache.spark.sql.hive.thriftserver.ThriftLocalProperties.withLocalProperties$(ThriftLocalProperties.scala:180)
	at org.apache.spark.sql.hive.thriftserver.SparkExecuteStatementOperation.withLocalProperties(SparkExecuteStatementOperation.scala:80)
	at org.apache.spark.sql.hive.thriftserver.SparkExecuteStatementOperation$$anon$2$$anon$3.$anonfun$run$2(SparkExecuteStatementOperation.scala:624)
	at scala.runtime.java8.JFunction0$mcV$sp.apply(JFunction0$mcV$sp.scala:18)
	at com.databricks.spark.util.DBRTracing$.withSpanFromParent(DBRTracing.scala:70)
	at org.apache.spark.sql.hive.thriftserver.SparkExecuteStatementOperation$$anon$2$$anon$3.run(SparkExecuteStatementOperation.scala:624)
	at org.apache.spark.sql.hive.thriftserver.SparkExecuteStatementOperation$$anon$2$$anon$3.run(SparkExecuteStatementOperation.scala:597)
	at java.base/java.security.AccessController.doPrivileged(AccessController.java:712)
	at java.base/javax.security.auth.Subject.doAs(Subject.java:439)
	at org.apache.hadoop.security.UserGroupInformation.doAs(UserGroupInformation.java:1953)
	at org.apache.spark.sql.hive.thriftserver.SparkExecuteStatementOperation$$anon$2.run(SparkExecuteStatementOperation.scala:662)
	at java.base/java.util.concurrent.Executors$RunnableAdapter.call(Executors.java:539)
	at java.base/java.util.concurrent.FutureTask.run(FutureTask.java:264)
	at java.base/java.util.concurrent.ThreadPoolExecutor.runWorker(ThreadPoolExecutor.java:1136)
	at java.base/java.util.concurrent.ThreadPoolExecutor$Worker.run(ThreadPoolExecutor.java:635)
	at java.base/java.lang.Thread.run(Thread.java:840)
Caused by: com.databricks.sql.transaction.tahoe.DeltaUnsupportedOperationException: [DELTA_MULTIPLE_SOURCE_ROW_MATCHING_TARGET_ROW_IN_MERGE] Cannot perform Merge as multiple source rows matched and attempted to modify the same
target row in the Delta table in possibly conflicting ways. By SQL semantics of Merge,
when multiple source rows match on the same target row, the result may be ambiguous
as it is unclear which source row should be used to update or delete the matching
target row. You can preprocess the source table to eliminate the possibility of
multiple matches. Please refer to
https://docs.microsoft.com/azure/databricks/delta/merge#merge-error

	at com.databricks.sql.transaction.tahoe.DeltaErrorsEdge.multipleSourceRowMatchingTargetRowInMergeException(DeltaErrorsEdge.scala:1396)
	at com.databricks.sql.transaction.tahoe.DeltaErrorsEdge.multipleSourceRowMatchingTargetRowInMergeException$(DeltaErrorsEdge.scala:1391)
	at com.databricks.sql.transaction.tahoe.DeltaErrors$.multipleSourceRowMatchingTargetRowInMergeException(DeltaErrors.scala:4508)
	at com.databricks.sql.transaction.tahoe.commands.MergeIntoCommandBase.throwErrorOnMultipleMatches(MergeIntoCommandBase.scala:318)
	at com.databricks.sql.transaction.tahoe.commands.MergeIntoCommandBase.throwErrorOnMultipleMatches$(MergeIntoCommandBase.scala:313)
	at com.databricks.sql.transaction.tahoe.commands.MergeIntoWithDeltaDMLCommandEdge.throwErrorOnMultipleMatches(MergeIntoCommandEdge.scala:72)
	at com.databricks.sql.transaction.tahoe.commands.merge.LowShuffleMergeExecutor.$anonfun$findTouchedFilesForLowShuffleMerge$1(LowShuffleMergeExecutor.scala:695)
	at com.databricks.sql.transaction.tahoe.commands.MergeIntoCommandBase.$anonfun$recordMergeOperation$6(MergeIntoCommandBase.scala:461)
	at com.databricks.sql.util.ThreadLocalTagger.withTag(QueryTagger.scala:63)
	at com.databricks.sql.util.ThreadLocalTagger.withTag$(QueryTagger.scala:60)
	at com.databricks.sql.util.QueryTagger$.withTag(QueryTagger.scala:292)
	at com.databricks.sql.transaction.tahoe.commands.MergeIntoCommandBase.executeThunk$1(MergeIntoCommandBase.scala:460)
	at com.databricks.sql.transaction.tahoe.commands.MergeIntoCommandBase.$anonfun$recordMergeOperation$8(MergeIntoCommandBase.scala:484)
	at com.databricks.backend.daemon.driver.ProgressReporter$.withStatusCode(ProgressReporter.scala:452)
	at com.databricks.spark.util.SparkDatabricksProgressReporter$.withStatusCode(ProgressReporter.scala:34)
	at com.databricks.sql.transaction.tahoe.util.DeltaProgressReporterEdge.withStatusCode(DeltaProgressReporterEdge.scala:30)
	at com.databricks.sql.transaction.tahoe.util.DeltaProgressReporterEdge.withStatusCode$(DeltaProgressReporterEdge.scala:25)
	at com.databricks.sql.transaction.tahoe.commands.DeltaDMLCommandEdge.withStatusCode(DeltaDMLCommandEdge.scala:64)
	at com.databricks.sql.transaction.tahoe.commands.MergeIntoCommandBase.$anonfun$recordMergeOperation$7(MergeIntoCommandBase.scala:484)
	at com.databricks.sql.transaction.tahoe.metering.DeltaLogging.withOperationTypeTag(DeltaLogging.scala:854)
	at com.databricks.sql.transaction.tahoe.metering.DeltaLogging.withOperationTypeTag$(DeltaLogging.scala:841)
	at com.databricks.sql.transaction.tahoe.commands.DeltaDMLCommandEdge.withOperationTypeTag(DeltaDMLCommandEdge.scala:64)
	at com.databricks.sql.transaction.tahoe.metering.DeltaLogging.$anonfun$recordDeltaOperationInternal$2(DeltaLogging.scala:527)
	at com.databricks.spark.util.FrameProfiler$.$anonfun$record$1(FrameProfiler.scala:114)
	at com.databricks.spark.util.FrameProfilerExporter$.maybeExportFrameProfiler(FrameProfilerExporter.scala:146)
	at com.databricks.spark.util.FrameProfiler$.record(FrameProfiler.scala:105)
	at com.databricks.sql.transaction.tahoe.metering.DeltaLogging.recordFrameProfileWithCallSite(DeltaLogging.scala:969)
	at com.databricks.sql.transaction.tahoe.metering.DeltaLogging.recordFrameProfileWithCallSite$(DeltaLogging.scala:966)
	at com.databricks.sql.transaction.tahoe.commands.DeltaDMLCommandEdge.recordFrameProfileWithCallSite(DeltaDMLCommandEdge.scala:64)
	at com.databricks.sql.transaction.tahoe.metering.DeltaLogging.$anonfun$recordDeltaOperationInternal$1(DeltaLogging.scala:526)
	at com.databricks.logging.UsageLogging.$anonfun$recordOperation$1(UsageLogging.scala:531)
	at com.databricks.logging.UsageLogging.executeThunkAndCaptureResultTags$1(UsageLogging.scala:669)
	at com.databricks.logging.UsageLogging.$anonfun$recordOperationWithResultTags$6(UsageLogging.scala:696)
	at com.databricks.logging.AttributionContextTracing.$anonfun$withAttributionContext$1(AttributionContextTracing.scala:146)
	at com.databricks.logging.AttributionContext$.$anonfun$withValue$1(AttributionContext.scala:349)
	at scala.util.DynamicVariable.withValue(DynamicVariable.scala:59)
	at com.databricks.logging.AttributionContext$.withValue(AttributionContext.scala:345)
	at com.databricks.logging.AttributionContextTracing.withAttributionContext(AttributionContextTracing.scala:144)
	at com.databricks.logging.AttributionContextTracing.withAttributionContext$(AttributionContextTracing.scala:141)
	at com.databricks.spark.util.PublicDBLogging.withAttributionContext(DatabricksSparkUsageLogger.scala:29)
	at com.databricks.logging.AttributionContextTracing.withAttributionTags(AttributionContextTracing.scala:201)
	at com.databricks.logging.AttributionContextTracing.withAttributionTags$(AttributionContextTracing.scala:182)
	at com.databricks.spark.util.PublicDBLogging.withAttributionTags(DatabricksSparkUsageLogger.scala:29)
	at com.databricks.logging.UsageLogging.$anonfun$recordOperationWithResultTags$5(UsageLogging.scala:664)
	at com.databricks.logging.UsageLogging.withOtelSpanInContext$1(UsageLogging.scala:656)
	at com.databricks.logging.UsageLogging.recordOperationWithResultTags(UsageLogging.scala:659)
	at com.databricks.logging.UsageLogging.recordOperationWithResultTags$(UsageLogging.scala:540)
	at com.databricks.spark.util.PublicDBLogging.recordOperationWithResultTags(DatabricksSparkUsageLogger.scala:29)
	at com.databricks.logging.UsageLogging.recordOperation(UsageLogging.scala:532)
	at com.databricks.logging.UsageLogging.recordOperation$(UsageLogging.scala:496)
	at com.databricks.spark.util.PublicDBLogging.recordOperation(DatabricksSparkUsageLogger.scala:29)
	at com.databricks.spark.util.PublicDBLogging.recordOperation0(DatabricksSparkUsageLogger.scala:104)
	at com.databricks.spark.util.DatabricksSparkUsageLogger.recordOperation(DatabricksSparkUsageLogger.scala:193)
	at com.databricks.spark.util.UsageLogger.recordOperation(UsageLogger.scala:78)
	at com.databricks.spark.util.UsageLogger.recordOperation$(UsageLogger.scala:65)
	at com.databricks.spark.util.DatabricksSparkUsageLogger.recordOperation(DatabricksSparkUsageLogger.scala:152)
	at com.databricks.spark.util.UsageLogging.recordOperation(UsageLogger.scala:537)
	at com.databricks.spark.util.UsageLogging.recordOperation$(UsageLogger.scala:516)
	at com.databricks.sql.transaction.tahoe.commands.DeltaDMLCommandEdge.recordOperation(DeltaDMLCommandEdge.scala:64)
	at com.databricks.sql.transaction.tahoe.metering.DeltaLogging.recordDeltaOperationInternal(DeltaLogging.scala:525)
	at com.databricks.sql.transaction.tahoe.metering.DeltaLogging.recordDeltaOperation(DeltaLogging.scala:515)
	at com.databricks.sql.transaction.tahoe.metering.DeltaLogging.recordDeltaOperation$(DeltaLogging.scala:504)
	at com.databricks.sql.transaction.tahoe.commands.DeltaDMLCommandEdge.recordDeltaOperation(DeltaDMLCommandEdge.scala:64)
	at com.databricks.sql.transaction.tahoe.commands.MergeIntoCommandBase.recordMergeOperation(MergeIntoCommandBase.scala:481)
	at com.databricks.sql.transaction.tahoe.commands.MergeIntoCommandBase.recordMergeOperation$(MergeIntoCommandBase.scala:437)
	at com.databricks.sql.transaction.tahoe.commands.MergeIntoWithDeltaDMLCommandEdge.recordMergeOperation(MergeIntoCommandEdge.scala:72)
	at com.databricks.sql.transaction.tahoe.commands.merge.LowShuffleMergeExecutor.findTouchedFilesForLowShuffleMerge(LowShuffleMergeExecutor.scala:502)
	at com.databricks.sql.transaction.tahoe.commands.merge.LowShuffleMergeExecutor.$anonfun$runLowShuffleMerge$1(LowShuffleMergeExecutor.scala:239)
	at com.databricks.sql.transaction.tahoe.NoOpLowShuffleMergeExecutionObserver$.findTouchedFiles(LowShuffleMergeExecutionObserver.scala:87)
	at com.databricks.sql.transaction.tahoe.commands.merge.LowShuffleMergeExecutor.liftedTree1$1(LowShuffleMergeExecutor.scala:236)
	at com.databricks.sql.transaction.tahoe.commands.merge.LowShuffleMergeExecutor.runLowShuffleMerge(LowShuffleMergeExecutor.scala:234)
	at com.databricks.sql.transaction.tahoe.commands.merge.LowShuffleMergeExecutor.runLowShuffleMerge$(LowShuffleMergeExecutor.scala:230)
	at com.databricks.sql.transaction.tahoe.commands.MergeIntoCommandEdge.super$runLowShuffleMerge(MergeIntoCommandEdge.scala:533)
	at com.databricks.sql.transaction.tahoe.commands.MergeIntoCommandEdge.$anonfun$runMergeInternal$1(MergeIntoCommandEdge.scala:533)
	at com.databricks.sql.acl.CheckPermissions$.$anonfun$trusted$2(CheckPermissions.scala:2876)
	at com.databricks.sql.util.ThreadLocalTagger.withTag(QueryTagger.scala:63)
	at com.databricks.sql.util.ThreadLocalTagger.withTag$(QueryTagger.scala:60)
	at com.databricks.sql.util.QueryTagger$.withTag(QueryTagger.scala:292)
	at com.databricks.sql.acl.CheckPermissions$.trusted(CheckPermissions.scala:2876)
	at com.databricks.sql.transaction.tahoe.commands.MergeIntoCommandEdge.runMergeInternal(MergeIntoCommandEdge.scala:519)
	at com.databricks.sql.transaction.tahoe.commands.MergeIntoCommandEdge.$anonfun$runMerge$5(MergeIntoCommandEdge.scala:446)
	at com.databricks.sql.transaction.tahoe.commands.MergeIntoCommandEdge.withAnalysisExceptionsLogged(MergeIntoCommandEdge.scala:1153)
	at com.databricks.sql.transaction.tahoe.commands.MergeIntoCommandEdge.$anonfun$runMerge$4(MergeIntoCommandEdge.scala:433)
	at com.databricks.sql.transaction.tahoe.DeltaLog.withNewTransaction(DeltaLog.scala:367)
	at com.databricks.sql.transaction.tahoe.DeltaLogEdge.withExistingOrNewTransaction(DeltaLogEdge.scala:162)
	at com.databricks.sql.transaction.tahoe.DeltaLogEdge.withExistingOrNewTransaction$(DeltaLogEdge.scala:143)
	at com.databricks.sql.transaction.tahoe.DeltaLog.withExistingOrNewTransaction(DeltaLog.scala:109)
	at com.databricks.sql.transaction.tahoe.commands.MergeIntoCommandEdge.$anonfun$runMerge$1(MergeIntoCommandEdge.scala:396)
	at com.databricks.sql.transaction.tahoe.commands.MergeIntoCommandBase.$anonfun$recordMergeOperation$6(MergeIntoCommandBase.scala:461)
	at com.databricks.sql.util.ThreadLocalTagger.withTag(QueryTagger.scala:63)
	at com.databricks.sql.util.ThreadLocalTagger.withTag$(QueryTagger.scala:60)
	at com.databricks.sql.util.QueryTagger$.withTag(QueryTagger.scala:292)
	at com.databricks.sql.transaction.tahoe.commands.MergeIntoCommandBase.executeThunk$1(MergeIntoCommandBase.scala:460)
	at com.databricks.sql.transaction.tahoe.commands.MergeIntoCommandBase.$anonfun$recordMergeOperation$8(MergeIntoCommandBase.scala:484)
	at com.databricks.backend.daemon.driver.ProgressReporter$.withStatusCode(ProgressReporter.scala:452)
	at com.databricks.spark.util.SparkDatabricksProgressReporter$.withStatusCode(ProgressReporter.scala:34)
	at com.databricks.sql.transaction.tahoe.util.DeltaProgressReporterEdge.withStatusCode(DeltaProgressReporterEdge.scala:30)
	at com.databricks.sql.transaction.tahoe.util.DeltaProgressReporterEdge.withStatusCode$(DeltaProgressReporterEdge.scala:25)
	at com.databricks.sql.transaction.tahoe.commands.DeltaDMLCommandEdge.withStatusCode(DeltaDMLCommandEdge.scala:64)
	at com.databricks.sql.transaction.tahoe.commands.MergeIntoCommandBase.$anonfun$recordMergeOperation$7(MergeIntoCommandBase.scala:484)
	at com.databricks.sql.transaction.tahoe.metering.DeltaLogging.withOperationTypeTag(DeltaLogging.scala:854)
	at com.databricks.sql.transaction.tahoe.metering.DeltaLogging.withOperationTypeTag$(DeltaLogging.scala:841)
	at com.databricks.sql.transaction.tahoe.commands.DeltaDMLCommandEdge.withOperationTypeTag(DeltaDMLCommandEdge.scala:64)
	at com.databricks.sql.transaction.tahoe.metering.DeltaLogging.$anonfun$recordDeltaOperationInternal$2(DeltaLogging.scala:527)
	at com.databricks.spark.util.FrameProfiler$.$anonfun$record$1(FrameProfiler.scala:114)
	at com.databricks.spark.util.FrameProfilerExporter$.maybeExportFrameProfiler(FrameProfilerExporter.scala:146)
	at com.databricks.spark.util.FrameProfiler$.record(FrameProfiler.scala:105)
	at com.databricks.sql.transaction.tahoe.metering.DeltaLogging.recordFrameProfileWithCallSite(DeltaLogging.scala:969)
	at com.databricks.sql.transaction.tahoe.metering.DeltaLogging.recordFrameProfileWithCallSite$(DeltaLogging.scala:966)
	at com.databricks.sql.transaction.tahoe.commands.DeltaDMLCommandEdge.recordFrameProfileWithCallSite(DeltaDMLCommandEdge.scala:64)
	at com.databricks.sql.transaction.tahoe.metering.DeltaLogging.$anonfun$recordDeltaOperationInternal$1(DeltaLogging.scala:526)
	at com.databricks.logging.UsageLogging.$anonfun$recordOperation$1(UsageLogging.scala:531)
	at com.databricks.logging.UsageLogging.executeThunkAndCaptureResultTags$1(UsageLogging.scala:669)
	at com.databricks.logging.UsageLogging.$anonfun$recordOperationWithResultTags$6(UsageLogging.scala:696)
	at com.databricks.logging.AttributionContextTracing.$anonfun$withAttributionContext$1(AttributionContextTracing.scala:146)
	at com.databricks.logging.AttributionContext$.$anonfun$withValue$1(AttributionContext.scala:349)
	at scala.util.DynamicVariable.withValue(DynamicVariable.scala:59)
	at com.databricks.logging.AttributionContext$.withValue(AttributionContext.scala:345)
	at com.databricks.logging.AttributionContextTracing.withAttributionContext(AttributionContextTracing.scala:144)
	at com.databricks.logging.AttributionContextTracing.withAttributionContext$(AttributionContextTracing.scala:141)
	at com.databricks.spark.util.PublicDBLogging.withAttributionContext(DatabricksSparkUsageLogger.scala:29)
	at com.databricks.logging.AttributionContextTracing.withAttributionTags(AttributionContextTracing.scala:201)
	at com.databricks.logging.AttributionContextTracing.withAttributionTags$(AttributionContextTracing.scala:182)
	at com.databricks.spark.util.PublicDBLogging.withAttributionTags(DatabricksSparkUsageLogger.scala:29)
	at com.databricks.logging.UsageLogging.$anonfun$recordOperationWithResultTags$5(UsageLogging.scala:664)
	at com.databricks.logging.UsageLogging.withOtelSpanInContext$1(UsageLogging.scala:656)
	at com.databricks.logging.UsageLogging.recordOperationWithResultTags(UsageLogging.scala:659)
	at com.databricks.logging.UsageLogging.recordOperationWithResultTags$(UsageLogging.scala:540)
	at com.databricks.spark.util.PublicDBLogging.recordOperationWithResultTags(DatabricksSparkUsageLogger.scala:29)
	at com.databricks.logging.UsageLogging.recordOperation(UsageLogging.scala:532)
	at com.databricks.logging.UsageLogging.recordOperation$(UsageLogging.scala:496)
	at com.databricks.spark.util.PublicDBLogging.recordOperation(DatabricksSparkUsageLogger.scala:29)
	at com.databricks.spark.util.PublicDBLogging.recordOperation0(DatabricksSparkUsageLogger.scala:104)
	at com.databricks.spark.util.DatabricksSparkUsageLogger.recordOperation(DatabricksSparkUsageLogger.scala:193)
	at com.databricks.spark.util.UsageLogger.recordOperation(UsageLogger.scala:78)
	at com.databricks.spark.util.UsageLogger.recordOperation$(UsageLogger.scala:65)
	at com.databricks.spark.util.DatabricksSparkUsageLogger.recordOperation(DatabricksSparkUsageLogger.scala:152)
	at com.databricks.spark.util.UsageLogging.recordOperation(UsageLogger.scala:537)
	at com.databricks.spark.util.UsageLogging.recordOperation$(UsageLogger.scala:516)
	at com.databricks.sql.transaction.tahoe.commands.DeltaDMLCommandEdge.recordOperation(DeltaDMLCommandEdge.scala:64)
	at com.databricks.sql.transaction.tahoe.metering.DeltaLogging.recordDeltaOperationInternal(DeltaLogging.scala:525)
	at com.databricks.sql.transaction.tahoe.metering.DeltaLogging.recordDeltaOperation(DeltaLogging.scala:515)
	at com.databricks.sql.transaction.tahoe.metering.DeltaLogging.recordDeltaOperation$(DeltaLogging.scala:504)
	at com.databricks.sql.transaction.tahoe.commands.DeltaDMLCommandEdge.recordDeltaOperation(DeltaDMLCommandEdge.scala:64)
	at com.databricks.sql.transaction.tahoe.commands.MergeIntoCommandBase.recordMergeOperation(MergeIntoCommandBase.scala:481)
	at com.databricks.sql.transaction.tahoe.commands.MergeIntoCommandBase.recordMergeOperation$(MergeIntoCommandBase.scala:437)
	at com.databricks.sql.transaction.tahoe.commands.MergeIntoWithDeltaDMLCommandEdge.recordMergeOperation(MergeIntoCommandEdge.scala:72)
	at com.databricks.sql.transaction.tahoe.commands.MergeIntoCommandEdge.runMerge(MergeIntoCommandEdge.scala:389)
	at com.databricks.sql.transaction.tahoe.commands.MergeIntoCommandBase.$anonfun$run$1(MergeIntoCommandBase.scala:213)
	at com.databricks.sql.transaction.tahoe.commands.merge.MergeIntoMaterializeSource.runWithMaterializedSourceLostRetries(MergeIntoMaterializeSource.scala:203)
	at com.databricks.sql.transaction.tahoe.commands.merge.MergeIntoMaterializeSource.runWithMaterializedSourceLostRetries$(MergeIntoMaterializeSource.scala:185)
	at com.databricks.sql.transaction.tahoe.commands.MergeIntoWithDeltaDMLCommandEdge.runWithMaterializedSourceLostRetries(MergeIntoCommandEdge.scala:72)
	at com.databricks.sql.transaction.tahoe.commands.MergeIntoCommandBase.run(MergeIntoCommandBase.scala:213)
	at com.databricks.sql.transaction.tahoe.commands.MergeIntoCommandBase.run$(MergeIntoCommandBase.scala:178)
	at com.databricks.sql.transaction.tahoe.commands.MergeIntoWithDeltaDMLCommandEdge.runCommand(MergeIntoCommandEdge.scala:80)
	at com.databricks.sql.transaction.tahoe.commands.DeltaDMLCommandEdge.runFunc$1(DeltaDMLCommandEdge.scala:82)
	at com.databricks.sql.transaction.tahoe.commands.DeltaDMLCommandEdge.$anonfun$run$1(DeltaDMLCommandEdge.scala:101)
	at com.databricks.sql.transaction.tahoe.commands.RunWithClonedSparkSession.runWithClonedSparkSession(DMLUtils.scala:193)
	at com.databricks.sql.transaction.tahoe.commands.RunWithClonedSparkSession.runWithClonedSparkSession$(DMLUtils.scala:174)
	at com.databricks.sql.transaction.tahoe.commands.DeltaDMLCommandEdge.runWithClonedSparkSession(DeltaDMLCommandEdge.scala:64)
	at com.databricks.sql.transaction.tahoe.commands.DeltaDMLCommandEdge.run(DeltaDMLCommandEdge.scala:101)
	at com.databricks.sql.transaction.tahoe.commands.MergeIntoWithDeltaDMLCommandEdge.run(MergeIntoCommandEdge.scala:77)
	at org.apache.spark.sql.execution.command.ExecutedCommandExec.$anonfun$sideEffectResult$2(commands.scala:87)
	at org.apache.spark.sql.execution.SparkPlan.runCommandInAetherOrSpark(SparkPlan.scala:202)
	at org.apache.spark.sql.execution.command.ExecutedCommandExec.$anonfun$sideEffectResult$1(commands.scala:87)
	at com.databricks.spark.util.FrameProfiler$.$anonfun$record$1(FrameProfiler.scala:114)
	at com.databricks.spark.util.FrameProfilerExporter$.maybeExportFrameProfiler(FrameProfilerExporter.scala:146)
	at com.databricks.spark.util.FrameProfiler$.record(FrameProfiler.scala:105)
	at org.apache.spark.sql.execution.command.ExecutedCommandExec.sideEffectResult$lzycompute(commands.scala:84)
	at org.apache.spark.sql.execution.command.ExecutedCommandExec.sideEffectResult(commands.scala:83)
	at org.apache.spark.sql.execution.command.ExecutedCommandExec.executeCollect(commands.scala:97)
	at org.apache.spark.sql.execution.QueryExecution$.$anonfun$runCommand$12(QueryExecution.scala:2069)
	at com.databricks.util.LexicalThreadLocal$Handle.runWith(LexicalThreadLocal.scala:63)
	at org.apache.spark.sql.execution.QueryExecution$.$anonfun$runCommand$11(QueryExecution.scala:2063)
	at com.databricks.util.LexicalThreadLocal$Handle.runWith(LexicalThreadLocal.scala:63)
	at org.apache.spark.sql.execution.QueryExecution$.executeWithCaches$1(QueryExecution.scala:2063)
	at org.apache.spark.sql.execution.QueryExecution$.$anonfun$runCommand$10(QueryExecution.scala:2069)
	at org.apache.spark.sql.catalyst.QueryPlanningTracker$.withTracker(QueryPlanningTracker.scala:275)
	at org.apache.spark.sql.execution.QueryExecution$.$anonfun$runCommand$9(QueryExecution.scala:2056)
	at org.apache.spark.sql.execution.SQLExecution$.$anonfun$withNewExecutionId0$24(SQLExecution.scala:1166)
	at com.databricks.sql.util.MemoryTrackerHelper.withMemoryTracking(MemoryTrackerHelper.scala:111)
	at org.apache.spark.sql.execution.SQLExecution$.$anonfun$withNewExecutionId0$21(SQLExecution.scala:1078)
	at com.databricks.unity.UCSManager$.withTemporaryScope(UCSManager.scala:168)
	at org.apache.spark.sql.execution.SQLExecution$.$anonfun$withNewExecutionId0$20(SQLExecution.scala:974)
	at org.apache.spark.sql.execution.SQLExecution$.withSessionTagsApplied(SQLExecution.scala:1738)
	at org.apache.spark.sql.execution.SQLExecution$.$anonfun$withNewExecutionId0$19(SQLExecution.scala:963)
	at org.apache.spark.JobArtifactSet$.withActiveJobArtifactState(JobArtifactSet.scala:97)
	at org.apache.spark.sql.artifact.ArtifactManager.$anonfun$withResources$1(ArtifactManager.scala:124)
	at org.apache.spark.sql.artifact.ArtifactManager.withClassLoaderIfNeeded(ArtifactManager.scala:118)
	at org.apache.spark.sql.artifact.ArtifactManager.withResources(ArtifactManager.scala:123)
	at org.apache.spark.sql.execution.SQLExecution$.$anonfun$withNewExecutionId0$18(SQLExecution.scala:963)
	at org.apache.spark.sql.execution.SQLExecution$.withSQLConfPropagated(SQLExecution.scala:1773)
	at org.apache.spark.sql.execution.SQLExecution$.$anonfun$withNewExecutionId0$1(SQLExecution.scala:962)
	at org.apache.spark.sql.SparkSession.withActive(SparkSession.scala:866)
	at org.apache.spark.sql.execution.SQLExecution$.withNewExecutionId0(SQLExecution.scala:692)
	at org.apache.spark.sql.execution.SQLExecution$.withNewExecutionId(SQLExecution.scala:1691)
	at org.apache.spark.sql.execution.QueryExecution$.$anonfun$runCommand$8(QueryExecution.scala:2056)
	at org.apache.spark.sql.execution.QueryExecution$.withInternalError(QueryExecution.scala:1923)
	at org.apache.spark.sql.execution.QueryExecution$.$anonfun$runCommand$7(QueryExecution.scala:2052)
	at org.apache.spark.sql.execution.QueryExecution.withMVTagsIfNecessary(QueryExecution.scala:809)
	at org.apache.spark.sql.execution.QueryExecution$.$anonfun$runCommand$4(QueryExecution.scala:2037)
	at scala.Option.map(Option.scala:242)
	at org.apache.spark.sql.execution.QueryExecution$.executeWithMVTags$1(QueryExecution.scala:2037)
	at org.apache.spark.sql.execution.QueryExecution$.runCommand(QueryExecution.scala:2050)
	at org.apache.spark.sql.execution.QueryExecution.org$apache$spark$sql$execution$QueryExecution$$eagerlyExecute$1(QueryExecution.scala:846)
	at org.apache.spark.sql.execution.QueryExecution$$anonfun$$nestedInanonfun$eagerlyExecuteCommands$1$1.applyOrElse(QueryExecution.scala:863)
	at org.apache.spark.sql.execution.QueryExecution$$anonfun$$nestedInanonfun$eagerlyExecuteCommands$1$1.applyOrElse(QueryExecution.scala:855)
	at org.apache.spark.sql.catalyst.trees.TreeNode.$anonfun$transformDownWithPruning$1(TreeNode.scala:610)
	at org.apache.spark.sql.catalyst.trees.CurrentOrigin$.withOrigin(origin.scala:142)
	at org.apache.spark.sql.catalyst.trees.TreeNode.transformDownWithPruning(TreeNode.scala:610)
	at org.apache.spark.sql.catalyst.plans.logical.LogicalPlan.org$apache$spark$sql$catalyst$plans$logical$AnalysisHelper$$super$transformDownWithPruning(LogicalPlan.scala:48)
	at org.apache.spark.sql.catalyst.plans.logical.AnalysisHelper.transformDownWithPruning(AnalysisHelper.scala:361)
	at org.apache.spark.sql.catalyst.plans.logical.AnalysisHelper.transformDownWithPruning$(AnalysisHelper.scala:357)
	at org.apache.spark.sql.catalyst.plans.logical.LogicalPlan.transformDownWithPruning(LogicalPlan.scala:48)
	at org.apache.spark.sql.catalyst.plans.logical.LogicalPlan.transformDownWithPruning(LogicalPlan.scala:48)
	at org.apache.spark.sql.catalyst.trees.TreeNode.transformDown(TreeNode.scala:586)
	at org.apache.spark.sql.execution.QueryExecution.$anonfun$eagerlyExecuteCommands$1(QueryExecution.scala:855)
	at org.apache.spark.sql.catalyst.plans.logical.AnalysisHelper$.allowInvokingTransformsInAnalyzer(AnalysisHelper.scala:418)
	at org.apache.spark.sql.execution.QueryExecution.eagerlyExecuteCommands(QueryExecution.scala:855)
	at org.apache.spark.sql.execution.QueryExecution.$anonfun$lazyCommandExecuted$1(QueryExecution.scala:765)
	at scala.util.Try$.apply(Try.scala:217)
	at org.apache.spark.util.Utils$.doTryWithCallerStacktrace(Utils.scala:1796)
	at org.apache.spark.util.Utils$.getTryWithCallerStacktrace(Utils.scala:1846)
	at org.apache.spark.util.LazyTry.get(LazyTry.scala:78)
	at org.apache.spark.sql.execution.QueryExecution.commandExecuted(QueryExecution.scala:770)
	at org.apache.spark.sql.classic.Dataset.<init>(Dataset.scala:405)
	at org.apache.spark.sql.classic.Dataset.<init>(Dataset.scala:385)
	at org.apache.spark.sql.hive.thriftserver.SparkExecuteStatementOperation.$anonfun$getOrCreateDF$1(SparkExecuteStatementOperation.scala:753)
	at org.apache.spark.sql.hive.thriftserver.SparkExecuteStatementOperation.withSuspendedQueryHangingDetection(SparkExecuteStatementOperation.scala:203)
	at org.apache.spark.sql.hive.thriftserver.SparkExecuteStatementOperation.getOrCreateDF(SparkExecuteStatementOperation.scala:751)
	at org.apache.spark.sql.hive.thriftserver.SparkExecuteStatementOperation.analyzeQuery(SparkExecuteStatementOperation.scala:781)
	at org.apache.spark.sql.hive.thriftserver.SparkExecuteStatementOperation.$anonfun$execute$6(SparkExecuteStatementOperation.scala:985)
	at org.apache.spark.util.Utils$.timeTakenMs(Utils.scala:599)
	at org.apache.spark.sql.hive.thriftserver.SparkExecuteStatementOperation.$anonfun$execute$1(SparkExecuteStatementOperation.scala:985)
	... 50 more
, operation-id=01f1a0b0-c984-19a6-9cb3-e063e553ec1b
[0m14:14:20.376770 [debug] [Thread-6 (]: On snapshot.chinook.Album02: Close
[0m14:14:20.377785 [debug] [Thread-6 (]: Databricks adapter: Connection(session-id=01f1a0b0-c78b-133a-af9d-d247797f2683) - Closing
[0m14:14:20.532807 [debug] [Thread-6 (]: Database Error in snapshot Album02 (snapshots\Album02.sql)
  [DELTA_MULTIPLE_SOURCE_ROW_MATCHING_TARGET_ROW_IN_MERGE] Cannot perform Merge as multiple source rows matched and attempted to modify the same
  target row in the Delta table in possibly conflicting ways. By SQL semantics of Merge,
  when multiple source rows match on the same target row, the result may be ambiguous
  as it is unclear which source row should be used to update or delete the matching
  target row. You can preprocess the source table to eliminate the possibility of
  multiple matches. Please refer to
  https://docs.microsoft.com/azure/databricks/delta/merge#merge-error
  
  compiled code at target\run\chinook\snapshots\Album02.sql
[0m14:14:20.542412 [debug] [Thread-6 (]: Sending event: {'category': 'dbt', 'action': 'run_model', 'label': '90ac5106-6894-45e1-8414-4f05ae08be99', 'context': [<snowplow_tracker.self_describing_json.SelfDescribingJson object at 0x000001D9C5A06990>]}
[0m14:14:20.545418 [error] [Thread-6 (]: 1 of 1 ERROR snapshotting data_snapshot.album02 ................................ [[31mERROR[0m in 5.79s]
[0m14:14:20.548996 [debug] [Thread-6 (]: Finished running node snapshot.chinook.Album02
[0m14:14:20.549994 [debug] [Thread-9 (]: Marking all children of 'snapshot.chinook.Album02' to be skipped because of status 'error'.  Reason: Database Error in snapshot Album02 (snapshots\Album02.sql)
  [DELTA_MULTIPLE_SOURCE_ROW_MATCHING_TARGET_ROW_IN_MERGE] Cannot perform Merge as multiple source rows matched and attempted to modify the same
  target row in the Delta table in possibly conflicting ways. By SQL semantics of Merge,
  when multiple source rows match on the same target row, the result may be ambiguous
  as it is unclear which source row should be used to update or delete the matching
  target row. You can preprocess the source table to eliminate the possibility of
  multiple matches. Please refer to
  https://docs.microsoft.com/azure/databricks/delta/merge#merge-error
  
  compiled code at target\run\chinook\snapshots\Album02.sql.
[0m14:14:20.552984 [debug] [MainThread]: Databricks adapter: DatabricksDBTConnection(session-id=None, name=master) - Creating connection
[0m14:14:20.553983 [debug] [MainThread]: Acquiring new databricks connection 'master'
[0m14:14:20.554981 [info ] [MainThread]: 
[0m14:14:20.554981 [info ] [MainThread]: Finished running 1 snapshot in 0 hours 0 minutes and 11.42 seconds (11.42s).
[0m14:14:20.557501 [debug] [MainThread]: Command end result
[0m14:14:20.817092 [debug] [MainThread]: Wrote artifact WritableManifest to C:\dbt-and-databricks\06-chinook-schema\target\manifest.json
[0m14:14:20.823068 [debug] [MainThread]: Wrote artifact SemanticManifest to C:\dbt-and-databricks\06-chinook-schema\target\semantic_manifest.json
[0m14:14:20.833869 [debug] [MainThread]: Wrote artifact RunExecutionResult to C:\dbt-and-databricks\06-chinook-schema\target\run_results.json
[0m14:14:20.833869 [info ] [MainThread]: 
[0m14:14:20.834869 [info ] [MainThread]: [31mCompleted with 1 error, 0 partial successes, and 0 warnings:[0m
[0m14:14:20.835867 [info ] [MainThread]: 
[0m14:14:20.836378 [error] [MainThread]: [31mFailure in snapshot Album02 (snapshots\Album02.sql)[0m
[0m14:14:20.837390 [error] [MainThread]:   Database Error in snapshot Album02 (snapshots\Album02.sql)
  [DELTA_MULTIPLE_SOURCE_ROW_MATCHING_TARGET_ROW_IN_MERGE] Cannot perform Merge as multiple source rows matched and attempted to modify the same
  target row in the Delta table in possibly conflicting ways. By SQL semantics of Merge,
  when multiple source rows match on the same target row, the result may be ambiguous
  as it is unclear which source row should be used to update or delete the matching
  target row. You can preprocess the source table to eliminate the possibility of
  multiple matches. Please refer to
  https://docs.microsoft.com/azure/databricks/delta/merge#merge-error
  
  compiled code at target\run\chinook\snapshots\Album02.sql
[0m14:14:20.838406 [info ] [MainThread]: 
[0m14:14:20.839420 [info ] [MainThread]: Done. PASS=0 WARN=0 ERROR=1 SKIP=0 NO-OP=0 TOTAL=1
[0m14:14:20.841975 [debug] [MainThread]: Command `dbt snapshot` failed at 14:14:20.840400 after 31.79 seconds
[0m14:14:20.841975 [debug] [MainThread]: Sending event: {'category': 'dbt', 'action': 'invocation', 'label': 'end', 'context': [<snowplow_tracker.self_describing_json.SelfDescribingJson object at 0x000001D9BB8482C0>, <snowplow_tracker.self_describing_json.SelfDescribingJson object at 0x000001D9BE0D1AC0>, <snowplow_tracker.self_describing_json.SelfDescribingJson object at 0x000001D9BE953470>]}
[0m14:14:20.843067 [debug] [MainThread]: Flushing usage events
[0m14:14:21.033506 [debug] [MainThread]: An error was encountered while trying to flush usage events
[0m14:14:56.769351 [debug] [MainThread]: Sending event: {'category': 'dbt', 'action': 'invocation', 'label': 'start', 'context': [<snowplow_tracker.self_describing_json.SelfDescribingJson object at 0x000001BF301D8A40>, <snowplow_tracker.self_describing_json.SelfDescribingJson object at 0x000001BF3073C950>, <snowplow_tracker.self_describing_json.SelfDescribingJson object at 0x000001BF3073E300>]}


============================== 14:14:56.790077 | 348ecd4d-fb2f-4924-a481-8715bd8a820a ==============================
[0m14:14:56.790077 [info ] [MainThread]: Running with dbt=1.11.2
[0m14:14:56.792091 [debug] [MainThread]: running dbt with arguments {'version_check': 'True', 'no_print': 'None', 'static_parser': 'True', 'target_path': 'None', 'warn_error_options': 'WarnErrorOptionsV2(error=[], warn=[], silence=[])', 'printer_width': '80', 'write_json': 'True', 'introspect': 'True', 'log_cache_events': 'False', 'empty': 'False', 'cache_selected_only': 'False', 'log_format': 'default', 'debug': 'False', 'fail_fast': 'False', 'partial_parse': 'True', 'send_anonymous_usage_stats': 'True', 'quiet': 'False', 'warn_error': 'None', 'profiles_dir': 'C:\\dbt-and-databricks\\06-chinook-schema', 'invocation_command': 'dbt snapshot --select Album02', 'indirect_selection': 'eager', 'use_colors': 'True', 'use_experimental_parser': 'False', 'log_path': 'C:\\dbt-and-databricks\\06-chinook-schema\\logs'}
[0m14:14:59.598194 [debug] [MainThread]: Spark adapter: Setting pyhive.hive logging to ERROR
[0m14:14:59.599238 [debug] [MainThread]: Spark adapter: Setting thrift.transport logging to ERROR
[0m14:14:59.599238 [debug] [MainThread]: Spark adapter: Setting thrift.protocol logging to ERROR
[0m14:15:02.051890 [debug] [MainThread]: Sending event: {'category': 'dbt', 'action': 'project_id', 'label': '348ecd4d-fb2f-4924-a481-8715bd8a820a', 'context': [<snowplow_tracker.self_describing_json.SelfDescribingJson object at 0x000001BF3220EF60>]}
[0m14:15:02.131563 [debug] [MainThread]: Sending event: {'category': 'dbt', 'action': 'adapter_info', 'label': '348ecd4d-fb2f-4924-a481-8715bd8a820a', 'context': [<snowplow_tracker.self_describing_json.SelfDescribingJson object at 0x000001BF37846480>]}
[0m14:15:02.132568 [info ] [MainThread]: Registered adapter: databricks=1.12.4
[0m14:15:02.598362 [debug] [MainThread]: checksum: 3d40d8bbe1bef07db1c24822f2dbfff8bc07f2a48ed4fe2658a40653aec0b54b, vars: {}, profile: , target: , version: 1.11.2
[0m14:15:03.481178 [debug] [MainThread]: Partial parsing enabled: 0 files deleted, 0 files added, 1 files changed.
[0m14:15:03.482194 [debug] [MainThread]: Partial parsing: updated file: chinook://snapshots\Album02.sql
[0m14:15:03.802065 [debug] [MainThread]: Sending event: {'category': 'dbt', 'action': 'load_project', 'label': '348ecd4d-fb2f-4924-a481-8715bd8a820a', 'context': [<snowplow_tracker.self_describing_json.SelfDescribingJson object at 0x000001BF37CADD60>]}
[0m14:15:03.934182 [debug] [MainThread]: Wrote artifact WritableManifest to C:\dbt-and-databricks\06-chinook-schema\target\manifest.json
[0m14:15:03.941221 [debug] [MainThread]: Wrote artifact SemanticManifest to C:\dbt-and-databricks\06-chinook-schema\target\semantic_manifest.json
[0m14:15:03.962770 [debug] [MainThread]: Sending event: {'category': 'dbt', 'action': 'resource_counts', 'label': '348ecd4d-fb2f-4924-a481-8715bd8a820a', 'context': [<snowplow_tracker.self_describing_json.SelfDescribingJson object at 0x000001BF38228EF0>]}
[0m14:15:03.963675 [info ] [MainThread]: Found 10 models, 8 snapshots, 11 seeds, 30 data tests, 1064 macros
[0m14:15:03.964750 [debug] [MainThread]: Sending event: {'category': 'dbt', 'action': 'runnable_timing', 'label': '348ecd4d-fb2f-4924-a481-8715bd8a820a', 'context': [<snowplow_tracker.self_describing_json.SelfDescribingJson object at 0x000001BF304C50A0>]}
[0m14:15:03.970355 [info ] [MainThread]: 
[0m14:15:03.972363 [info ] [MainThread]: Concurrency: 1 threads (target='dev')
[0m14:15:03.975846 [info ] [MainThread]: 
[0m14:15:03.981925 [debug] [MainThread]: Databricks adapter: DatabricksDBTConnection(session-id=None, name=master) - Creating connection
[0m14:15:03.982970 [debug] [MainThread]: Acquiring new databricks connection 'master'
[0m14:15:03.993642 [debug] [ThreadPool]: Databricks adapter: DatabricksDBTConnection(session-id=None, name=list_uc_sql_server_central) - Creating connection
[0m14:15:03.996730 [debug] [ThreadPool]: Acquiring new databricks connection 'list_uc_sql_server_central'
[0m14:15:04.020998 [debug] [ThreadPool]: Using databricks connection "list_uc_sql_server_central"
[0m14:15:04.021998 [debug] [ThreadPool]: On list_uc_sql_server_central: /* {"app": "dbt", "dbt_version": "1.11.2", "dbt_databricks_version": "1.12.4", "databricks_sql_connector_version": "4.1.3", "profile_name": "chinook", "target_name": "dev", "invocation_id": "348ecd4d-fb2f-4924-a481-8715bd8a820a", "connection_name": "list_uc_sql_server_central"} */

    

  SHOW SCHEMAS IN `uc_sql_server_central`


  
[0m14:15:04.021998 [debug] [ThreadPool]: Opening a new connection, currently in state init
[0m14:15:04.454700 [debug] [ThreadPool]: Databricks adapter: Connection(session-id=01f1a0b0-e4e1-15f5-a2c9-cf460ca5063f) - Created
[0m14:15:04.797644 [debug] [ThreadPool]: SQL status: OK in 0.770 seconds
[0m14:15:04.824074 [debug] [ThreadPool]: Databricks adapter: Cursor(session-id=01f1a0b0-e4e1-15f5-a2c9-cf460ca5063f, command-id=01f1a0b0-e4ef-1902-a9e9-3ad659ac06b9) - Closing
[0m14:15:04.827254 [debug] [ThreadPool]: On list_uc_sql_server_central: Close
[0m14:15:04.829254 [debug] [ThreadPool]: Databricks adapter: Connection(session-id=01f1a0b0-e4e1-15f5-a2c9-cf460ca5063f) - Closing
[0m14:15:04.969085 [debug] [ThreadPool]: Databricks adapter: DatabricksDBTConnection(session-id=None, name=list_uc_sql_server_central_data_snapshot) - Creating connection
[0m14:15:04.971004 [debug] [ThreadPool]: Acquiring new databricks connection 'list_uc_sql_server_central_data_snapshot'
[0m14:15:04.986576 [debug] [ThreadPool]: Using databricks connection "list_uc_sql_server_central_data_snapshot"
[0m14:15:04.987576 [debug] [ThreadPool]: On list_uc_sql_server_central_data_snapshot: /* {"app": "dbt", "dbt_version": "1.11.2", "dbt_databricks_version": "1.12.4", "databricks_sql_connector_version": "4.1.3", "profile_name": "chinook", "target_name": "dev", "invocation_id": "348ecd4d-fb2f-4924-a481-8715bd8a820a", "connection_name": "list_uc_sql_server_central_data_snapshot"} */

    
SELECT
  table_name,
  if(table_type IN ('EXTERNAL', 'MANAGED', 'MANAGED_SHALLOW_CLONE', 'EXTERNAL_SHALLOW_CLONE'), 'table', lower(table_type)) AS table_type,
  lower(data_source_format) AS file_format,
  table_owner,
  if(
    table_type IN (
      'EXTERNAL',
      'MANAGED',
      'MANAGED_SHALLOW_CLONE',
      'EXTERNAL_SHALLOW_CLONE'
    ),
    lower(table_type),
    NULL
  ) AS databricks_table_type
FROM `system`.`information_schema`.`tables`
WHERE table_catalog = 'uc_sql_server_central'
  AND table_schema = 'data_snapshot'

  
[0m14:15:04.988599 [debug] [ThreadPool]: Opening a new connection, currently in state init
[0m14:15:05.375229 [debug] [ThreadPool]: Databricks adapter: Connection(session-id=01f1a0b0-e56b-10a7-85b2-6ff56f32c894) - Created
[0m14:15:05.912523 [debug] [ThreadPool]: SQL status: OK in 0.920 seconds
[0m14:15:05.919202 [debug] [ThreadPool]: Databricks adapter: Cursor(session-id=01f1a0b0-e56b-10a7-85b2-6ff56f32c894, command-id=01f1a0b0-e57b-141b-aec5-93445b95e33f) - Closing
[0m14:15:05.922203 [debug] [ThreadPool]: On list_uc_sql_server_central_data_snapshot: Close
[0m14:15:05.923202 [debug] [ThreadPool]: Databricks adapter: Connection(session-id=01f1a0b0-e56b-10a7-85b2-6ff56f32c894) - Closing
[0m14:15:06.066260 [debug] [ThreadPool]: Databricks adapter: DatabricksDBTConnection(session-id=None, name=list_uc_sql_server_central_data_stage) - Creating connection
[0m14:15:06.070926 [debug] [ThreadPool]: Acquiring new databricks connection 'list_uc_sql_server_central_data_stage'
[0m14:15:06.082177 [debug] [ThreadPool]: Using databricks connection "list_uc_sql_server_central_data_stage"
[0m14:15:06.084169 [debug] [ThreadPool]: On list_uc_sql_server_central_data_stage: /* {"app": "dbt", "dbt_version": "1.11.2", "dbt_databricks_version": "1.12.4", "databricks_sql_connector_version": "4.1.3", "profile_name": "chinook", "target_name": "dev", "invocation_id": "348ecd4d-fb2f-4924-a481-8715bd8a820a", "connection_name": "list_uc_sql_server_central_data_stage"} */

    
SELECT
  table_name,
  if(table_type IN ('EXTERNAL', 'MANAGED', 'MANAGED_SHALLOW_CLONE', 'EXTERNAL_SHALLOW_CLONE'), 'table', lower(table_type)) AS table_type,
  lower(data_source_format) AS file_format,
  table_owner,
  if(
    table_type IN (
      'EXTERNAL',
      'MANAGED',
      'MANAGED_SHALLOW_CLONE',
      'EXTERNAL_SHALLOW_CLONE'
    ),
    lower(table_type),
    NULL
  ) AS databricks_table_type
FROM `system`.`information_schema`.`tables`
WHERE table_catalog = 'uc_sql_server_central'
  AND table_schema = 'data_stage'

  
[0m14:15:06.085169 [debug] [ThreadPool]: Opening a new connection, currently in state init
[0m14:15:06.500266 [debug] [ThreadPool]: Databricks adapter: Connection(session-id=01f1a0b0-e619-1cec-a626-9087d5098f98) - Created
[0m14:15:06.948943 [debug] [ThreadPool]: SQL status: OK in 0.860 seconds
[0m14:15:06.952885 [debug] [ThreadPool]: Databricks adapter: Cursor(session-id=01f1a0b0-e619-1cec-a626-9087d5098f98, command-id=01f1a0b0-e627-13c5-be35-8d465c46007c) - Closing
[0m14:15:06.953886 [debug] [ThreadPool]: On list_uc_sql_server_central_data_stage: Close
[0m14:15:06.954884 [debug] [ThreadPool]: Databricks adapter: Connection(session-id=01f1a0b0-e619-1cec-a626-9087d5098f98) - Closing
[0m14:15:07.064719 [debug] [ThreadPool]: Databricks adapter: DatabricksDBTConnection(session-id=None, name=list_uc_sql_server_central_data_raw) - Creating connection
[0m14:15:07.069427 [debug] [ThreadPool]: Acquiring new databricks connection 'list_uc_sql_server_central_data_raw'
[0m14:15:07.082911 [debug] [ThreadPool]: Using databricks connection "list_uc_sql_server_central_data_raw"
[0m14:15:07.083891 [debug] [ThreadPool]: On list_uc_sql_server_central_data_raw: /* {"app": "dbt", "dbt_version": "1.11.2", "dbt_databricks_version": "1.12.4", "databricks_sql_connector_version": "4.1.3", "profile_name": "chinook", "target_name": "dev", "invocation_id": "348ecd4d-fb2f-4924-a481-8715bd8a820a", "connection_name": "list_uc_sql_server_central_data_raw"} */

    
SELECT
  table_name,
  if(table_type IN ('EXTERNAL', 'MANAGED', 'MANAGED_SHALLOW_CLONE', 'EXTERNAL_SHALLOW_CLONE'), 'table', lower(table_type)) AS table_type,
  lower(data_source_format) AS file_format,
  table_owner,
  if(
    table_type IN (
      'EXTERNAL',
      'MANAGED',
      'MANAGED_SHALLOW_CLONE',
      'EXTERNAL_SHALLOW_CLONE'
    ),
    lower(table_type),
    NULL
  ) AS databricks_table_type
FROM `system`.`information_schema`.`tables`
WHERE table_catalog = 'uc_sql_server_central'
  AND table_schema = 'data_raw'

  
[0m14:15:07.084890 [debug] [ThreadPool]: Opening a new connection, currently in state init
[0m14:15:07.483758 [debug] [ThreadPool]: Databricks adapter: Connection(session-id=01f1a0b0-e6ae-197f-8dfa-8980591a646e) - Created
[0m14:15:07.916127 [debug] [ThreadPool]: SQL status: OK in 0.830 seconds
[0m14:15:07.924204 [debug] [ThreadPool]: Databricks adapter: Cursor(session-id=01f1a0b0-e6ae-197f-8dfa-8980591a646e, command-id=01f1a0b0-e6be-1a3e-b0d8-6e171f2fa8c0) - Closing
[0m14:15:07.926719 [debug] [ThreadPool]: On list_uc_sql_server_central_data_raw: Close
[0m14:15:07.927740 [debug] [ThreadPool]: Databricks adapter: Connection(session-id=01f1a0b0-e6ae-197f-8dfa-8980591a646e) - Closing
[0m14:15:08.077062 [debug] [ThreadPool]: Databricks adapter: DatabricksDBTConnection(session-id=None, name=list_uc_sql_server_central_data_mart) - Creating connection
[0m14:15:08.077062 [debug] [ThreadPool]: Acquiring new databricks connection 'list_uc_sql_server_central_data_mart'
[0m14:15:08.083075 [debug] [ThreadPool]: Using databricks connection "list_uc_sql_server_central_data_mart"
[0m14:15:08.083075 [debug] [ThreadPool]: On list_uc_sql_server_central_data_mart: /* {"app": "dbt", "dbt_version": "1.11.2", "dbt_databricks_version": "1.12.4", "databricks_sql_connector_version": "4.1.3", "profile_name": "chinook", "target_name": "dev", "invocation_id": "348ecd4d-fb2f-4924-a481-8715bd8a820a", "connection_name": "list_uc_sql_server_central_data_mart"} */

    
SELECT
  table_name,
  if(table_type IN ('EXTERNAL', 'MANAGED', 'MANAGED_SHALLOW_CLONE', 'EXTERNAL_SHALLOW_CLONE'), 'table', lower(table_type)) AS table_type,
  lower(data_source_format) AS file_format,
  table_owner,
  if(
    table_type IN (
      'EXTERNAL',
      'MANAGED',
      'MANAGED_SHALLOW_CLONE',
      'EXTERNAL_SHALLOW_CLONE'
    ),
    lower(table_type),
    NULL
  ) AS databricks_table_type
FROM `system`.`information_schema`.`tables`
WHERE table_catalog = 'uc_sql_server_central'
  AND table_schema = 'data_mart'

  
[0m14:15:08.084073 [debug] [ThreadPool]: Opening a new connection, currently in state init
[0m14:15:08.397857 [debug] [ThreadPool]: Databricks adapter: Connection(session-id=01f1a0b0-e736-1508-bcd5-adc950fc5519) - Created
[0m14:15:08.812377 [debug] [ThreadPool]: SQL status: OK in 0.730 seconds
[0m14:15:08.816961 [debug] [ThreadPool]: Databricks adapter: Cursor(session-id=01f1a0b0-e736-1508-bcd5-adc950fc5519, command-id=01f1a0b0-e748-1eef-bc1f-fcda583be745) - Closing
[0m14:15:08.818958 [debug] [ThreadPool]: On list_uc_sql_server_central_data_mart: Close
[0m14:15:08.820843 [debug] [ThreadPool]: Databricks adapter: Connection(session-id=01f1a0b0-e736-1508-bcd5-adc950fc5519) - Closing
[0m14:15:08.940534 [debug] [MainThread]: Sending event: {'category': 'dbt', 'action': 'runnable_timing', 'label': '348ecd4d-fb2f-4924-a481-8715bd8a820a', 'context': [<snowplow_tracker.self_describing_json.SelfDescribingJson object at 0x000001BF37BC2AB0>]}
[0m14:15:08.949394 [debug] [Thread-6 (]: Began running node snapshot.chinook.Album02
[0m14:15:08.950399 [info ] [Thread-6 (]: 1 of 1 START snapshot data_snapshot.album02 .................................... [RUN]
[0m14:15:08.952399 [debug] [Thread-6 (]: Databricks adapter: DatabricksDBTConnection(session-id=None, name=snapshot.chinook.Album02) - Creating connection
[0m14:15:08.953400 [debug] [Thread-6 (]: Acquiring new databricks connection 'snapshot.chinook.Album02'
[0m14:15:08.953400 [debug] [Thread-6 (]: Began compiling node snapshot.chinook.Album02
[0m14:15:08.971468 [debug] [Thread-6 (]: Began executing node snapshot.chinook.Album02
[0m14:15:09.019026 [debug] [Thread-6 (]: Using databricks connection "snapshot.chinook.Album02"
[0m14:15:09.020026 [debug] [Thread-6 (]: On snapshot.chinook.Album02: /* {"app": "dbt", "dbt_version": "1.11.2", "dbt_databricks_version": "1.12.4", "databricks_sql_connector_version": "4.1.3", "profile_name": "chinook", "target_name": "dev", "invocation_id": "348ecd4d-fb2f-4924-a481-8715bd8a820a", "node_id": "snapshot.chinook.Album02"} */
select * from (
        select `Title`, `ArtistId` from (
                



select * from `uc_sql_server_central`.`data_raw`.`album01`

            ) subq
    ) as __dbt_sbq
    where false
    limit 0

    
[0m14:15:09.020026 [debug] [Thread-6 (]: Opening a new connection, currently in state init
[0m14:15:09.300802 [debug] [Thread-6 (]: Databricks adapter: Connection(session-id=01f1a0b0-e7c1-1480-bb19-c299b8c155c6) - Created
[0m14:15:09.560143 [debug] [Thread-6 (]: SQL status: OK in 0.540 seconds
[0m14:15:09.567687 [debug] [Thread-6 (]: Databricks adapter: Cursor(session-id=01f1a0b0-e7c1-1480-bb19-c299b8c155c6, command-id=01f1a0b0-e7d2-1aeb-963c-b88f5f03574b) - Closing
[0m14:15:09.587335 [debug] [Thread-6 (]: Using databricks connection "snapshot.chinook.Album02"
[0m14:15:09.589355 [debug] [Thread-6 (]: On snapshot.chinook.Album02: /* {"app": "dbt", "dbt_version": "1.11.2", "dbt_databricks_version": "1.12.4", "databricks_sql_connector_version": "4.1.3", "profile_name": "chinook", "target_name": "dev", "invocation_id": "348ecd4d-fb2f-4924-a481-8715bd8a820a", "node_id": "snapshot.chinook.Album02"} */

    
  DESCRIBE TABLE EXTENDED `uc_sql_server_central`.`data_snapshot`.`album02` AS JSON

  
[0m14:15:09.917540 [debug] [Thread-6 (]: SQL status: OK in 0.330 seconds
[0m14:15:09.922685 [debug] [Thread-6 (]: Databricks adapter: Cursor(session-id=01f1a0b0-e7c1-1480-bb19-c299b8c155c6, command-id=01f1a0b0-e7fe-1a0b-a3b3-d52f802ab8e3) - Closing
[0m14:15:09.930214 [debug] [Thread-6 (]: Using databricks connection "snapshot.chinook.Album02"
[0m14:15:09.931221 [debug] [Thread-6 (]: On snapshot.chinook.Album02: /* {"app": "dbt", "dbt_version": "1.11.2", "dbt_databricks_version": "1.12.4", "databricks_sql_connector_version": "4.1.3", "profile_name": "chinook", "target_name": "dev", "invocation_id": "348ecd4d-fb2f-4924-a481-8715bd8a820a", "node_id": "snapshot.chinook.Album02"} */

    
  DESCRIBE TABLE EXTENDED `uc_sql_server_central`.`data_snapshot`.`album02` AS JSON

  
[0m14:15:10.191458 [debug] [Thread-6 (]: SQL status: OK in 0.260 seconds
[0m14:15:10.198455 [debug] [Thread-6 (]: Databricks adapter: Cursor(session-id=01f1a0b0-e7c1-1480-bb19-c299b8c155c6, command-id=01f1a0b0-e830-158c-a7d9-5e38d090bd69) - Closing
[0m14:15:10.256316 [debug] [Thread-6 (]: Using databricks connection "snapshot.chinook.Album02"
[0m14:15:10.257382 [debug] [Thread-6 (]: On snapshot.chinook.Album02: /* {"app": "dbt", "dbt_version": "1.11.2", "dbt_databricks_version": "1.12.4", "databricks_sql_connector_version": "4.1.3", "profile_name": "chinook", "target_name": "dev", "invocation_id": "348ecd4d-fb2f-4924-a481-8715bd8a820a", "node_id": "snapshot.chinook.Album02"} */

        
  
    create or replace temporary view `album02__dbt_tmp` as
      
    
    with snapshot_query as (

        select * from `uc_sql_server_central`.`data_raw`.`album01`

    ),

    snapshotted_data as (

        select *, 
    
        `AlbumId` as dbt_unique_key
    

        from `uc_sql_server_central`.`data_snapshot`.`album02`
        where
            
                dbt_valid_to is null
            

    ),

    insertions_source_data as (

        select *, 
    
        `AlbumId` as dbt_unique_key
    
,
            
    current_timestamp()
 as dbt_updated_at,
            
    current_timestamp()
 as dbt_valid_from,
            
  
  coalesce(nullif(
    current_timestamp()
, 
    current_timestamp()
), null)
  as dbt_valid_to
,
            md5(coalesce(cast(`AlbumId` as string ), '')
         || '|' || coalesce(cast(
    current_timestamp()
 as string ), '')
        ) as dbt_scd_id

        from snapshot_query
    ),

    updates_source_data as (

        select *, 
    
        `AlbumId` as dbt_unique_key
    
,
            
    current_timestamp()
 as dbt_updated_at,
            
    current_timestamp()
 as dbt_valid_from,
            
    current_timestamp()
 as dbt_valid_to

        from snapshot_query
    ),

    insertions as (

        select
            'insert' as dbt_change_type,
            source_data.*

        from insertions_source_data as source_data
        left outer join snapshotted_data
            on 
    
        snapshotted_data.dbt_unique_key = source_data.dbt_unique_key
    

            where 
    
        snapshotted_data.dbt_unique_key is null
    

            or (
    
        snapshotted_data.dbt_unique_key is not null
    
 and (
                (snapshotted_data.`Title` != source_data.`Title`
        or
        (
            ((snapshotted_data.`Title` is null) and not (source_data.`Title` is null))
            or
            ((not snapshotted_data.`Title` is null) and (source_data.`Title` is null))
        ) or snapshotted_data.`ArtistId` != source_data.`ArtistId`
        or
        (
            ((snapshotted_data.`ArtistId` is null) and not (source_data.`ArtistId` is null))
            or
            ((not snapshotted_data.`ArtistId` is null) and (source_data.`ArtistId` is null))
        ))
            )

        )

    ),

    updates as (

        select
            'update' as dbt_change_type,
            source_data.*,
            snapshotted_data.dbt_scd_id

        from updates_source_data as source_data
        join snapshotted_data
            on 
    
        snapshotted_data.dbt_unique_key = source_data.dbt_unique_key
    

        where (
            (snapshotted_data.`Title` != source_data.`Title`
        or
        (
            ((snapshotted_data.`Title` is null) and not (source_data.`Title` is null))
            or
            ((not snapshotted_data.`Title` is null) and (source_data.`Title` is null))
        ) or snapshotted_data.`ArtistId` != source_data.`ArtistId`
        or
        (
            ((snapshotted_data.`ArtistId` is null) and not (source_data.`ArtistId` is null))
            or
            ((not snapshotted_data.`ArtistId` is null) and (source_data.`ArtistId` is null))
        ))
        )
    )

    select * from insertions
    union all
    select * from updates

  
    
[0m14:15:10.542500 [debug] [Thread-6 (]: SQL status: OK in 0.280 seconds
[0m14:15:10.544504 [debug] [Thread-6 (]: Databricks adapter: Cursor(session-id=01f1a0b0-e7c1-1480-bb19-c299b8c155c6, command-id=01f1a0b0-e863-14f9-a307-a62ac4ee21c1) - Closing
[0m14:15:10.550823 [debug] [Thread-6 (]: Using databricks connection "snapshot.chinook.Album02"
[0m14:15:10.551857 [debug] [Thread-6 (]: On snapshot.chinook.Album02: /* {"app": "dbt", "dbt_version": "1.11.2", "dbt_databricks_version": "1.12.4", "databricks_sql_connector_version": "4.1.3", "profile_name": "chinook", "target_name": "dev", "invocation_id": "348ecd4d-fb2f-4924-a481-8715bd8a820a", "node_id": "snapshot.chinook.Album02"} */

    
  DESCRIBE TABLE EXTENDED `album02__dbt_tmp` AS JSON

  
[0m14:15:10.711180 [debug] [Thread-6 (]: SQL status: OK in 0.160 seconds
[0m14:15:10.714176 [debug] [Thread-6 (]: Databricks adapter: Cursor(session-id=01f1a0b0-e7c1-1480-bb19-c299b8c155c6, command-id=01f1a0b0-e890-1652-a030-bd375a1a387e) - Closing
[0m14:15:10.720301 [debug] [Thread-6 (]: Using databricks connection "snapshot.chinook.Album02"
[0m14:15:10.721251 [debug] [Thread-6 (]: On snapshot.chinook.Album02: /* {"app": "dbt", "dbt_version": "1.11.2", "dbt_databricks_version": "1.12.4", "databricks_sql_connector_version": "4.1.3", "profile_name": "chinook", "target_name": "dev", "invocation_id": "348ecd4d-fb2f-4924-a481-8715bd8a820a", "node_id": "snapshot.chinook.Album02"} */

    
  DESCRIBE TABLE EXTENDED `uc_sql_server_central`.`data_snapshot`.`album02` AS JSON

  
[0m14:15:11.039099 [debug] [Thread-6 (]: SQL status: OK in 0.320 seconds
[0m14:15:11.042099 [debug] [Thread-6 (]: Databricks adapter: Cursor(session-id=01f1a0b0-e7c1-1480-bb19-c299b8c155c6, command-id=01f1a0b0-e8ab-13f9-bc0e-b8c1ea7af7f3) - Closing
[0m14:15:11.048748 [debug] [Thread-6 (]: Using databricks connection "snapshot.chinook.Album02"
[0m14:15:11.049357 [debug] [Thread-6 (]: On snapshot.chinook.Album02: /* {"app": "dbt", "dbt_version": "1.11.2", "dbt_databricks_version": "1.12.4", "databricks_sql_connector_version": "4.1.3", "profile_name": "chinook", "target_name": "dev", "invocation_id": "348ecd4d-fb2f-4924-a481-8715bd8a820a", "node_id": "snapshot.chinook.Album02"} */

    
  DESCRIBE TABLE EXTENDED `album02__dbt_tmp` AS JSON

  
[0m14:15:11.234400 [debug] [Thread-6 (]: SQL status: OK in 0.180 seconds
[0m14:15:11.240619 [debug] [Thread-6 (]: Databricks adapter: Cursor(session-id=01f1a0b0-e7c1-1480-bb19-c299b8c155c6, command-id=01f1a0b0-e8df-12b3-b625-a95234cd2073) - Closing
[0m14:15:11.247180 [debug] [Thread-6 (]: Using databricks connection "snapshot.chinook.Album02"
[0m14:15:11.248739 [debug] [Thread-6 (]: On snapshot.chinook.Album02: /* {"app": "dbt", "dbt_version": "1.11.2", "dbt_databricks_version": "1.12.4", "databricks_sql_connector_version": "4.1.3", "profile_name": "chinook", "target_name": "dev", "invocation_id": "348ecd4d-fb2f-4924-a481-8715bd8a820a", "node_id": "snapshot.chinook.Album02"} */

    
  DESCRIBE TABLE EXTENDED `uc_sql_server_central`.`data_snapshot`.`album02` AS JSON

  
[0m14:15:11.536266 [debug] [Thread-6 (]: SQL status: OK in 0.290 seconds
[0m14:15:11.539883 [debug] [Thread-6 (]: Databricks adapter: Cursor(session-id=01f1a0b0-e7c1-1480-bb19-c299b8c155c6, command-id=01f1a0b0-e8fb-1d3f-b5e9-14c37519800b) - Closing
[0m14:15:11.552344 [debug] [Thread-6 (]: Using databricks connection "snapshot.chinook.Album02"
[0m14:15:11.553344 [debug] [Thread-6 (]: On snapshot.chinook.Album02: /* {"app": "dbt", "dbt_version": "1.11.2", "dbt_databricks_version": "1.12.4", "databricks_sql_connector_version": "4.1.3", "profile_name": "chinook", "target_name": "dev", "invocation_id": "348ecd4d-fb2f-4924-a481-8715bd8a820a", "node_id": "snapshot.chinook.Album02"} */

    
  DESCRIBE TABLE EXTENDED `album02__dbt_tmp` AS JSON

  
[0m14:15:11.728273 [debug] [Thread-6 (]: SQL status: OK in 0.170 seconds
[0m14:15:11.735302 [debug] [Thread-6 (]: Databricks adapter: Cursor(session-id=01f1a0b0-e7c1-1480-bb19-c299b8c155c6, command-id=01f1a0b0-e928-1e9a-8278-05f43a15c627) - Closing
[0m14:15:11.764326 [debug] [Thread-6 (]: Using databricks connection "snapshot.chinook.Album02"
[0m14:15:11.764326 [debug] [Thread-6 (]: On snapshot.chinook.Album02: /* {"app": "dbt", "dbt_version": "1.11.2", "dbt_databricks_version": "1.12.4", "databricks_sql_connector_version": "4.1.3", "profile_name": "chinook", "target_name": "dev", "invocation_id": "348ecd4d-fb2f-4924-a481-8715bd8a820a", "node_id": "snapshot.chinook.Album02"} */
select * from (
        
    
    with snapshot_query as (

        select * from `uc_sql_server_central`.`data_raw`.`album01`

    ),

    snapshotted_data as (

        select *, 
    
        `AlbumId` as dbt_unique_key
    

        from `uc_sql_server_central`.`data_snapshot`.`album02`
        where
            
                dbt_valid_to is null
            

    ),

    insertions_source_data as (

        select *, 
    
        `AlbumId` as dbt_unique_key
    
,
            
    current_timestamp()
 as dbt_updated_at,
            
    current_timestamp()
 as dbt_valid_from,
            
  
  coalesce(nullif(
    current_timestamp()
, 
    current_timestamp()
), null)
  as dbt_valid_to
,
            md5(coalesce(cast(`AlbumId` as string ), '')
         || '|' || coalesce(cast(
    current_timestamp()
 as string ), '')
        ) as dbt_scd_id

        from snapshot_query
    ),

    updates_source_data as (

        select *, 
    
        `AlbumId` as dbt_unique_key
    
,
            
    current_timestamp()
 as dbt_updated_at,
            
    current_timestamp()
 as dbt_valid_from,
            
    current_timestamp()
 as dbt_valid_to

        from snapshot_query
    ),

    insertions as (

        select
            'insert' as dbt_change_type,
            source_data.*

        from insertions_source_data as source_data
        left outer join snapshotted_data
            on 
    
        snapshotted_data.dbt_unique_key = source_data.dbt_unique_key
    

            where 
    
        snapshotted_data.dbt_unique_key is null
    

            or (
    
        snapshotted_data.dbt_unique_key is not null
    
 and (
                (snapshotted_data.`Title` != source_data.`Title`
        or
        (
            ((snapshotted_data.`Title` is null) and not (source_data.`Title` is null))
            or
            ((not snapshotted_data.`Title` is null) and (source_data.`Title` is null))
        ) or snapshotted_data.`ArtistId` != source_data.`ArtistId`
        or
        (
            ((snapshotted_data.`ArtistId` is null) and not (source_data.`ArtistId` is null))
            or
            ((not snapshotted_data.`ArtistId` is null) and (source_data.`ArtistId` is null))
        ))
            )

        )

    ),

    updates as (

        select
            'update' as dbt_change_type,
            source_data.*,
            snapshotted_data.dbt_scd_id

        from updates_source_data as source_data
        join snapshotted_data
            on 
    
        snapshotted_data.dbt_unique_key = source_data.dbt_unique_key
    

        where (
            (snapshotted_data.`Title` != source_data.`Title`
        or
        (
            ((snapshotted_data.`Title` is null) and not (source_data.`Title` is null))
            or
            ((not snapshotted_data.`Title` is null) and (source_data.`Title` is null))
        ) or snapshotted_data.`ArtistId` != source_data.`ArtistId`
        or
        (
            ((snapshotted_data.`ArtistId` is null) and not (source_data.`ArtistId` is null))
            or
            ((not snapshotted_data.`ArtistId` is null) and (source_data.`ArtistId` is null))
        ))
        )
    )

    select * from insertions
    union all
    select * from updates

    ) as __dbt_sbq
    where false
    limit 0

[0m14:15:12.068929 [debug] [Thread-6 (]: SQL status: OK in 0.300 seconds
[0m14:15:12.072534 [debug] [Thread-6 (]: Using databricks connection "snapshot.chinook.Album02"
[0m14:15:12.073531 [debug] [Thread-6 (]: On snapshot.chinook.Album02: /* {"app": "dbt", "dbt_version": "1.11.2", "dbt_databricks_version": "1.12.4", "databricks_sql_connector_version": "4.1.3", "profile_name": "chinook", "target_name": "dev", "invocation_id": "348ecd4d-fb2f-4924-a481-8715bd8a820a", "node_id": "snapshot.chinook.Album02"} */
select * from (
        select 
    current_timestamp()
 as dbt_snapshot_time
    ) as __dbt_sbq
    where false
    limit 0

[0m14:15:12.073531 [debug] [Thread-6 (]: Databricks adapter: Cursor(session-id=01f1a0b0-e7c1-1480-bb19-c299b8c155c6, command-id=01f1a0b0-e94a-1a13-a033-d10dafd89957) - Closing
[0m14:15:12.225278 [debug] [Thread-6 (]: SQL status: OK in 0.150 seconds
[0m14:15:12.227609 [debug] [Thread-6 (]: Writing runtime sql for node "snapshot.chinook.Album02"
[0m14:15:12.233212 [debug] [Thread-6 (]: Using databricks connection "snapshot.chinook.Album02"
[0m14:15:12.235196 [debug] [Thread-6 (]: On snapshot.chinook.Album02: /* {"app": "dbt", "dbt_version": "1.11.2", "dbt_databricks_version": "1.12.4", "databricks_sql_connector_version": "4.1.3", "profile_name": "chinook", "target_name": "dev", "invocation_id": "348ecd4d-fb2f-4924-a481-8715bd8a820a", "node_id": "snapshot.chinook.Album02"} */

      merge into `uc_sql_server_central`.`data_snapshot`.`album02` as DBT_INTERNAL_DEST
        using `album02__dbt_tmp` as DBT_INTERNAL_SOURCE
    on DBT_INTERNAL_SOURCE.`dbt_scd_id` = DBT_INTERNAL_DEST.`dbt_scd_id`
    when matched
        and DBT_INTERNAL_DEST.`dbt_valid_to` is null
        and DBT_INTERNAL_SOURCE.`dbt_change_type` in ('update', 'delete')
        then update
        set `dbt_valid_to` = DBT_INTERNAL_SOURCE.`dbt_valid_to`

    when not matched
        and DBT_INTERNAL_SOURCE.`dbt_change_type` = 'insert'
        then insert (`AlbumId`, `Title`, `ArtistId`, `dbt_updated_at`, `dbt_valid_from`, `dbt_valid_to`, `dbt_scd_id`)
        values (`AlbumId`, `Title`, `ArtistId`, `dbt_updated_at`, `dbt_valid_from`, `dbt_valid_to`, `dbt_scd_id`)
    ;

  
[0m14:15:12.236714 [debug] [Thread-6 (]: Databricks adapter: Cursor(session-id=01f1a0b0-e7c1-1480-bb19-c299b8c155c6, command-id=01f1a0b0-e979-1ea6-b696-fbe6033fe1e0) - Closing
[0m14:15:13.987152 [debug] [Thread-6 (]: SQL status: OK in 1.750 seconds
[0m14:15:13.991235 [debug] [Thread-6 (]: Databricks adapter: Cursor(session-id=01f1a0b0-e7c1-1480-bb19-c299b8c155c6, command-id=01f1a0b0-e992-1946-a068-087310b75b86) - Closing
[0m14:15:14.030179 [debug] [Thread-6 (]: Applying DROP to: `album02__dbt_tmp`
[0m14:15:14.034179 [debug] [Thread-6 (]: Using databricks connection "snapshot.chinook.Album02"
[0m14:15:14.034179 [debug] [Thread-6 (]: On snapshot.chinook.Album02: /* {"app": "dbt", "dbt_version": "1.11.2", "dbt_databricks_version": "1.12.4", "databricks_sql_connector_version": "4.1.3", "profile_name": "chinook", "target_name": "dev", "invocation_id": "348ecd4d-fb2f-4924-a481-8715bd8a820a", "node_id": "snapshot.chinook.Album02"} */
DROP VIEW IF EXISTS `album02__dbt_tmp`
[0m14:15:14.230475 [debug] [Thread-6 (]: SQL status: OK in 0.200 seconds
[0m14:15:14.233014 [debug] [Thread-6 (]: Databricks adapter: Cursor(session-id=01f1a0b0-e7c1-1480-bb19-c299b8c155c6, command-id=01f1a0b0-eaa4-1b35-951b-84f3de44e037) - Closing
[0m14:15:14.249566 [debug] [Thread-6 (]: On snapshot.chinook.Album02: Close
[0m14:15:14.250567 [debug] [Thread-6 (]: Databricks adapter: Connection(session-id=01f1a0b0-e7c1-1480-bb19-c299b8c155c6) - Closing
[0m14:15:14.360684 [debug] [Thread-6 (]: Sending event: {'category': 'dbt', 'action': 'run_model', 'label': '348ecd4d-fb2f-4924-a481-8715bd8a820a', 'context': [<snowplow_tracker.self_describing_json.SelfDescribingJson object at 0x000001BF36561E80>]}
[0m14:15:14.362338 [info ] [Thread-6 (]: 1 of 1 OK snapshotted data_snapshot.album02 .................................... [[32mOK[0m in 5.40s]
[0m14:15:14.364478 [debug] [Thread-6 (]: Finished running node snapshot.chinook.Album02
[0m14:15:14.367146 [debug] [MainThread]: Databricks adapter: DatabricksDBTConnection(session-id=None, name=master) - Creating connection
[0m14:15:14.368148 [debug] [MainThread]: Acquiring new databricks connection 'master'
[0m14:15:14.369143 [info ] [MainThread]: 
[0m14:15:14.370207 [info ] [MainThread]: Finished running 1 snapshot in 0 hours 0 minutes and 10.39 seconds (10.39s).
[0m14:15:14.372156 [debug] [MainThread]: Command end result
[0m14:15:14.549139 [debug] [MainThread]: Wrote artifact WritableManifest to C:\dbt-and-databricks\06-chinook-schema\target\manifest.json
[0m14:15:14.552682 [debug] [MainThread]: Wrote artifact SemanticManifest to C:\dbt-and-databricks\06-chinook-schema\target\semantic_manifest.json
[0m14:15:14.559744 [debug] [MainThread]: Wrote artifact RunExecutionResult to C:\dbt-and-databricks\06-chinook-schema\target\run_results.json
[0m14:15:14.560745 [info ] [MainThread]: 
[0m14:15:14.560745 [info ] [MainThread]: [32mCompleted successfully[0m
[0m14:15:14.561757 [info ] [MainThread]: 
[0m14:15:14.561757 [info ] [MainThread]: Done. PASS=1 WARN=0 ERROR=0 SKIP=0 NO-OP=0 TOTAL=1
[0m14:15:14.563755 [debug] [MainThread]: Command `dbt snapshot` succeeded at 14:15:14.562764 after 18.12 seconds
[0m14:15:14.563755 [debug] [MainThread]: Sending event: {'category': 'dbt', 'action': 'invocation', 'label': 'end', 'context': [<snowplow_tracker.self_describing_json.SelfDescribingJson object at 0x000001BF35BA42F0>, <snowplow_tracker.self_describing_json.SelfDescribingJson object at 0x000001BF382CD760>, <snowplow_tracker.self_describing_json.SelfDescribingJson object at 0x000001BF382CF9B0>]}
[0m14:15:14.563755 [debug] [MainThread]: Flushing usage events
[0m14:15:14.761572 [debug] [MainThread]: An error was encountered while trying to flush usage events
[0m14:17:22.889974 [debug] [MainThread]: Sending event: {'category': 'dbt', 'action': 'invocation', 'label': 'start', 'context': [<snowplow_tracker.self_describing_json.SelfDescribingJson object at 0x000002350DE27EC0>, <snowplow_tracker.self_describing_json.SelfDescribingJson object at 0x000002350DD5D430>, <snowplow_tracker.self_describing_json.SelfDescribingJson object at 0x000002350B14FF50>]}


============================== 14:17:22.903061 | f90c5904-5bee-41f0-a69c-29b7f7674600 ==============================
[0m14:17:22.903061 [info ] [MainThread]: Running with dbt=1.11.2
[0m14:17:22.904055 [debug] [MainThread]: running dbt with arguments {'static_parser': 'True', 'no_print': 'None', 'version_check': 'True', 'warn_error_options': 'WarnErrorOptionsV2(error=[], warn=[], silence=[])', 'target_path': 'None', 'printer_width': '80', 'write_json': 'True', 'introspect': 'True', 'log_cache_events': 'False', 'empty': 'False', 'cache_selected_only': 'False', 'log_format': 'default', 'debug': 'False', 'fail_fast': 'False', 'profiles_dir': 'C:\\dbt-and-databricks\\06-chinook-schema', 'send_anonymous_usage_stats': 'True', 'quiet': 'False', 'warn_error': 'None', 'partial_parse': 'True', 'use_colors': 'True', 'invocation_command': 'dbt build', 'indirect_selection': 'eager', 'use_experimental_parser': 'False', 'log_path': 'C:\\dbt-and-databricks\\06-chinook-schema\\logs'}
[0m14:17:25.230446 [debug] [MainThread]: Spark adapter: Setting pyhive.hive logging to ERROR
[0m14:17:25.231445 [debug] [MainThread]: Spark adapter: Setting thrift.transport logging to ERROR
[0m14:17:25.231445 [debug] [MainThread]: Spark adapter: Setting thrift.protocol logging to ERROR
[0m14:17:27.778218 [debug] [MainThread]: Sending event: {'category': 'dbt', 'action': 'project_id', 'label': 'f90c5904-5bee-41f0-a69c-29b7f7674600', 'context': [<snowplow_tracker.self_describing_json.SelfDescribingJson object at 0x0000023513AECB30>]}
[0m14:17:27.840978 [debug] [MainThread]: Sending event: {'category': 'dbt', 'action': 'adapter_info', 'label': 'f90c5904-5bee-41f0-a69c-29b7f7674600', 'context': [<snowplow_tracker.self_describing_json.SelfDescribingJson object at 0x0000023513A5D940>]}
[0m14:17:27.841980 [info ] [MainThread]: Registered adapter: databricks=1.12.4
[0m14:17:28.373897 [debug] [MainThread]: checksum: 3d40d8bbe1bef07db1c24822f2dbfff8bc07f2a48ed4fe2658a40653aec0b54b, vars: {}, profile: , target: , version: 1.11.2
[0m14:17:29.306958 [debug] [MainThread]: Partial parsing enabled: 0 files deleted, 0 files added, 0 files changed.
[0m14:17:29.308967 [debug] [MainThread]: Nothing changed, skipping partial parsing.
[0m14:17:29.308967 [debug] [MainThread]: Partial parsing enabled, no changes found, skipping parsing
[0m14:17:29.384042 [debug] [MainThread]: Sending event: {'category': 'dbt', 'action': 'load_project', 'label': 'f90c5904-5bee-41f0-a69c-29b7f7674600', 'context': [<snowplow_tracker.self_describing_json.SelfDescribingJson object at 0x00000235152250A0>]}
[0m14:17:29.500311 [debug] [MainThread]: Wrote artifact WritableManifest to C:\dbt-and-databricks\06-chinook-schema\target\manifest.json
[0m14:17:29.504213 [debug] [MainThread]: Wrote artifact SemanticManifest to C:\dbt-and-databricks\06-chinook-schema\target\semantic_manifest.json
[0m14:17:29.559553 [debug] [MainThread]: Sending event: {'category': 'dbt', 'action': 'resource_counts', 'label': 'f90c5904-5bee-41f0-a69c-29b7f7674600', 'context': [<snowplow_tracker.self_describing_json.SelfDescribingJson object at 0x000002351502AC30>]}
[0m14:17:29.560553 [info ] [MainThread]: Found 10 models, 8 snapshots, 11 seeds, 30 data tests, 1064 macros
[0m14:17:29.566130 [info ] [MainThread]: 
[0m14:17:29.567205 [info ] [MainThread]: Concurrency: 1 threads (target='dev')
[0m14:17:29.567205 [info ] [MainThread]: 
[0m14:17:29.568195 [debug] [MainThread]: Databricks adapter: DatabricksDBTConnection(session-id=None, name=master) - Creating connection
[0m14:17:29.568195 [debug] [MainThread]: Acquiring new databricks connection 'master'
[0m14:17:29.579457 [debug] [ThreadPool]: Databricks adapter: DatabricksDBTConnection(session-id=None, name=list_uc_sql_server_central) - Creating connection
[0m14:17:29.580447 [debug] [ThreadPool]: Acquiring new databricks connection 'list_uc_sql_server_central'
[0m14:17:29.601522 [debug] [ThreadPool]: Using databricks connection "list_uc_sql_server_central"
[0m14:17:29.602518 [debug] [ThreadPool]: On list_uc_sql_server_central: /* {"app": "dbt", "dbt_version": "1.11.2", "dbt_databricks_version": "1.12.4", "databricks_sql_connector_version": "4.1.3", "profile_name": "chinook", "target_name": "dev", "invocation_id": "f90c5904-5bee-41f0-a69c-29b7f7674600", "connection_name": "list_uc_sql_server_central"} */

    

  SHOW SCHEMAS IN `uc_sql_server_central`


  
[0m14:17:29.602518 [debug] [ThreadPool]: Opening a new connection, currently in state init
[0m14:17:30.024639 [debug] [ThreadPool]: Databricks adapter: Connection(session-id=01f1a0b1-3ba4-1922-9e01-d46cece75fe4) - Created
[0m14:17:30.315725 [debug] [ThreadPool]: SQL status: OK in 0.710 seconds
[0m14:17:30.330916 [debug] [ThreadPool]: Databricks adapter: Cursor(session-id=01f1a0b1-3ba4-1922-9e01-d46cece75fe4, command-id=01f1a0b1-3bb5-1068-b67f-99741d7cc4c4) - Closing
[0m14:17:30.331917 [debug] [ThreadPool]: On list_uc_sql_server_central: Close
[0m14:17:30.332915 [debug] [ThreadPool]: Databricks adapter: Connection(session-id=01f1a0b1-3ba4-1922-9e01-d46cece75fe4) - Closing
[0m14:17:30.433979 [debug] [ThreadPool]: Databricks adapter: DatabricksDBTConnection(session-id=None, name=list_uc_sql_server_central) - Creating connection
[0m14:17:30.434980 [debug] [ThreadPool]: Acquiring new databricks connection 'list_uc_sql_server_central'
[0m14:17:30.446044 [debug] [ThreadPool]: Using databricks connection "list_uc_sql_server_central"
[0m14:17:30.447061 [debug] [ThreadPool]: On list_uc_sql_server_central: /* {"app": "dbt", "dbt_version": "1.11.2", "dbt_databricks_version": "1.12.4", "databricks_sql_connector_version": "4.1.3", "profile_name": "chinook", "target_name": "dev", "invocation_id": "f90c5904-5bee-41f0-a69c-29b7f7674600", "connection_name": "list_uc_sql_server_central"} */

    

  SHOW SCHEMAS IN `uc_sql_server_central`


  
[0m14:17:30.447061 [debug] [ThreadPool]: Opening a new connection, currently in state init
[0m14:17:30.811629 [debug] [ThreadPool]: Databricks adapter: Connection(session-id=01f1a0b1-3c1e-16a3-9381-b667e48f298e) - Created
[0m14:17:31.083502 [debug] [ThreadPool]: SQL status: OK in 0.640 seconds
[0m14:17:31.087970 [debug] [ThreadPool]: Databricks adapter: Cursor(session-id=01f1a0b1-3c1e-16a3-9381-b667e48f298e, command-id=01f1a0b1-3c2b-1e40-847d-9582148fdc5e) - Closing
[0m14:17:31.089494 [debug] [ThreadPool]: On list_uc_sql_server_central: Close
[0m14:17:31.089494 [debug] [ThreadPool]: Databricks adapter: Connection(session-id=01f1a0b1-3c1e-16a3-9381-b667e48f298e) - Closing
[0m14:17:31.192170 [debug] [ThreadPool]: Databricks adapter: DatabricksDBTConnection(session-id=None, name=list_uc_sql_server_central) - Creating connection
[0m14:17:31.193170 [debug] [ThreadPool]: Acquiring new databricks connection 'list_uc_sql_server_central'
[0m14:17:31.202286 [debug] [ThreadPool]: Using databricks connection "list_uc_sql_server_central"
[0m14:17:31.204293 [debug] [ThreadPool]: On list_uc_sql_server_central: /* {"app": "dbt", "dbt_version": "1.11.2", "dbt_databricks_version": "1.12.4", "databricks_sql_connector_version": "4.1.3", "profile_name": "chinook", "target_name": "dev", "invocation_id": "f90c5904-5bee-41f0-a69c-29b7f7674600", "connection_name": "list_uc_sql_server_central"} */

    

  SHOW SCHEMAS IN `uc_sql_server_central`


  
[0m14:17:31.205815 [debug] [ThreadPool]: Opening a new connection, currently in state init
[0m14:17:31.585225 [debug] [ThreadPool]: Databricks adapter: Connection(session-id=01f1a0b1-3c93-188e-941b-ac5d91149e48) - Created
[0m14:17:31.835943 [debug] [ThreadPool]: SQL status: OK in 0.630 seconds
[0m14:17:31.841035 [debug] [ThreadPool]: Databricks adapter: Cursor(session-id=01f1a0b1-3c93-188e-941b-ac5d91149e48, command-id=01f1a0b1-3ca0-1765-a88d-ced755f8af6d) - Closing
[0m14:17:31.843024 [debug] [ThreadPool]: On list_uc_sql_server_central: Close
[0m14:17:31.843024 [debug] [ThreadPool]: Databricks adapter: Connection(session-id=01f1a0b1-3c93-188e-941b-ac5d91149e48) - Closing
[0m14:17:31.960511 [debug] [ThreadPool]: Databricks adapter: DatabricksDBTConnection(session-id=None, name=list_uc_sql_server_central) - Creating connection
[0m14:17:31.961512 [debug] [ThreadPool]: Acquiring new databricks connection 'list_uc_sql_server_central'
[0m14:17:31.973621 [debug] [ThreadPool]: Using databricks connection "list_uc_sql_server_central"
[0m14:17:31.975133 [debug] [ThreadPool]: On list_uc_sql_server_central: /* {"app": "dbt", "dbt_version": "1.11.2", "dbt_databricks_version": "1.12.4", "databricks_sql_connector_version": "4.1.3", "profile_name": "chinook", "target_name": "dev", "invocation_id": "f90c5904-5bee-41f0-a69c-29b7f7674600", "connection_name": "list_uc_sql_server_central"} */

    

  SHOW SCHEMAS IN `uc_sql_server_central`


  
[0m14:17:31.976152 [debug] [ThreadPool]: Opening a new connection, currently in state init
[0m14:17:32.488519 [debug] [ThreadPool]: Databricks adapter: Connection(session-id=01f1a0b1-3d1a-1ba9-8eae-9748ecdb773e) - Created
[0m14:17:32.825858 [debug] [ThreadPool]: SQL status: OK in 0.850 seconds
[0m14:17:32.834156 [debug] [ThreadPool]: Databricks adapter: Cursor(session-id=01f1a0b1-3d1a-1ba9-8eae-9748ecdb773e, command-id=01f1a0b1-3d2a-1c37-956e-fdf15fc31089) - Closing
[0m14:17:32.836158 [debug] [ThreadPool]: On list_uc_sql_server_central: Close
[0m14:17:32.837709 [debug] [ThreadPool]: Databricks adapter: Connection(session-id=01f1a0b1-3d1a-1ba9-8eae-9748ecdb773e) - Closing
[0m14:17:32.949087 [debug] [ThreadPool]: Databricks adapter: DatabricksDBTConnection(session-id=None, name=create_uc_sql_server_central_data_raw) - Creating connection
[0m14:17:32.951103 [debug] [ThreadPool]: Acquiring new databricks connection 'create_uc_sql_server_central_data_raw'
[0m14:17:32.953089 [debug] [ThreadPool]: Creating schema "database: "uc_sql_server_central"
schema: "data_raw"
"
[0m14:17:32.971139 [debug] [ThreadPool]: Using databricks connection "create_uc_sql_server_central_data_raw"
[0m14:17:32.973143 [debug] [ThreadPool]: On create_uc_sql_server_central_data_raw: /* {"app": "dbt", "dbt_version": "1.11.2", "dbt_databricks_version": "1.12.4", "databricks_sql_connector_version": "4.1.3", "profile_name": "chinook", "target_name": "dev", "invocation_id": "f90c5904-5bee-41f0-a69c-29b7f7674600", "connection_name": "create_uc_sql_server_central_data_raw"} */
create schema if not exists `uc_sql_server_central`.`data_raw`
  
[0m14:17:32.973661 [debug] [ThreadPool]: Opening a new connection, currently in state init
[0m14:17:33.333972 [debug] [ThreadPool]: Databricks adapter: Connection(session-id=01f1a0b1-3d9e-1b30-8588-6e407ed0205c) - Created
[0m14:17:33.845099 [debug] [ThreadPool]: SQL status: OK in 0.870 seconds
[0m14:17:33.848656 [debug] [ThreadPool]: Databricks adapter: Cursor(session-id=01f1a0b1-3d9e-1b30-8588-6e407ed0205c, command-id=01f1a0b1-3dab-126c-b604-e665b29f7f01) - Closing
[0m14:17:33.850656 [debug] [ThreadPool]: On create_uc_sql_server_central_data_raw: Close
[0m14:17:33.851655 [debug] [ThreadPool]: Databricks adapter: Connection(session-id=01f1a0b1-3d9e-1b30-8588-6e407ed0205c) - Closing
[0m14:17:33.972501 [debug] [ThreadPool]: Databricks adapter: DatabricksDBTConnection(session-id=None, name=create_uc_sql_server_central_data_snapshot) - Creating connection
[0m14:17:33.974013 [debug] [ThreadPool]: Acquiring new databricks connection 'create_uc_sql_server_central_data_snapshot'
[0m14:17:33.976035 [debug] [ThreadPool]: Creating schema "database: "uc_sql_server_central"
schema: "data_snapshot"
"
[0m14:17:33.987151 [debug] [ThreadPool]: Using databricks connection "create_uc_sql_server_central_data_snapshot"
[0m14:17:33.988147 [debug] [ThreadPool]: On create_uc_sql_server_central_data_snapshot: /* {"app": "dbt", "dbt_version": "1.11.2", "dbt_databricks_version": "1.12.4", "databricks_sql_connector_version": "4.1.3", "profile_name": "chinook", "target_name": "dev", "invocation_id": "f90c5904-5bee-41f0-a69c-29b7f7674600", "connection_name": "create_uc_sql_server_central_data_snapshot"} */
create schema if not exists `uc_sql_server_central`.`data_snapshot`
  
[0m14:17:33.989143 [debug] [ThreadPool]: Opening a new connection, currently in state init
[0m14:17:34.326944 [debug] [ThreadPool]: Databricks adapter: Connection(session-id=01f1a0b1-3e36-1162-ab6e-07ebe543122e) - Created
[0m14:17:34.804634 [debug] [ThreadPool]: SQL status: OK in 0.820 seconds
[0m14:17:34.806149 [debug] [ThreadPool]: Databricks adapter: Cursor(session-id=01f1a0b1-3e36-1162-ab6e-07ebe543122e, command-id=01f1a0b1-3e42-1ea0-bf1e-29ef705e04f9) - Closing
[0m14:17:34.808180 [debug] [ThreadPool]: On create_uc_sql_server_central_data_snapshot: Close
[0m14:17:34.810734 [debug] [ThreadPool]: Databricks adapter: Connection(session-id=01f1a0b1-3e36-1162-ab6e-07ebe543122e) - Closing
[0m14:17:34.907443 [debug] [ThreadPool]: Databricks adapter: DatabricksDBTConnection(session-id=None, name=create_uc_sql_server_central_data_mart) - Creating connection
[0m14:17:34.908440 [debug] [ThreadPool]: Acquiring new databricks connection 'create_uc_sql_server_central_data_mart'
[0m14:17:34.909440 [debug] [ThreadPool]: Creating schema "database: "uc_sql_server_central"
schema: "data_mart"
"
[0m14:17:34.917101 [debug] [ThreadPool]: Using databricks connection "create_uc_sql_server_central_data_mart"
[0m14:17:34.919052 [debug] [ThreadPool]: On create_uc_sql_server_central_data_mart: /* {"app": "dbt", "dbt_version": "1.11.2", "dbt_databricks_version": "1.12.4", "databricks_sql_connector_version": "4.1.3", "profile_name": "chinook", "target_name": "dev", "invocation_id": "f90c5904-5bee-41f0-a69c-29b7f7674600", "connection_name": "create_uc_sql_server_central_data_mart"} */
create schema if not exists `uc_sql_server_central`.`data_mart`
  
[0m14:17:34.920097 [debug] [ThreadPool]: Opening a new connection, currently in state init
[0m14:17:35.203641 [debug] [ThreadPool]: Databricks adapter: Connection(session-id=01f1a0b1-3ebc-14e2-b670-e5effc73b7b1) - Created
[0m14:17:35.661539 [debug] [ThreadPool]: SQL status: OK in 0.740 seconds
[0m14:17:35.663536 [debug] [ThreadPool]: Databricks adapter: Cursor(session-id=01f1a0b1-3ebc-14e2-b670-e5effc73b7b1, command-id=01f1a0b1-3ec8-1958-91e8-8866e22aff9c) - Closing
[0m14:17:35.664542 [debug] [ThreadPool]: On create_uc_sql_server_central_data_mart: Close
[0m14:17:35.666059 [debug] [ThreadPool]: Databricks adapter: Connection(session-id=01f1a0b1-3ebc-14e2-b670-e5effc73b7b1) - Closing
[0m14:17:35.766700 [debug] [ThreadPool]: Databricks adapter: DatabricksDBTConnection(session-id=None, name=create_uc_sql_server_central_data_stage) - Creating connection
[0m14:17:35.766700 [debug] [ThreadPool]: Acquiring new databricks connection 'create_uc_sql_server_central_data_stage'
[0m14:17:35.768417 [debug] [ThreadPool]: Creating schema "database: "uc_sql_server_central"
schema: "data_stage"
"
[0m14:17:35.778964 [debug] [ThreadPool]: Using databricks connection "create_uc_sql_server_central_data_stage"
[0m14:17:35.779965 [debug] [ThreadPool]: On create_uc_sql_server_central_data_stage: /* {"app": "dbt", "dbt_version": "1.11.2", "dbt_databricks_version": "1.12.4", "databricks_sql_connector_version": "4.1.3", "profile_name": "chinook", "target_name": "dev", "invocation_id": "f90c5904-5bee-41f0-a69c-29b7f7674600", "connection_name": "create_uc_sql_server_central_data_stage"} */
create schema if not exists `uc_sql_server_central`.`data_stage`
  
[0m14:17:35.779965 [debug] [ThreadPool]: Opening a new connection, currently in state init
[0m14:17:36.055917 [debug] [ThreadPool]: Databricks adapter: Connection(session-id=01f1a0b1-3f3e-1b06-9a9f-e9dfca735133) - Created
[0m14:17:36.520907 [debug] [ThreadPool]: SQL status: OK in 0.740 seconds
[0m14:17:36.523823 [debug] [ThreadPool]: Databricks adapter: Cursor(session-id=01f1a0b1-3f3e-1b06-9a9f-e9dfca735133, command-id=01f1a0b1-3f4a-1fd0-9c1c-bbce1abd9f2c) - Closing
[0m14:17:36.525848 [debug] [ThreadPool]: On create_uc_sql_server_central_data_stage: Close
[0m14:17:36.525848 [debug] [ThreadPool]: Databricks adapter: Connection(session-id=01f1a0b1-3f3e-1b06-9a9f-e9dfca735133) - Closing
[0m14:17:36.648278 [debug] [ThreadPool]: Databricks adapter: DatabricksDBTConnection(session-id=None, name=list_uc_sql_server_central_data_raw) - Creating connection
[0m14:17:36.650299 [debug] [ThreadPool]: Acquiring new databricks connection 'list_uc_sql_server_central_data_raw'
[0m14:17:36.665062 [debug] [ThreadPool]: Using databricks connection "list_uc_sql_server_central_data_raw"
[0m14:17:36.666575 [debug] [ThreadPool]: On list_uc_sql_server_central_data_raw: /* {"app": "dbt", "dbt_version": "1.11.2", "dbt_databricks_version": "1.12.4", "databricks_sql_connector_version": "4.1.3", "profile_name": "chinook", "target_name": "dev", "invocation_id": "f90c5904-5bee-41f0-a69c-29b7f7674600", "connection_name": "list_uc_sql_server_central_data_raw"} */

    
SELECT
  table_name,
  if(table_type IN ('EXTERNAL', 'MANAGED', 'MANAGED_SHALLOW_CLONE', 'EXTERNAL_SHALLOW_CLONE'), 'table', lower(table_type)) AS table_type,
  lower(data_source_format) AS file_format,
  table_owner,
  if(
    table_type IN (
      'EXTERNAL',
      'MANAGED',
      'MANAGED_SHALLOW_CLONE',
      'EXTERNAL_SHALLOW_CLONE'
    ),
    lower(table_type),
    NULL
  ) AS databricks_table_type
FROM `system`.`information_schema`.`tables`
WHERE table_catalog = 'uc_sql_server_central'
  AND table_schema = 'data_raw'

  
[0m14:17:36.667085 [debug] [ThreadPool]: Opening a new connection, currently in state init
[0m14:17:36.972661 [debug] [ThreadPool]: Databricks adapter: Connection(session-id=01f1a0b1-3fca-1f86-b6f7-653aa714d672) - Created
[0m14:17:37.391035 [debug] [ThreadPool]: SQL status: OK in 0.720 seconds
[0m14:17:37.400600 [debug] [ThreadPool]: Databricks adapter: Cursor(session-id=01f1a0b1-3fca-1f86-b6f7-653aa714d672, command-id=01f1a0b1-3fd7-106b-a2e7-b257c90582af) - Closing
[0m14:17:37.402602 [debug] [ThreadPool]: On list_uc_sql_server_central_data_raw: Close
[0m14:17:37.403620 [debug] [ThreadPool]: Databricks adapter: Connection(session-id=01f1a0b1-3fca-1f86-b6f7-653aa714d672) - Closing
[0m14:17:37.553060 [debug] [ThreadPool]: Databricks adapter: DatabricksDBTConnection(session-id=None, name=list_uc_sql_server_central_data_snapshot) - Creating connection
[0m14:17:37.554056 [debug] [ThreadPool]: Acquiring new databricks connection 'list_uc_sql_server_central_data_snapshot'
[0m14:17:37.566207 [debug] [ThreadPool]: Using databricks connection "list_uc_sql_server_central_data_snapshot"
[0m14:17:37.567245 [debug] [ThreadPool]: On list_uc_sql_server_central_data_snapshot: /* {"app": "dbt", "dbt_version": "1.11.2", "dbt_databricks_version": "1.12.4", "databricks_sql_connector_version": "4.1.3", "profile_name": "chinook", "target_name": "dev", "invocation_id": "f90c5904-5bee-41f0-a69c-29b7f7674600", "connection_name": "list_uc_sql_server_central_data_snapshot"} */

    
SELECT
  table_name,
  if(table_type IN ('EXTERNAL', 'MANAGED', 'MANAGED_SHALLOW_CLONE', 'EXTERNAL_SHALLOW_CLONE'), 'table', lower(table_type)) AS table_type,
  lower(data_source_format) AS file_format,
  table_owner,
  if(
    table_type IN (
      'EXTERNAL',
      'MANAGED',
      'MANAGED_SHALLOW_CLONE',
      'EXTERNAL_SHALLOW_CLONE'
    ),
    lower(table_type),
    NULL
  ) AS databricks_table_type
FROM `system`.`information_schema`.`tables`
WHERE table_catalog = 'uc_sql_server_central'
  AND table_schema = 'data_snapshot'

  
[0m14:17:37.568280 [debug] [ThreadPool]: Opening a new connection, currently in state init
[0m14:17:37.863486 [debug] [ThreadPool]: Databricks adapter: Connection(session-id=01f1a0b1-4051-1f4b-86b6-6b472c498756) - Created
[0m14:17:38.265975 [debug] [ThreadPool]: SQL status: OK in 0.700 seconds
[0m14:17:38.271075 [debug] [ThreadPool]: Databricks adapter: Cursor(session-id=01f1a0b1-4051-1f4b-86b6-6b472c498756, command-id=01f1a0b1-4060-119f-a2fa-9e5dc912b871) - Closing
[0m14:17:38.272082 [debug] [ThreadPool]: On list_uc_sql_server_central_data_snapshot: Close
[0m14:17:38.273066 [debug] [ThreadPool]: Databricks adapter: Connection(session-id=01f1a0b1-4051-1f4b-86b6-6b472c498756) - Closing
[0m14:17:38.362512 [debug] [ThreadPool]: Databricks adapter: DatabricksDBTConnection(session-id=None, name=list_uc_sql_server_central_data_mart) - Creating connection
[0m14:17:38.363525 [debug] [ThreadPool]: Acquiring new databricks connection 'list_uc_sql_server_central_data_mart'
[0m14:17:38.369148 [debug] [ThreadPool]: Using databricks connection "list_uc_sql_server_central_data_mart"
[0m14:17:38.370150 [debug] [ThreadPool]: On list_uc_sql_server_central_data_mart: /* {"app": "dbt", "dbt_version": "1.11.2", "dbt_databricks_version": "1.12.4", "databricks_sql_connector_version": "4.1.3", "profile_name": "chinook", "target_name": "dev", "invocation_id": "f90c5904-5bee-41f0-a69c-29b7f7674600", "connection_name": "list_uc_sql_server_central_data_mart"} */

    
SELECT
  table_name,
  if(table_type IN ('EXTERNAL', 'MANAGED', 'MANAGED_SHALLOW_CLONE', 'EXTERNAL_SHALLOW_CLONE'), 'table', lower(table_type)) AS table_type,
  lower(data_source_format) AS file_format,
  table_owner,
  if(
    table_type IN (
      'EXTERNAL',
      'MANAGED',
      'MANAGED_SHALLOW_CLONE',
      'EXTERNAL_SHALLOW_CLONE'
    ),
    lower(table_type),
    NULL
  ) AS databricks_table_type
FROM `system`.`information_schema`.`tables`
WHERE table_catalog = 'uc_sql_server_central'
  AND table_schema = 'data_mart'

  
[0m14:17:38.370150 [debug] [ThreadPool]: Opening a new connection, currently in state init
[0m14:17:38.688199 [debug] [ThreadPool]: Databricks adapter: Connection(session-id=01f1a0b1-40d0-13b9-8f24-0abaaa463f95) - Created
[0m14:17:39.145836 [debug] [ThreadPool]: SQL status: OK in 0.780 seconds
[0m14:17:39.150540 [debug] [ThreadPool]: Databricks adapter: Cursor(session-id=01f1a0b1-40d0-13b9-8f24-0abaaa463f95, command-id=01f1a0b1-40de-115c-b7d2-575c44264d9f) - Closing
[0m14:17:39.151543 [debug] [ThreadPool]: On list_uc_sql_server_central_data_mart: Close
[0m14:17:39.152507 [debug] [ThreadPool]: Databricks adapter: Connection(session-id=01f1a0b1-40d0-13b9-8f24-0abaaa463f95) - Closing
[0m14:17:39.245758 [debug] [ThreadPool]: Databricks adapter: DatabricksDBTConnection(session-id=None, name=list_uc_sql_server_central_data_stage) - Creating connection
[0m14:17:39.247482 [debug] [ThreadPool]: Acquiring new databricks connection 'list_uc_sql_server_central_data_stage'
[0m14:17:39.253596 [debug] [ThreadPool]: Using databricks connection "list_uc_sql_server_central_data_stage"
[0m14:17:39.254555 [debug] [ThreadPool]: On list_uc_sql_server_central_data_stage: /* {"app": "dbt", "dbt_version": "1.11.2", "dbt_databricks_version": "1.12.4", "databricks_sql_connector_version": "4.1.3", "profile_name": "chinook", "target_name": "dev", "invocation_id": "f90c5904-5bee-41f0-a69c-29b7f7674600", "connection_name": "list_uc_sql_server_central_data_stage"} */

    
SELECT
  table_name,
  if(table_type IN ('EXTERNAL', 'MANAGED', 'MANAGED_SHALLOW_CLONE', 'EXTERNAL_SHALLOW_CLONE'), 'table', lower(table_type)) AS table_type,
  lower(data_source_format) AS file_format,
  table_owner,
  if(
    table_type IN (
      'EXTERNAL',
      'MANAGED',
      'MANAGED_SHALLOW_CLONE',
      'EXTERNAL_SHALLOW_CLONE'
    ),
    lower(table_type),
    NULL
  ) AS databricks_table_type
FROM `system`.`information_schema`.`tables`
WHERE table_catalog = 'uc_sql_server_central'
  AND table_schema = 'data_stage'

  
[0m14:17:39.256120 [debug] [ThreadPool]: Opening a new connection, currently in state init
[0m14:17:39.567160 [debug] [ThreadPool]: Databricks adapter: Connection(session-id=01f1a0b1-4155-1d6a-b96e-f85d88a37933) - Created
[0m14:17:39.964698 [debug] [ThreadPool]: SQL status: OK in 0.710 seconds
[0m14:17:39.970326 [debug] [ThreadPool]: Databricks adapter: Cursor(session-id=01f1a0b1-4155-1d6a-b96e-f85d88a37933, command-id=01f1a0b1-4163-1459-937e-a25b278cdd92) - Closing
[0m14:17:39.972271 [debug] [ThreadPool]: On list_uc_sql_server_central_data_stage: Close
[0m14:17:39.973260 [debug] [ThreadPool]: Databricks adapter: Connection(session-id=01f1a0b1-4155-1d6a-b96e-f85d88a37933) - Closing
[0m14:17:40.068576 [debug] [MainThread]: Sending event: {'category': 'dbt', 'action': 'runnable_timing', 'label': 'f90c5904-5bee-41f0-a69c-29b7f7674600', 'context': [<snowplow_tracker.self_describing_json.SelfDescribingJson object at 0x0000023513CDCC50>]}
[0m14:17:40.085891 [debug] [Thread-13 ]: Began running node model.chinook.Dates02
[0m14:17:40.092589 [info ] [Thread-13 ]: 1 of 59 START sql table model data_stage.dates02 ............................... [RUN]
[0m14:17:40.096116 [debug] [Thread-13 ]: Databricks adapter: DatabricksDBTConnection(session-id=None, name=model.chinook.Dates02) - Creating connection
[0m14:17:40.098177 [debug] [Thread-13 ]: Acquiring new databricks connection 'model.chinook.Dates02'
[0m14:17:40.100201 [debug] [Thread-13 ]: Began compiling node model.chinook.Dates02
[0m14:17:40.143415 [debug] [Thread-13 ]: Using databricks connection "model.chinook.Dates02"
[0m14:17:40.143415 [debug] [Thread-13 ]: On model.chinook.Dates02: /* {"app": "dbt", "dbt_version": "1.11.2", "dbt_databricks_version": "1.12.4", "databricks_sql_connector_version": "4.1.3", "profile_name": "chinook", "target_name": "dev", "invocation_id": "f90c5904-5bee-41f0-a69c-29b7f7674600", "node_id": "model.chinook.Dates02"} */


        select timestampdiff(day, date_trunc('day', CAST('2015-01-01' AS DATE)), date_trunc('day', CAST('2045-01-01' AS DATE)))
[0m14:17:40.144415 [debug] [Thread-13 ]: Opening a new connection, currently in state init
[0m14:17:40.457754 [debug] [Thread-13 ]: Databricks adapter: Connection(session-id=01f1a0b1-41de-1162-a5c6-2fc2e2b32c8c) - Created
[0m14:17:40.666054 [debug] [Thread-13 ]: SQL status: OK in 0.520 seconds
[0m14:17:40.669118 [debug] [Thread-13 ]: Databricks adapter: Cursor(session-id=01f1a0b1-41de-1162-a5c6-2fc2e2b32c8c, command-id=01f1a0b1-41ea-14d6-a6d9-36b594cec23d) - Closing
[0m14:17:40.686930 [debug] [Thread-13 ]: Writing injected SQL for node "model.chinook.Dates02"
[0m14:17:40.688944 [debug] [Thread-13 ]: Began executing node model.chinook.Dates02
[0m14:17:40.706133 [debug] [Thread-13 ]: MATERIALIZING TABLE
[0m14:17:40.736969 [debug] [Thread-13 ]: Using databricks connection "model.chinook.Dates02"
[0m14:17:40.737985 [debug] [Thread-13 ]: On model.chinook.Dates02: /* {"app": "dbt", "dbt_version": "1.11.2", "dbt_databricks_version": "1.12.4", "databricks_sql_connector_version": "4.1.3", "profile_name": "chinook", "target_name": "dev", "invocation_id": "f90c5904-5bee-41f0-a69c-29b7f7674600", "node_id": "model.chinook.Dates02"} */
SELECT
    table_catalog,
    table_schema,
    table_name,
    filter_name,
    target_columns
  FROM `uc_sql_server_central`.`information_schema`.`row_filters`
  WHERE table_catalog = 'uc_sql_server_central'
    AND table_schema = 'data_stage'
    AND table_name = 'dates02'
[0m14:17:41.243586 [debug] [Thread-13 ]: SQL status: OK in 0.510 seconds
[0m14:17:41.247113 [debug] [Thread-13 ]: Databricks adapter: Cursor(session-id=01f1a0b1-41de-1162-a5c6-2fc2e2b32c8c, command-id=01f1a0b1-4214-15b1-aed7-c1b37332e9fd) - Closing
[0m14:17:41.269365 [debug] [Thread-13 ]: Writing runtime sql for node "model.chinook.Dates02"
[0m14:17:41.271365 [debug] [Thread-13 ]: Using databricks connection "model.chinook.Dates02"
[0m14:17:41.271365 [debug] [Thread-13 ]: On model.chinook.Dates02: /* {"app": "dbt", "dbt_version": "1.11.2", "dbt_databricks_version": "1.12.4", "databricks_sql_connector_version": "4.1.3", "profile_name": "chinook", "target_name": "dev", "invocation_id": "f90c5904-5bee-41f0-a69c-29b7f7674600", "node_id": "model.chinook.Dates02"} */

  
    
        create or replace table `uc_sql_server_central`.`data_stage`.`dates02`
      
      
    using delta
  
      
      
      
      
      
      
      
      
      as
      WITH date_spine AS (
  





with rawdata as (

    

    

    with p as (
        select 0 as generated_number union all select 1
    ), unioned as (

    select

    
    p0.generated_number * power(2, 0)
     + 
    
    p1.generated_number * power(2, 1)
     + 
    
    p2.generated_number * power(2, 2)
     + 
    
    p3.generated_number * power(2, 3)
     + 
    
    p4.generated_number * power(2, 4)
     + 
    
    p5.generated_number * power(2, 5)
     + 
    
    p6.generated_number * power(2, 6)
     + 
    
    p7.generated_number * power(2, 7)
     + 
    
    p8.generated_number * power(2, 8)
     + 
    
    p9.generated_number * power(2, 9)
     + 
    
    p10.generated_number * power(2, 10)
     + 
    
    p11.generated_number * power(2, 11)
     + 
    
    p12.generated_number * power(2, 12)
     + 
    
    p13.generated_number * power(2, 13)
    
    
    + 1
    as generated_number

    from

    
    p as p0
     cross join 
    
    p as p1
     cross join 
    
    p as p2
     cross join 
    
    p as p3
     cross join 
    
    p as p4
     cross join 
    
    p as p5
     cross join 
    
    p as p6
     cross join 
    
    p as p7
     cross join 
    
    p as p8
     cross join 
    
    p as p9
     cross join 
    
    p as p10
     cross join 
    
    p as p11
     cross join 
    
    p as p12
     cross join 
    
    p as p13
    
    

    )

    select *
    from unioned
    where generated_number <= 10958
    order by generated_number



),

all_periods as (

    select (
        timestampadd(day, row_number() over (order by generated_number) - 1, CAST('2015-01-01' AS DATE))
    ) as date_day
    from rawdata

),

filtered as (

    select *
    from all_periods
    where date_day <= CAST('2045-01-01' AS DATE)

)

select * from filtered


),

-- Add other date attributes
date_details AS (
  SELECT
    timestampdiff(day, date_trunc('day', date_day), date_trunc('day', '2015-01-01')) AS DateId,
    cast("date_day" as timestamp) AS DateValue,
    date_part('year', date_day) AS CalendarYear,
    date_part('month', date_day) AS CalendarMonth,
    date_part('day', date_day) AS CalendarDay
  FROM
    date_spine
)

SELECT
  *
FROM
  date_details
  
[0m14:17:44.371703 [debug] [Thread-13 ]: SQL status: OK in 3.100 seconds
[0m14:17:44.372704 [debug] [Thread-13 ]: Databricks adapter: Cursor(session-id=01f1a0b1-41de-1162-a5c6-2fc2e2b32c8c, command-id=01f1a0b1-4265-1cbb-a40d-99a3c807a9d9) - Closing
[0m14:17:44.392872 [debug] [Thread-13 ]: Applying tags to relation None
[0m14:17:44.409954 [debug] [Thread-13 ]: On model.chinook.Dates02: Close
[0m14:17:44.409954 [debug] [Thread-13 ]: Databricks adapter: Connection(session-id=01f1a0b1-41de-1162-a5c6-2fc2e2b32c8c) - Closing
[0m14:17:44.517443 [debug] [Thread-13 ]: Sending event: {'category': 'dbt', 'action': 'run_model', 'label': 'f90c5904-5bee-41f0-a69c-29b7f7674600', 'context': [<snowplow_tracker.self_describing_json.SelfDescribingJson object at 0x0000023513AEE150>]}
[0m14:17:44.517443 [info ] [Thread-13 ]: 1 of 59 OK created sql table model data_stage.dates02 .......................... [[32mOK[0m in 4.42s]
[0m14:17:44.519964 [debug] [Thread-13 ]: Finished running node model.chinook.Dates02
[0m14:17:44.519964 [debug] [Thread-13 ]: Began running node seed.chinook.Album
[0m14:17:44.520964 [info ] [Thread-13 ]: 2 of 59 START seed file data_raw.album01 ....................................... [RUN]
[0m14:17:44.521963 [debug] [Thread-13 ]: Databricks adapter: DatabricksDBTConnection(session-id=None, name=seed.chinook.Album) - Creating connection
[0m14:17:44.522964 [debug] [Thread-13 ]: Acquiring new databricks connection 'seed.chinook.Album'
[0m14:17:44.523965 [debug] [Thread-13 ]: Began compiling node seed.chinook.Album
[0m14:17:44.524962 [debug] [Thread-13 ]: Began executing node seed.chinook.Album
[0m14:17:44.571974 [debug] [Thread-13 ]: Using databricks connection "seed.chinook.Album"
[0m14:17:44.572974 [debug] [Thread-13 ]: On seed.chinook.Album: /* {"app": "dbt", "dbt_version": "1.11.2", "dbt_databricks_version": "1.12.4", "databricks_sql_connector_version": "4.1.3", "profile_name": "chinook", "target_name": "dev", "invocation_id": "f90c5904-5bee-41f0-a69c-29b7f7674600", "node_id": "seed.chinook.Album"} */

    create  table `uc_sql_server_central`.`data_raw`.`album01` (`AlbumId` bigint ,`Title` string ,`ArtistId` bigint )
    
    using delta
  
    
    
    
    
    
  
[0m14:17:44.573978 [debug] [Thread-13 ]: Opening a new connection, currently in state init
[0m14:17:44.889770 [debug] [Thread-13 ]: Databricks adapter: Connection(session-id=01f1a0b1-4481-1d6c-944d-363f2374899a) - Created
[0m14:17:46.170983 [debug] [Thread-13 ]: SQL status: OK in 1.600 seconds
[0m14:17:46.174985 [debug] [Thread-13 ]: Databricks adapter: Cursor(session-id=01f1a0b1-4481-1d6c-944d-363f2374899a, command-id=01f1a0b1-4490-12d3-9e88-e931fca99e9f) - Closing
[0m14:17:46.254318 [debug] [Thread-13 ]: Using databricks connection "seed.chinook.Album"
[0m14:17:46.255916 [debug] [Thread-13 ]: On seed.chinook.Album: 
          insert overwrite `uc_sql_server_central`.`data_raw`.`album01` values
          (%s,%s,%s),(%s,%s,%s),(%s,%s,%s),(%s,%s,%s),(%s,%s,%s),(%s,%s,%s),(%s,%s,%s),(%s,%s,%s),(%s,%s,%s),(%s,%s,%s),(%s,%s,%s),(%s,%s,%s),(%s,%s,%s),(%s,%s,%s),(%s,%s,%s),(%s,%s,%s),(%s,%s,%s),(%s,%s,%s),(%s,%s,%s),(%s,%s,%s),(%s,%s,%s),(%s,%s,%s),(%s,%s,%s),(%s,%s,%s),(%s,%s,%s),(%s,%s,%s),(%s,%s,%s),(%s,%s,%s),(%s,%s,%s),(%s,%s,%s),(%s,%s,%s),(%s,%s,%s),(%s,%s,%s),(%s,%s,%s),(%s,%s,%s),(%s,%s,%s),(%s,%s,%s),(%s,%s,%s),(%s,...
[0m14:17:47.287278 [debug] [Thread-13 ]: SQL status: OK in 1.030 seconds
[0m14:17:47.287278 [debug] [Thread-13 ]: Databricks adapter: Cursor(session-id=01f1a0b1-4481-1d6c-944d-363f2374899a, command-id=01f1a0b1-455f-1772-bf81-f29d217bee5e) - Closing
[0m14:17:47.297605 [debug] [Thread-13 ]: Writing runtime SQL for node "seed.chinook.Album"
[0m14:17:47.304676 [debug] [Thread-13 ]: On seed.chinook.Album: Close
[0m14:17:47.306256 [debug] [Thread-13 ]: Databricks adapter: Connection(session-id=01f1a0b1-4481-1d6c-944d-363f2374899a) - Closing
[0m14:17:47.423701 [debug] [Thread-13 ]: Sending event: {'category': 'dbt', 'action': 'run_model', 'label': 'f90c5904-5bee-41f0-a69c-29b7f7674600', 'context': [<snowplow_tracker.self_describing_json.SelfDescribingJson object at 0x000002350B360320>]}
[0m14:17:47.424718 [info ] [Thread-13 ]: 2 of 59 OK loaded seed file data_raw.Album01 ................................... [[32mINSERT 347[0m in 2.90s]
[0m14:17:47.427363 [debug] [Thread-13 ]: Finished running node seed.chinook.Album
[0m14:17:47.427363 [debug] [Thread-13 ]: Began running node seed.chinook.Artist
[0m14:17:47.428931 [info ] [Thread-13 ]: 3 of 59 START seed file data_raw.artist01 ...................................... [RUN]
[0m14:17:47.431002 [debug] [Thread-13 ]: Databricks adapter: DatabricksDBTConnection(session-id=None, name=seed.chinook.Artist) - Creating connection
[0m14:17:47.432007 [debug] [Thread-13 ]: Acquiring new databricks connection 'seed.chinook.Artist'
[0m14:17:47.432007 [debug] [Thread-13 ]: Began compiling node seed.chinook.Artist
[0m14:17:47.433011 [debug] [Thread-13 ]: Began executing node seed.chinook.Artist
[0m14:17:47.448266 [debug] [Thread-13 ]: Using databricks connection "seed.chinook.Artist"
[0m14:17:47.448266 [debug] [Thread-13 ]: On seed.chinook.Artist: /* {"app": "dbt", "dbt_version": "1.11.2", "dbt_databricks_version": "1.12.4", "databricks_sql_connector_version": "4.1.3", "profile_name": "chinook", "target_name": "dev", "invocation_id": "f90c5904-5bee-41f0-a69c-29b7f7674600", "node_id": "seed.chinook.Artist"} */

    create  table `uc_sql_server_central`.`data_raw`.`artist01` (`ArtistId` bigint ,`Name` string )
    
    using delta
  
    
    
    
    
    
  
[0m14:17:47.449251 [debug] [Thread-13 ]: Opening a new connection, currently in state init
[0m14:17:47.731221 [debug] [Thread-13 ]: Databricks adapter: Connection(session-id=01f1a0b1-4633-17ac-b039-3cffbaa59ef2) - Created
[0m14:17:49.112215 [debug] [Thread-13 ]: SQL status: OK in 1.660 seconds
[0m14:17:49.113215 [debug] [Thread-13 ]: Databricks adapter: Cursor(session-id=01f1a0b1-4633-17ac-b039-3cffbaa59ef2, command-id=01f1a0b1-4642-1991-a5ef-6ed0e220352c) - Closing
[0m14:17:49.162572 [debug] [Thread-13 ]: Using databricks connection "seed.chinook.Artist"
[0m14:17:49.163574 [debug] [Thread-13 ]: On seed.chinook.Artist: 
          insert overwrite `uc_sql_server_central`.`data_raw`.`artist01` values
          (%s,%s),(%s,%s),(%s,%s),(%s,%s),(%s,%s),(%s,%s),(%s,%s),(%s,%s),(%s,%s),(%s,%s),(%s,%s),(%s,%s),(%s,%s),(%s,%s),(%s,%s),(%s,%s),(%s,%s),(%s,%s),(%s,%s),(%s,%s),(%s,%s),(%s,%s),(%s,%s),(%s,%s),(%s,%s),(%s,%s),(%s,%s),(%s,%s),(%s,%s),(%s,%s),(%s,%s),(%s,%s),(%s,%s),(%s,%s),(%s,%s),(%s,%s),(%s,%s),(%s,%s),(%s,%s),(%s,%s),(%s,%s),(%s,%s),(%s,%s),(%s,%s),(%s,%s),(%s,%s),(%s,%s),(%s,%s),(%s,%s),(%s,%s),(%s,%s),(%s,%s),(%s,%...
[0m14:17:50.094160 [debug] [Thread-13 ]: SQL status: OK in 0.930 seconds
[0m14:17:50.095097 [debug] [Thread-13 ]: Databricks adapter: Cursor(session-id=01f1a0b1-4633-17ac-b039-3cffbaa59ef2, command-id=01f1a0b1-471c-17ee-b659-a8246d43d2b7) - Closing
[0m14:17:50.097636 [debug] [Thread-13 ]: Writing runtime SQL for node "seed.chinook.Artist"
[0m14:17:50.105200 [debug] [Thread-13 ]: On seed.chinook.Artist: Close
[0m14:17:50.107223 [debug] [Thread-13 ]: Databricks adapter: Connection(session-id=01f1a0b1-4633-17ac-b039-3cffbaa59ef2) - Closing
[0m14:17:50.209572 [debug] [Thread-13 ]: Sending event: {'category': 'dbt', 'action': 'run_model', 'label': 'f90c5904-5bee-41f0-a69c-29b7f7674600', 'context': [<snowplow_tracker.self_describing_json.SelfDescribingJson object at 0x0000023515119580>]}
[0m14:17:50.213128 [info ] [Thread-13 ]: 3 of 59 OK loaded seed file data_raw.Artist01 .................................. [[32mINSERT 275[0m in 2.78s]
[0m14:17:50.218714 [debug] [Thread-13 ]: Finished running node seed.chinook.Artist
[0m14:17:50.221709 [debug] [Thread-13 ]: Began running node seed.chinook.Customer
[0m14:17:50.224724 [info ] [Thread-13 ]: 4 of 59 START seed file data_raw.customer01 .................................... [RUN]
[0m14:17:50.231382 [debug] [Thread-13 ]: Databricks adapter: DatabricksDBTConnection(session-id=None, name=seed.chinook.Customer) - Creating connection
[0m14:17:50.234382 [debug] [Thread-13 ]: Acquiring new databricks connection 'seed.chinook.Customer'
[0m14:17:50.238132 [debug] [Thread-13 ]: Began compiling node seed.chinook.Customer
[0m14:17:50.242163 [debug] [Thread-13 ]: Began executing node seed.chinook.Customer
[0m14:17:50.273797 [debug] [Thread-13 ]: Using databricks connection "seed.chinook.Customer"
[0m14:17:50.277935 [debug] [Thread-13 ]: On seed.chinook.Customer: /* {"app": "dbt", "dbt_version": "1.11.2", "dbt_databricks_version": "1.12.4", "databricks_sql_connector_version": "4.1.3", "profile_name": "chinook", "target_name": "dev", "invocation_id": "f90c5904-5bee-41f0-a69c-29b7f7674600", "node_id": "seed.chinook.Customer"} */

    create  table `uc_sql_server_central`.`data_raw`.`customer01` (`CustomerId` bigint ,`FirstName` string ,`LastName` string ,`Company` string ,`Address` string ,`City` string ,`State` string ,`Country` string ,`PostalCode` string ,`Phone` string ,`Fax` string ,`Email` string ,`SupportRepId` bigint )
    
    using delta
  
    
    
    
    
    
  
[0m14:17:50.279438 [debug] [Thread-13 ]: Opening a new connection, currently in state init
[0m14:17:50.545817 [debug] [Thread-13 ]: Databricks adapter: Connection(session-id=01f1a0b1-47e2-1276-8d3f-2655cefe7fe9) - Created
[0m14:17:51.811679 [debug] [Thread-13 ]: SQL status: OK in 1.530 seconds
[0m14:17:51.813253 [debug] [Thread-13 ]: Databricks adapter: Cursor(session-id=01f1a0b1-47e2-1276-8d3f-2655cefe7fe9, command-id=01f1a0b1-47ec-1977-b8d2-0d4d35c73fa7) - Closing
[0m14:17:51.854547 [debug] [Thread-13 ]: Using databricks connection "seed.chinook.Customer"
[0m14:17:51.854547 [debug] [Thread-13 ]: On seed.chinook.Customer: 
          insert overwrite `uc_sql_server_central`.`data_raw`.`customer01` values
          (%s,%s,%s,%s,%s,%s,%s,%s,%s,%s,%s,%s,%s),(%s,%s,%s,%s,%s,%s,%s,%s,%s,%s,%s,%s,%s),(%s,%s,%s,%s,%s,%s,%s,%s,%s,%s,%s,%s,%s),(%s,%s,%s,%s,%s,%s,%s,%s,%s,%s,%s,%s,%s),(%s,%s,%s,%s,%s,%s,%s,%s,%s,%s,%s,%s,%s),(%s,%s,%s,%s,%s,%s,%s,%s,%s,%s,%s,%s,%s),(%s,%s,%s,%s,%s,%s,%s,%s,%s,%s,%s,%s,%s),(%s,%s,%s,%s,%s,%s,%s,%s,%s,%s,%s,%s,%s),(%s,%s,%s,%s,%s,%s,%s,%s,%s,%s,%s,%s,%s),(%s,%s,%s,%s,%s,%s,%s,%s,%s,%s,%s,%s,%s),(%s,%s,%s...
[0m14:17:52.820245 [debug] [Thread-13 ]: SQL status: OK in 0.960 seconds
[0m14:17:52.821233 [debug] [Thread-13 ]: Databricks adapter: Cursor(session-id=01f1a0b1-47e2-1276-8d3f-2655cefe7fe9, command-id=01f1a0b1-48b5-19a2-b3cc-c5a3d38fe59a) - Closing
[0m14:17:52.822239 [debug] [Thread-13 ]: Writing runtime SQL for node "seed.chinook.Customer"
[0m14:17:52.832785 [debug] [Thread-13 ]: On seed.chinook.Customer: Close
[0m14:17:52.833780 [debug] [Thread-13 ]: Databricks adapter: Connection(session-id=01f1a0b1-47e2-1276-8d3f-2655cefe7fe9) - Closing
[0m14:17:52.938170 [debug] [Thread-13 ]: Sending event: {'category': 'dbt', 'action': 'run_model', 'label': 'f90c5904-5bee-41f0-a69c-29b7f7674600', 'context': [<snowplow_tracker.self_describing_json.SelfDescribingJson object at 0x0000023515AE7FE0>]}
[0m14:17:52.939218 [info ] [Thread-13 ]: 4 of 59 OK loaded seed file data_raw.Customer01 ................................ [[32mINSERT 59[0m in 2.71s]
[0m14:17:52.941216 [debug] [Thread-13 ]: Finished running node seed.chinook.Customer
[0m14:17:52.942173 [debug] [Thread-13 ]: Began running node seed.chinook.Employee
[0m14:17:52.942173 [info ] [Thread-13 ]: 5 of 59 START seed file data_raw.employee01 .................................... [RUN]
[0m14:17:52.943209 [debug] [Thread-13 ]: Databricks adapter: DatabricksDBTConnection(session-id=None, name=seed.chinook.Employee) - Creating connection
[0m14:17:52.944218 [debug] [Thread-13 ]: Acquiring new databricks connection 'seed.chinook.Employee'
[0m14:17:52.944218 [debug] [Thread-13 ]: Began compiling node seed.chinook.Employee
[0m14:17:52.945224 [debug] [Thread-13 ]: Began executing node seed.chinook.Employee
[0m14:17:52.951830 [debug] [Thread-13 ]: Using databricks connection "seed.chinook.Employee"
[0m14:17:52.952838 [debug] [Thread-13 ]: On seed.chinook.Employee: /* {"app": "dbt", "dbt_version": "1.11.2", "dbt_databricks_version": "1.12.4", "databricks_sql_connector_version": "4.1.3", "profile_name": "chinook", "target_name": "dev", "invocation_id": "f90c5904-5bee-41f0-a69c-29b7f7674600", "node_id": "seed.chinook.Employee"} */

    create  table `uc_sql_server_central`.`data_raw`.`employee01` (`EmployeeId` bigint ,`LastName` string ,`FirstName` string ,`Title` string ,`ReportsTo` bigint ,`BirthDate` string ,`HireDate` string ,`Address` string ,`City` string ,`State` string ,`Country` string ,`PostalCode` string ,`Phone` string ,`Fax` string ,`Email` string )
    
    using delta
  
    
    
    
    
    
  
[0m14:17:52.952838 [debug] [Thread-13 ]: Opening a new connection, currently in state init
[0m14:17:53.239645 [debug] [Thread-13 ]: Databricks adapter: Connection(session-id=01f1a0b1-497b-1bd2-b3ee-d0f0a50f3972) - Created
[0m14:17:54.494041 [debug] [Thread-13 ]: SQL status: OK in 1.540 seconds
[0m14:17:54.496640 [debug] [Thread-13 ]: Databricks adapter: Cursor(session-id=01f1a0b1-497b-1bd2-b3ee-d0f0a50f3972, command-id=01f1a0b1-4989-1f94-87d4-88cdffb04d5b) - Closing
[0m14:17:54.533762 [debug] [Thread-13 ]: Using databricks connection "seed.chinook.Employee"
[0m14:17:54.534762 [debug] [Thread-13 ]: On seed.chinook.Employee: 
          insert overwrite `uc_sql_server_central`.`data_raw`.`employee01` values
          (%s,%s,%s,%s,%s,%s,%s,%s,%s,%s,%s,%s,%s,%s,%s),(%s,%s,%s,%s,%s,%s,%s,%s,%s,%s,%s,%s,%s,%s,%s),(%s,%s,%s,%s,%s,%s,%s,%s,%s,%s,%s,%s,%s,%s,%s),(%s,%s,%s,%s,%s,%s,%s,%s,%s,%s,%s,%s,%s,%s,%s),(%s,%s,%s,%s,%s,%s,%s,%s,%s,%s,%s,%s,%s,%s,%s),(%s,%s,%s,%s,%s,%s,%s,%s,%s,%s,%s,%s,%s,%s,%s),(%s,%s,%s,%s,%s,%s,%s,%s,%s,%s,%s,%s,%s,%s,%s),(%s,%s,%s,%s,%s,%s,%s,%s,%s,%s,%s,%s,%s,%s,%s)
      ...
[0m14:17:55.589633 [debug] [Thread-13 ]: SQL status: OK in 1.050 seconds
[0m14:17:55.590702 [debug] [Thread-13 ]: Databricks adapter: Cursor(session-id=01f1a0b1-497b-1bd2-b3ee-d0f0a50f3972, command-id=01f1a0b1-4a50-146c-85be-dbb155714a2d) - Closing
[0m14:17:55.592913 [debug] [Thread-13 ]: Writing runtime SQL for node "seed.chinook.Employee"
[0m14:17:55.600506 [debug] [Thread-13 ]: On seed.chinook.Employee: Close
[0m14:17:55.601502 [debug] [Thread-13 ]: Databricks adapter: Connection(session-id=01f1a0b1-497b-1bd2-b3ee-d0f0a50f3972) - Closing
[0m14:17:55.694735 [debug] [Thread-13 ]: Sending event: {'category': 'dbt', 'action': 'run_model', 'label': 'f90c5904-5bee-41f0-a69c-29b7f7674600', 'context': [<snowplow_tracker.self_describing_json.SelfDescribingJson object at 0x0000023515AF7770>]}
[0m14:17:55.694735 [info ] [Thread-13 ]: 5 of 59 OK loaded seed file data_raw.Employee01 ................................ [[32mINSERT 8[0m in 2.75s]
[0m14:17:55.699364 [debug] [Thread-13 ]: Finished running node seed.chinook.Employee
[0m14:17:55.700421 [debug] [Thread-13 ]: Began running node seed.chinook.Genre
[0m14:17:55.701401 [info ] [Thread-13 ]: 6 of 59 START seed file data_raw.genre01 ....................................... [RUN]
[0m14:17:55.702424 [debug] [Thread-13 ]: Databricks adapter: DatabricksDBTConnection(session-id=None, name=seed.chinook.Genre) - Creating connection
[0m14:17:55.703416 [debug] [Thread-13 ]: Acquiring new databricks connection 'seed.chinook.Genre'
[0m14:17:55.704410 [debug] [Thread-13 ]: Began compiling node seed.chinook.Genre
[0m14:17:55.704410 [debug] [Thread-13 ]: Began executing node seed.chinook.Genre
[0m14:17:55.724798 [debug] [Thread-13 ]: Using databricks connection "seed.chinook.Genre"
[0m14:17:55.724798 [debug] [Thread-13 ]: On seed.chinook.Genre: /* {"app": "dbt", "dbt_version": "1.11.2", "dbt_databricks_version": "1.12.4", "databricks_sql_connector_version": "4.1.3", "profile_name": "chinook", "target_name": "dev", "invocation_id": "f90c5904-5bee-41f0-a69c-29b7f7674600", "node_id": "seed.chinook.Genre"} */

    create  table `uc_sql_server_central`.`data_raw`.`genre01` (`GenreId` bigint ,`Name` string )
    
    using delta
  
    
    
    
    
    
  
[0m14:17:55.726327 [debug] [Thread-13 ]: Opening a new connection, currently in state init
[0m14:17:56.002723 [debug] [Thread-13 ]: Databricks adapter: Connection(session-id=01f1a0b1-4b22-1357-ad89-ee4ee737d97b) - Created
[0m14:17:57.238380 [debug] [Thread-13 ]: SQL status: OK in 1.510 seconds
[0m14:17:57.239379 [debug] [Thread-13 ]: Databricks adapter: Cursor(session-id=01f1a0b1-4b22-1357-ad89-ee4ee737d97b, command-id=01f1a0b1-4b2f-18c2-a447-0670e15c3b04) - Closing
[0m14:17:57.243915 [debug] [Thread-13 ]: Using databricks connection "seed.chinook.Genre"
[0m14:17:57.245925 [debug] [Thread-13 ]: On seed.chinook.Genre: 
          insert overwrite `uc_sql_server_central`.`data_raw`.`genre01` values
          (%s,%s),(%s,%s),(%s,%s),(%s,%s),(%s,%s),(%s,%s),(%s,%s),(%s,%s),(%s,%s),(%s,%s),(%s,%s),(%s,%s),(%s,%s),(%s,%s),(%s,%s),(%s,%s),(%s,%s),(%s,%s),(%s,%s),(%s,%s),(%s,%s),(%s,%s),(%s,%s),(%s,%s),(%s,%s)
      ...
[0m14:17:58.119762 [debug] [Thread-13 ]: SQL status: OK in 0.870 seconds
[0m14:17:58.120755 [debug] [Thread-13 ]: Databricks adapter: Cursor(session-id=01f1a0b1-4b22-1357-ad89-ee4ee737d97b, command-id=01f1a0b1-4bed-1828-97dc-0bf3956832fd) - Closing
[0m14:17:58.121753 [debug] [Thread-13 ]: Writing runtime SQL for node "seed.chinook.Genre"
[0m14:17:58.127294 [debug] [Thread-13 ]: On seed.chinook.Genre: Close
[0m14:17:58.128286 [debug] [Thread-13 ]: Databricks adapter: Connection(session-id=01f1a0b1-4b22-1357-ad89-ee4ee737d97b) - Closing
[0m14:17:58.335876 [debug] [Thread-13 ]: Sending event: {'category': 'dbt', 'action': 'run_model', 'label': 'f90c5904-5bee-41f0-a69c-29b7f7674600', 'context': [<snowplow_tracker.self_describing_json.SelfDescribingJson object at 0x0000023515B3B2F0>]}
[0m14:17:58.337697 [info ] [Thread-13 ]: 6 of 59 OK loaded seed file data_raw.Genre01 ................................... [[32mINSERT 25[0m in 2.63s]
[0m14:17:58.338728 [debug] [Thread-13 ]: Finished running node seed.chinook.Genre
[0m14:17:58.339811 [debug] [Thread-13 ]: Began running node seed.chinook.Invoice
[0m14:17:58.343727 [info ] [Thread-13 ]: 7 of 59 START seed file data_raw.invoice01 ..................................... [RUN]
[0m14:17:58.349286 [debug] [Thread-13 ]: Databricks adapter: DatabricksDBTConnection(session-id=None, name=seed.chinook.Invoice) - Creating connection
[0m14:17:58.352285 [debug] [Thread-13 ]: Acquiring new databricks connection 'seed.chinook.Invoice'
[0m14:17:58.353284 [debug] [Thread-13 ]: Began compiling node seed.chinook.Invoice
[0m14:17:58.353284 [debug] [Thread-13 ]: Began executing node seed.chinook.Invoice
[0m14:17:58.378396 [debug] [Thread-13 ]: Using databricks connection "seed.chinook.Invoice"
[0m14:17:58.378396 [debug] [Thread-13 ]: On seed.chinook.Invoice: /* {"app": "dbt", "dbt_version": "1.11.2", "dbt_databricks_version": "1.12.4", "databricks_sql_connector_version": "4.1.3", "profile_name": "chinook", "target_name": "dev", "invocation_id": "f90c5904-5bee-41f0-a69c-29b7f7674600", "node_id": "seed.chinook.Invoice"} */

    create  table `uc_sql_server_central`.`data_raw`.`invoice01` (`InvoiceId` bigint ,`CustomerId` bigint ,`InvoiceDate` string ,`BillingAddress` string ,`BillingCity` string ,`BillingState` string ,`BillingCountry` string ,`BillingPostalCode` string ,`Total` double )
    
    using delta
  
    
    
    
    
    
  
[0m14:17:58.379372 [debug] [Thread-13 ]: Opening a new connection, currently in state init
[0m14:17:58.669262 [debug] [Thread-13 ]: Databricks adapter: Connection(session-id=01f1a0b1-4cb7-1cbd-ac2a-cdadf9ad38c4) - Created
[0m14:18:00.145841 [debug] [Thread-13 ]: SQL status: OK in 1.760 seconds
[0m14:18:00.147451 [debug] [Thread-13 ]: Databricks adapter: Cursor(session-id=01f1a0b1-4cb7-1cbd-ac2a-cdadf9ad38c4, command-id=01f1a0b1-4cc6-1f90-bcef-576d764a0f74) - Closing
[0m14:18:00.313873 [debug] [Thread-13 ]: Using databricks connection "seed.chinook.Invoice"
[0m14:18:00.314873 [debug] [Thread-13 ]: On seed.chinook.Invoice: 
          insert overwrite `uc_sql_server_central`.`data_raw`.`invoice01` values
          (%s,%s,%s,%s,%s,%s,%s,%s,%s),(%s,%s,%s,%s,%s,%s,%s,%s,%s),(%s,%s,%s,%s,%s,%s,%s,%s,%s),(%s,%s,%s,%s,%s,%s,%s,%s,%s),(%s,%s,%s,%s,%s,%s,%s,%s,%s),(%s,%s,%s,%s,%s,%s,%s,%s,%s),(%s,%s,%s,%s,%s,%s,%s,%s,%s),(%s,%s,%s,%s,%s,%s,%s,%s,%s),(%s,%s,%s,%s,%s,%s,%s,%s,%s),(%s,%s,%s,%s,%s,%s,%s,%s,%s),(%s,%s,%s,%s,%s,%s,%s,%s,%s),(%s,%s,%s,%s,%s,%s,%s,%s,%s),(%s,%s,%s,%s,%s,%s,%s,%s,%s),(%s,%s,%s,%s,%s,%s,%s,%s,%s),(%s,%s,%s,%s,%...
[0m14:18:01.380332 [debug] [Thread-13 ]: SQL status: OK in 1.070 seconds
[0m14:18:01.382384 [debug] [Thread-13 ]: Databricks adapter: Cursor(session-id=01f1a0b1-4cb7-1cbd-ac2a-cdadf9ad38c4, command-id=01f1a0b1-4dc0-1e60-ae55-1788c3187d50) - Closing
[0m14:18:01.384374 [debug] [Thread-13 ]: Writing runtime SQL for node "seed.chinook.Invoice"
[0m14:18:01.392040 [debug] [Thread-13 ]: On seed.chinook.Invoice: Close
[0m14:18:01.393060 [debug] [Thread-13 ]: Databricks adapter: Connection(session-id=01f1a0b1-4cb7-1cbd-ac2a-cdadf9ad38c4) - Closing
[0m14:18:01.502399 [debug] [Thread-13 ]: Sending event: {'category': 'dbt', 'action': 'run_model', 'label': 'f90c5904-5bee-41f0-a69c-29b7f7674600', 'context': [<snowplow_tracker.self_describing_json.SelfDescribingJson object at 0x0000023515B89190>]}
[0m14:18:01.503437 [info ] [Thread-13 ]: 7 of 59 OK loaded seed file data_raw.Invoice01 ................................. [[32mINSERT 412[0m in 3.15s]
[0m14:18:01.504398 [debug] [Thread-13 ]: Finished running node seed.chinook.Invoice
[0m14:18:01.504398 [debug] [Thread-13 ]: Began running node seed.chinook.InvoiceLine
[0m14:18:01.505946 [info ] [Thread-13 ]: 8 of 59 START seed file data_raw.invoiceline01 ................................. [RUN]
[0m14:18:01.508070 [debug] [Thread-13 ]: Databricks adapter: DatabricksDBTConnection(session-id=None, name=seed.chinook.InvoiceLine) - Creating connection
[0m14:18:01.509047 [debug] [Thread-13 ]: Acquiring new databricks connection 'seed.chinook.InvoiceLine'
[0m14:18:01.510082 [debug] [Thread-13 ]: Began compiling node seed.chinook.InvoiceLine
[0m14:18:01.511018 [debug] [Thread-13 ]: Began executing node seed.chinook.InvoiceLine
[0m14:18:01.596165 [debug] [Thread-13 ]: Using databricks connection "seed.chinook.InvoiceLine"
[0m14:18:01.597570 [debug] [Thread-13 ]: On seed.chinook.InvoiceLine: /* {"app": "dbt", "dbt_version": "1.11.2", "dbt_databricks_version": "1.12.4", "databricks_sql_connector_version": "4.1.3", "profile_name": "chinook", "target_name": "dev", "invocation_id": "f90c5904-5bee-41f0-a69c-29b7f7674600", "node_id": "seed.chinook.InvoiceLine"} */

    create  table `uc_sql_server_central`.`data_raw`.`invoiceline01` (`InvoiceLineId` bigint ,`InvoiceId` bigint ,`TrackId` bigint ,`UnitPrice` double ,`Quantity` bigint )
    
    using delta
  
    
    
    
    
    
  
[0m14:18:01.597570 [debug] [Thread-13 ]: Opening a new connection, currently in state init
[0m14:18:01.856155 [debug] [Thread-13 ]: Databricks adapter: Connection(session-id=01f1a0b1-4e9f-140c-bcfd-4260f954cb00) - Created
[0m14:18:03.116197 [debug] [Thread-13 ]: SQL status: OK in 1.520 seconds
[0m14:18:03.118208 [debug] [Thread-13 ]: Databricks adapter: Cursor(session-id=01f1a0b1-4e9f-140c-bcfd-4260f954cb00, command-id=01f1a0b1-4ead-1f03-a9d4-7e2bcfc13343) - Closing
[0m14:18:03.652960 [debug] [Thread-13 ]: Using databricks connection "seed.chinook.InvoiceLine"
[0m14:18:03.654014 [debug] [Thread-13 ]: On seed.chinook.InvoiceLine: 
          insert overwrite `uc_sql_server_central`.`data_raw`.`invoiceline01` values
          (%s,%s,%s,%s,%s),(%s,%s,%s,%s,%s),(%s,%s,%s,%s,%s),(%s,%s,%s,%s,%s),(%s,%s,%s,%s,%s),(%s,%s,%s,%s,%s),(%s,%s,%s,%s,%s),(%s,%s,%s,%s,%s),(%s,%s,%s,%s,%s),(%s,%s,%s,%s,%s),(%s,%s,%s,%s,%s),(%s,%s,%s,%s,%s),(%s,%s,%s,%s,%s),(%s,%s,%s,%s,%s),(%s,%s,%s,%s,%s),(%s,%s,%s,%s,%s),(%s,%s,%s,%s,%s),(%s,%s,%s,%s,%s),(%s,%s,%s,%s,%s),(%s,%s,%s,%s,%s),(%s,%s,%s,%s,%s),(%s,%s,%s,%s,%s),(%s,%s,%s,%s,%s),(%s,%s,%s,%s,%s),(%s,%s,%...
[0m14:18:04.975767 [debug] [Thread-13 ]: SQL status: OK in 1.320 seconds
[0m14:18:04.975767 [debug] [Thread-13 ]: Databricks adapter: Cursor(session-id=01f1a0b1-4e9f-140c-bcfd-4260f954cb00, command-id=01f1a0b1-4fc2-197d-b18e-a0d325d2d07e) - Closing
[0m14:18:04.978658 [debug] [Thread-13 ]: Writing runtime SQL for node "seed.chinook.InvoiceLine"
[0m14:18:04.984897 [debug] [Thread-13 ]: On seed.chinook.InvoiceLine: Close
[0m14:18:04.985907 [debug] [Thread-13 ]: Databricks adapter: Connection(session-id=01f1a0b1-4e9f-140c-bcfd-4260f954cb00) - Closing
[0m14:18:05.090393 [debug] [Thread-13 ]: Sending event: {'category': 'dbt', 'action': 'run_model', 'label': 'f90c5904-5bee-41f0-a69c-29b7f7674600', 'context': [<snowplow_tracker.self_describing_json.SelfDescribingJson object at 0x0000023515C89310>]}
[0m14:18:05.091397 [info ] [Thread-13 ]: 8 of 59 OK loaded seed file data_raw.InvoiceLine01 ............................. [[32mINSERT 2240[0m in 3.58s]
[0m14:18:05.093401 [debug] [Thread-13 ]: Finished running node seed.chinook.InvoiceLine
[0m14:18:05.094399 [debug] [Thread-13 ]: Began running node seed.chinook.MediaType
[0m14:18:05.095977 [info ] [Thread-13 ]: 9 of 59 START seed file data_raw.mediatype01 ................................... [RUN]
[0m14:18:05.099004 [debug] [Thread-13 ]: Databricks adapter: DatabricksDBTConnection(session-id=None, name=seed.chinook.MediaType) - Creating connection
[0m14:18:05.100996 [debug] [Thread-13 ]: Acquiring new databricks connection 'seed.chinook.MediaType'
[0m14:18:05.102009 [debug] [Thread-13 ]: Began compiling node seed.chinook.MediaType
[0m14:18:05.103001 [debug] [Thread-13 ]: Began executing node seed.chinook.MediaType
[0m14:18:05.121257 [debug] [Thread-13 ]: Using databricks connection "seed.chinook.MediaType"
[0m14:18:05.122560 [debug] [Thread-13 ]: On seed.chinook.MediaType: /* {"app": "dbt", "dbt_version": "1.11.2", "dbt_databricks_version": "1.12.4", "databricks_sql_connector_version": "4.1.3", "profile_name": "chinook", "target_name": "dev", "invocation_id": "f90c5904-5bee-41f0-a69c-29b7f7674600", "node_id": "seed.chinook.MediaType"} */

    create  table `uc_sql_server_central`.`data_raw`.`mediatype01` (`MediaTypeId` bigint ,`Name` string )
    
    using delta
  
    
    
    
    
    
  
[0m14:18:05.122560 [debug] [Thread-13 ]: Opening a new connection, currently in state init
[0m14:18:05.433774 [debug] [Thread-13 ]: Databricks adapter: Connection(session-id=01f1a0b1-50be-14f3-9fb2-68502a5f502e) - Created
[0m14:18:06.617548 [debug] [Thread-13 ]: SQL status: OK in 1.490 seconds
[0m14:18:06.621596 [debug] [Thread-13 ]: Databricks adapter: Cursor(session-id=01f1a0b1-50be-14f3-9fb2-68502a5f502e, command-id=01f1a0b1-50ce-103d-ba61-a146c39a27ce) - Closing
[0m14:18:06.627160 [debug] [Thread-13 ]: Using databricks connection "seed.chinook.MediaType"
[0m14:18:06.628161 [debug] [Thread-13 ]: On seed.chinook.MediaType: 
          insert overwrite `uc_sql_server_central`.`data_raw`.`mediatype01` values
          (%s,%s),(%s,%s),(%s,%s),(%s,%s),(%s,%s)
      ...
[0m14:18:07.463230 [debug] [Thread-13 ]: SQL status: OK in 0.830 seconds
[0m14:18:07.465283 [debug] [Thread-13 ]: Databricks adapter: Cursor(session-id=01f1a0b1-50be-14f3-9fb2-68502a5f502e, command-id=01f1a0b1-5184-1f7f-a180-372c743b4e29) - Closing
[0m14:18:07.466937 [debug] [Thread-13 ]: Writing runtime SQL for node "seed.chinook.MediaType"
[0m14:18:07.477464 [debug] [Thread-13 ]: On seed.chinook.MediaType: Close
[0m14:18:07.479464 [debug] [Thread-13 ]: Databricks adapter: Connection(session-id=01f1a0b1-50be-14f3-9fb2-68502a5f502e) - Closing
[0m14:18:07.575927 [debug] [Thread-13 ]: Sending event: {'category': 'dbt', 'action': 'run_model', 'label': 'f90c5904-5bee-41f0-a69c-29b7f7674600', 'context': [<snowplow_tracker.self_describing_json.SelfDescribingJson object at 0x0000023515E33710>]}
[0m14:18:07.579072 [info ] [Thread-13 ]: 9 of 59 OK loaded seed file data_raw.MediaType01 ............................... [[32mINSERT 5[0m in 2.48s]
[0m14:18:07.584000 [debug] [Thread-13 ]: Finished running node seed.chinook.MediaType
[0m14:18:07.586002 [debug] [Thread-13 ]: Began running node seed.chinook.Playlist
[0m14:18:07.587691 [info ] [Thread-13 ]: 10 of 59 START seed file data_raw.playlist01 ................................... [RUN]
[0m14:18:07.588675 [debug] [Thread-13 ]: Databricks adapter: DatabricksDBTConnection(session-id=None, name=seed.chinook.Playlist) - Creating connection
[0m14:18:07.591604 [debug] [Thread-13 ]: Acquiring new databricks connection 'seed.chinook.Playlist'
[0m14:18:07.594603 [debug] [Thread-13 ]: Began compiling node seed.chinook.Playlist
[0m14:18:07.597132 [debug] [Thread-13 ]: Began executing node seed.chinook.Playlist
[0m14:18:07.619331 [debug] [Thread-13 ]: Using databricks connection "seed.chinook.Playlist"
[0m14:18:07.620491 [debug] [Thread-13 ]: On seed.chinook.Playlist: /* {"app": "dbt", "dbt_version": "1.11.2", "dbt_databricks_version": "1.12.4", "databricks_sql_connector_version": "4.1.3", "profile_name": "chinook", "target_name": "dev", "invocation_id": "f90c5904-5bee-41f0-a69c-29b7f7674600", "node_id": "seed.chinook.Playlist"} */

    create  table `uc_sql_server_central`.`data_raw`.`playlist01` (`PlaylistId` bigint ,`Name` string )
    
    using delta
  
    
    
    
    
    
  
[0m14:18:07.620491 [debug] [Thread-13 ]: Opening a new connection, currently in state init
[0m14:18:07.903987 [debug] [Thread-13 ]: Databricks adapter: Connection(session-id=01f1a0b1-523a-1181-9640-5c272c12a382) - Created
[0m14:18:09.205934 [debug] [Thread-13 ]: SQL status: OK in 1.580 seconds
[0m14:18:09.209489 [debug] [Thread-13 ]: Databricks adapter: Cursor(session-id=01f1a0b1-523a-1181-9640-5c272c12a382, command-id=01f1a0b1-5246-1f48-91ce-44e51ffb5d10) - Closing
[0m14:18:09.214492 [debug] [Thread-13 ]: Using databricks connection "seed.chinook.Playlist"
[0m14:18:09.214492 [debug] [Thread-13 ]: On seed.chinook.Playlist: 
          insert overwrite `uc_sql_server_central`.`data_raw`.`playlist01` values
          (%s,%s),(%s,%s),(%s,%s),(%s,%s),(%s,%s),(%s,%s),(%s,%s),(%s,%s),(%s,%s),(%s,%s),(%s,%s),(%s,%s),(%s,%s),(%s,%s),(%s,%s),(%s,%s),(%s,%s),(%s,%s)
      ...
[0m14:18:10.257509 [debug] [Thread-13 ]: SQL status: OK in 1.040 seconds
[0m14:18:10.258470 [debug] [Thread-13 ]: Databricks adapter: Cursor(session-id=01f1a0b1-523a-1181-9640-5c272c12a382, command-id=01f1a0b1-5318-1b59-879c-38cc1dfe542a) - Closing
[0m14:18:10.259482 [debug] [Thread-13 ]: Writing runtime SQL for node "seed.chinook.Playlist"
[0m14:18:10.263499 [debug] [Thread-13 ]: On seed.chinook.Playlist: Close
[0m14:18:10.264510 [debug] [Thread-13 ]: Databricks adapter: Connection(session-id=01f1a0b1-523a-1181-9640-5c272c12a382) - Closing
[0m14:18:10.355062 [debug] [Thread-13 ]: Sending event: {'category': 'dbt', 'action': 'run_model', 'label': 'f90c5904-5bee-41f0-a69c-29b7f7674600', 'context': [<snowplow_tracker.self_describing_json.SelfDescribingJson object at 0x0000023515C67E90>]}
[0m14:18:10.356005 [info ] [Thread-13 ]: 10 of 59 OK loaded seed file data_raw.Playlist01 ............................... [[32mINSERT 18[0m in 2.77s]
[0m14:18:10.356543 [debug] [Thread-13 ]: Finished running node seed.chinook.Playlist
[0m14:18:10.357601 [debug] [Thread-13 ]: Began running node seed.chinook.PlaylistTrack
[0m14:18:10.358591 [info ] [Thread-13 ]: 11 of 59 START seed file data_raw.playlisttrack01 .............................. [RUN]
[0m14:18:10.359553 [debug] [Thread-13 ]: Databricks adapter: DatabricksDBTConnection(session-id=None, name=seed.chinook.PlaylistTrack) - Creating connection
[0m14:18:10.359553 [debug] [Thread-13 ]: Acquiring new databricks connection 'seed.chinook.PlaylistTrack'
[0m14:18:10.360596 [debug] [Thread-13 ]: Began compiling node seed.chinook.PlaylistTrack
[0m14:18:10.360596 [debug] [Thread-13 ]: Began executing node seed.chinook.PlaylistTrack
[0m14:18:10.563216 [debug] [Thread-13 ]: Using databricks connection "seed.chinook.PlaylistTrack"
[0m14:18:10.563216 [debug] [Thread-13 ]: On seed.chinook.PlaylistTrack: /* {"app": "dbt", "dbt_version": "1.11.2", "dbt_databricks_version": "1.12.4", "databricks_sql_connector_version": "4.1.3", "profile_name": "chinook", "target_name": "dev", "invocation_id": "f90c5904-5bee-41f0-a69c-29b7f7674600", "node_id": "seed.chinook.PlaylistTrack"} */

    create  table `uc_sql_server_central`.`data_raw`.`playlisttrack01` (`PlaylistId` bigint ,`TrackId` bigint )
    
    using delta
  
    
    
    
    
    
  
[0m14:18:10.564218 [debug] [Thread-13 ]: Opening a new connection, currently in state init
[0m14:18:10.838549 [debug] [Thread-13 ]: Databricks adapter: Connection(session-id=01f1a0b1-53f9-1e32-a1b7-ef45e4e4bcc7) - Created
[0m14:18:12.226083 [debug] [Thread-13 ]: SQL status: OK in 1.660 seconds
[0m14:18:12.228106 [debug] [Thread-13 ]: Databricks adapter: Cursor(session-id=01f1a0b1-53f9-1e32-a1b7-ef45e4e4bcc7, command-id=01f1a0b1-540f-18ca-a24f-85766790a7e7) - Closing
[0m14:18:13.124027 [debug] [Thread-13 ]: Using databricks connection "seed.chinook.PlaylistTrack"
[0m14:18:13.125030 [debug] [Thread-13 ]: On seed.chinook.PlaylistTrack: 
          insert overwrite `uc_sql_server_central`.`data_raw`.`playlisttrack01` values
          (%s,%s),(%s,%s),(%s,%s),(%s,%s),(%s,%s),(%s,%s),(%s,%s),(%s,%s),(%s,%s),(%s,%s),(%s,%s),(%s,%s),(%s,%s),(%s,%s),(%s,%s),(%s,%s),(%s,%s),(%s,%s),(%s,%s),(%s,%s),(%s,%s),(%s,%s),(%s,%s),(%s,%s),(%s,%s),(%s,%s),(%s,%s),(%s,%s),(%s,%s),(%s,%s),(%s,%s),(%s,%s),(%s,%s),(%s,%s),(%s,%s),(%s,%s),(%s,%s),(%s,%s),(%s,%s),(%s,%s),(%s,%s),(%s,%s),(%s,%s),(%s,%s),(%s,%s),(%s,%s),(%s,%s),(%s,%s),(%s,%s),(%s,%s),(%s,%s),(%s,%s...
[0m14:18:14.714771 [debug] [Thread-13 ]: SQL status: OK in 1.590 seconds
[0m14:18:14.715778 [debug] [Thread-13 ]: Databricks adapter: Cursor(session-id=01f1a0b1-53f9-1e32-a1b7-ef45e4e4bcc7, command-id=01f1a0b1-556d-13b0-981e-bf999ac3b328) - Closing
[0m14:18:14.719705 [debug] [Thread-13 ]: Writing runtime SQL for node "seed.chinook.PlaylistTrack"
[0m14:18:14.724280 [debug] [Thread-13 ]: On seed.chinook.PlaylistTrack: Close
[0m14:18:14.725847 [debug] [Thread-13 ]: Databricks adapter: Connection(session-id=01f1a0b1-53f9-1e32-a1b7-ef45e4e4bcc7) - Closing
[0m14:18:14.834424 [debug] [Thread-13 ]: Sending event: {'category': 'dbt', 'action': 'run_model', 'label': 'f90c5904-5bee-41f0-a69c-29b7f7674600', 'context': [<snowplow_tracker.self_describing_json.SelfDescribingJson object at 0x0000023515C416D0>]}
[0m14:18:14.834424 [info ] [Thread-13 ]: 11 of 59 OK loaded seed file data_raw.PlaylistTrack01 .......................... [[32mINSERT 8715[0m in 4.48s]
[0m14:18:14.837063 [debug] [Thread-13 ]: Finished running node seed.chinook.PlaylistTrack
[0m14:18:14.838008 [debug] [Thread-13 ]: Began running node seed.chinook.Track
[0m14:18:14.840020 [info ] [Thread-13 ]: 12 of 59 START seed file data_raw.track01 ...................................... [RUN]
[0m14:18:14.843002 [debug] [Thread-13 ]: Databricks adapter: DatabricksDBTConnection(session-id=None, name=seed.chinook.Track) - Creating connection
[0m14:18:14.845057 [debug] [Thread-13 ]: Acquiring new databricks connection 'seed.chinook.Track'
[0m14:18:14.846020 [debug] [Thread-13 ]: Began compiling node seed.chinook.Track
[0m14:18:14.847568 [debug] [Thread-13 ]: Began executing node seed.chinook.Track
[0m14:18:14.990991 [debug] [Thread-13 ]: Using databricks connection "seed.chinook.Track"
[0m14:18:14.992000 [debug] [Thread-13 ]: On seed.chinook.Track: /* {"app": "dbt", "dbt_version": "1.11.2", "dbt_databricks_version": "1.12.4", "databricks_sql_connector_version": "4.1.3", "profile_name": "chinook", "target_name": "dev", "invocation_id": "f90c5904-5bee-41f0-a69c-29b7f7674600", "node_id": "seed.chinook.Track"} */

    create  table `uc_sql_server_central`.`data_raw`.`track01` (`TrackId` bigint ,`Name` string ,`AlbumId` bigint ,`MediaTypeId` bigint ,`GenreId` bigint ,`Composer` string ,`Milliseconds` bigint ,`Bytes` bigint ,`UnitPrice` double )
    
    using delta
  
    
    
    
    
    
  
[0m14:18:14.992000 [debug] [Thread-13 ]: Opening a new connection, currently in state init
[0m14:18:15.281631 [debug] [Thread-13 ]: Databricks adapter: Connection(session-id=01f1a0b1-56a0-1721-b044-ff019f4da859) - Created
[0m14:18:16.588209 [debug] [Thread-13 ]: SQL status: OK in 1.600 seconds
[0m14:18:16.590176 [debug] [Thread-13 ]: Databricks adapter: Cursor(session-id=01f1a0b1-56a0-1721-b044-ff019f4da859, command-id=01f1a0b1-56ad-11f4-8458-22a2584746b4) - Closing
[0m14:18:18.351057 [debug] [Thread-13 ]: Using databricks connection "seed.chinook.Track"
[0m14:18:18.352055 [debug] [Thread-13 ]: On seed.chinook.Track: 
          insert overwrite `uc_sql_server_central`.`data_raw`.`track01` values
          (%s,%s,%s,%s,%s,%s,%s,%s,%s),(%s,%s,%s,%s,%s,%s,%s,%s,%s),(%s,%s,%s,%s,%s,%s,%s,%s,%s),(%s,%s,%s,%s,%s,%s,%s,%s,%s),(%s,%s,%s,%s,%s,%s,%s,%s,%s),(%s,%s,%s,%s,%s,%s,%s,%s,%s),(%s,%s,%s,%s,%s,%s,%s,%s,%s),(%s,%s,%s,%s,%s,%s,%s,%s,%s),(%s,%s,%s,%s,%s,%s,%s,%s,%s),(%s,%s,%s,%s,%s,%s,%s,%s,%s),(%s,%s,%s,%s,%s,%s,%s,%s,%s),(%s,%s,%s,%s,%s,%s,%s,%s,%s),(%s,%s,%s,%s,%s,%s,%s,%s,%s),(%s,%s,%s,%s,%s,%s,%s,%s,%s),(%s,%s,%s,%s,%s,...
[0m14:18:21.264768 [debug] [Thread-13 ]: SQL status: OK in 2.910 seconds
[0m14:18:21.265776 [debug] [Thread-13 ]: Databricks adapter: Cursor(session-id=01f1a0b1-56a0-1721-b044-ff019f4da859, command-id=01f1a0b1-5891-1541-87e1-8ad64ff36ed2) - Closing
[0m14:18:21.268154 [debug] [Thread-13 ]: Writing runtime SQL for node "seed.chinook.Track"
[0m14:18:21.273550 [debug] [Thread-13 ]: On seed.chinook.Track: Close
[0m14:18:21.274576 [debug] [Thread-13 ]: Databricks adapter: Connection(session-id=01f1a0b1-56a0-1721-b044-ff019f4da859) - Closing
[0m14:18:21.369609 [debug] [Thread-13 ]: Sending event: {'category': 'dbt', 'action': 'run_model', 'label': 'f90c5904-5bee-41f0-a69c-29b7f7674600', 'context': [<snowplow_tracker.self_describing_json.SelfDescribingJson object at 0x0000023515C51640>]}
[0m14:18:21.370602 [info ] [Thread-13 ]: 12 of 59 OK loaded seed file data_raw.Track01 .................................. [[32mINSERT 3503[0m in 6.53s]
[0m14:18:21.371607 [debug] [Thread-13 ]: Finished running node seed.chinook.Track
[0m14:18:21.372611 [debug] [Thread-13 ]: Began running node model.chinook.DimDate
[0m14:18:21.373616 [info ] [Thread-13 ]: 13 of 59 START sql table model data_mart.dimdate ............................... [RUN]
[0m14:18:21.374569 [debug] [Thread-13 ]: Databricks adapter: DatabricksDBTConnection(session-id=None, name=model.chinook.DimDate) - Creating connection
[0m14:18:21.376141 [debug] [Thread-13 ]: Acquiring new databricks connection 'model.chinook.DimDate'
[0m14:18:21.377165 [debug] [Thread-13 ]: Began compiling node model.chinook.DimDate
[0m14:18:21.384235 [debug] [Thread-13 ]: Writing injected SQL for node "model.chinook.DimDate"
[0m14:18:21.387361 [debug] [Thread-13 ]: Began executing node model.chinook.DimDate
[0m14:18:21.390469 [debug] [Thread-13 ]: MATERIALIZING TABLE
[0m14:18:21.391456 [debug] [Thread-13 ]: Using databricks connection "model.chinook.DimDate"
[0m14:18:21.392994 [debug] [Thread-13 ]: On model.chinook.DimDate: /* {"app": "dbt", "dbt_version": "1.11.2", "dbt_databricks_version": "1.12.4", "databricks_sql_connector_version": "4.1.3", "profile_name": "chinook", "target_name": "dev", "invocation_id": "f90c5904-5bee-41f0-a69c-29b7f7674600", "node_id": "model.chinook.DimDate"} */
SELECT
    table_catalog,
    table_schema,
    table_name,
    filter_name,
    target_columns
  FROM `uc_sql_server_central`.`information_schema`.`row_filters`
  WHERE table_catalog = 'uc_sql_server_central'
    AND table_schema = 'data_mart'
    AND table_name = 'dimdate'
[0m14:18:21.394051 [debug] [Thread-13 ]: Opening a new connection, currently in state init
[0m14:18:21.676658 [debug] [Thread-13 ]: Databricks adapter: Connection(session-id=01f1a0b1-5a6f-13c1-bce3-e32b201e7f57) - Created
[0m14:18:22.133446 [debug] [Thread-13 ]: SQL status: OK in 0.740 seconds
[0m14:18:22.145988 [debug] [Thread-13 ]: Databricks adapter: Cursor(session-id=01f1a0b1-5a6f-13c1-bce3-e32b201e7f57, command-id=01f1a0b1-5a7d-1452-9d78-f3579ed64f20) - Closing
[0m14:18:22.153475 [debug] [Thread-13 ]: Writing runtime sql for node "model.chinook.DimDate"
[0m14:18:22.157739 [debug] [Thread-13 ]: Using databricks connection "model.chinook.DimDate"
[0m14:18:22.160714 [debug] [Thread-13 ]: On model.chinook.DimDate: /* {"app": "dbt", "dbt_version": "1.11.2", "dbt_databricks_version": "1.12.4", "databricks_sql_connector_version": "4.1.3", "profile_name": "chinook", "target_name": "dev", "invocation_id": "f90c5904-5bee-41f0-a69c-29b7f7674600", "node_id": "model.chinook.DimDate"} */

  
    
        create or replace table `uc_sql_server_central`.`data_mart`.`dimdate`
      
      
    using delta
  
      
      
      
      
      
      
      
      
      as
      select *
from `uc_sql_server_central`.`data_stage`.`dates02`
  
[0m14:18:23.914296 [debug] [Thread-13 ]: SQL status: OK in 1.750 seconds
[0m14:18:23.919499 [debug] [Thread-13 ]: Databricks adapter: Cursor(session-id=01f1a0b1-5a6f-13c1-bce3-e32b201e7f57, command-id=01f1a0b1-5ac6-18c4-8d2d-bee8bc360539) - Closing
[0m14:18:23.921500 [debug] [Thread-13 ]: Applying tags to relation None
[0m14:18:23.923482 [debug] [Thread-13 ]: On model.chinook.DimDate: Close
[0m14:18:23.923482 [debug] [Thread-13 ]: Databricks adapter: Connection(session-id=01f1a0b1-5a6f-13c1-bce3-e32b201e7f57) - Closing
[0m14:18:24.028233 [debug] [Thread-13 ]: Sending event: {'category': 'dbt', 'action': 'run_model', 'label': 'f90c5904-5bee-41f0-a69c-29b7f7674600', 'context': [<snowplow_tracker.self_describing_json.SelfDescribingJson object at 0x0000023515069CA0>]}
[0m14:18:24.032246 [info ] [Thread-13 ]: 13 of 59 OK created sql table model data_mart.dimdate .......................... [[32mOK[0m in 2.65s]
[0m14:18:24.036322 [debug] [Thread-13 ]: Finished running node model.chinook.DimDate
[0m14:18:24.040371 [debug] [Thread-13 ]: Began running node test.chinook.not_null_Album__AlbumId_.9e0aa437b4
[0m14:18:24.044375 [info ] [Thread-13 ]: 14 of 59 START test not_null_Album__AlbumId_ ................................... [RUN]
[0m14:18:24.050650 [debug] [Thread-13 ]: Databricks adapter: DatabricksDBTConnection(session-id=None, name=test.chinook.not_null_Album__AlbumId_.9e0aa437b4) - Creating connection
[0m14:18:24.053657 [debug] [Thread-13 ]: Acquiring new databricks connection 'test.chinook.not_null_Album__AlbumId_.9e0aa437b4'
[0m14:18:24.054640 [debug] [Thread-13 ]: Began compiling node test.chinook.not_null_Album__AlbumId_.9e0aa437b4
[0m14:18:24.108123 [debug] [Thread-13 ]: Writing injected SQL for node "test.chinook.not_null_Album__AlbumId_.9e0aa437b4"
[0m14:18:24.118359 [debug] [Thread-13 ]: Began executing node test.chinook.not_null_Album__AlbumId_.9e0aa437b4
[0m14:18:24.179180 [debug] [Thread-13 ]: Writing runtime sql for node "test.chinook.not_null_Album__AlbumId_.9e0aa437b4"
[0m14:18:24.181183 [debug] [Thread-13 ]: Using databricks connection "test.chinook.not_null_Album__AlbumId_.9e0aa437b4"
[0m14:18:24.181183 [debug] [Thread-13 ]: On test.chinook.not_null_Album__AlbumId_.9e0aa437b4: /* {"app": "dbt", "dbt_version": "1.11.2", "dbt_databricks_version": "1.12.4", "databricks_sql_connector_version": "4.1.3", "profile_name": "chinook", "target_name": "dev", "invocation_id": "f90c5904-5bee-41f0-a69c-29b7f7674600", "node_id": "test.chinook.not_null_Album__AlbumId_.9e0aa437b4"} */

    select
      count(*) as failures,
      count(*) != 0 as should_warn,
      count(*) != 0 as should_error
    from (
      
    
  
    
    



select `AlbumId`
from `uc_sql_server_central`.`data_raw`.`album01`
where `AlbumId` is null



  
  
      
    ) dbt_internal_test
[0m14:18:24.182183 [debug] [Thread-13 ]: Opening a new connection, currently in state init
[0m14:18:24.476949 [debug] [Thread-13 ]: Databricks adapter: Connection(session-id=01f1a0b1-5c1a-1e3b-996e-f294f1207e75) - Created
[0m14:18:24.819246 [debug] [Thread-13 ]: SQL status: OK in 0.640 seconds
[0m14:18:24.823251 [debug] [Thread-13 ]: Databricks adapter: Cursor(session-id=01f1a0b1-5c1a-1e3b-996e-f294f1207e75, command-id=01f1a0b1-5c28-1fc8-8cef-588e56dc9fb7) - Closing
[0m14:18:24.831775 [debug] [Thread-13 ]: On test.chinook.not_null_Album__AlbumId_.9e0aa437b4: Close
[0m14:18:24.832783 [debug] [Thread-13 ]: Databricks adapter: Connection(session-id=01f1a0b1-5c1a-1e3b-996e-f294f1207e75) - Closing
[0m14:18:24.926966 [info ] [Thread-13 ]: 14 of 59 PASS not_null_Album__AlbumId_ ......................................... [[32mPASS[0m in 0.88s]
[0m14:18:24.929999 [debug] [Thread-13 ]: Finished running node test.chinook.not_null_Album__AlbumId_.9e0aa437b4
[0m14:18:24.930998 [debug] [Thread-13 ]: Began running node test.chinook.unique_Album__AlbumId_.92e0934510
[0m14:18:24.931997 [info ] [Thread-13 ]: 15 of 59 START test unique_Album__AlbumId_ ..................................... [RUN]
[0m14:18:24.933515 [debug] [Thread-13 ]: Databricks adapter: DatabricksDBTConnection(session-id=None, name=test.chinook.unique_Album__AlbumId_.92e0934510) - Creating connection
[0m14:18:24.933515 [debug] [Thread-13 ]: Acquiring new databricks connection 'test.chinook.unique_Album__AlbumId_.92e0934510'
[0m14:18:24.934526 [debug] [Thread-13 ]: Began compiling node test.chinook.unique_Album__AlbumId_.92e0934510
[0m14:18:24.946143 [debug] [Thread-13 ]: Writing injected SQL for node "test.chinook.unique_Album__AlbumId_.92e0934510"
[0m14:18:24.948463 [debug] [Thread-13 ]: Began executing node test.chinook.unique_Album__AlbumId_.92e0934510
[0m14:18:24.951511 [debug] [Thread-13 ]: Writing runtime sql for node "test.chinook.unique_Album__AlbumId_.92e0934510"
[0m14:18:24.952529 [debug] [Thread-13 ]: Using databricks connection "test.chinook.unique_Album__AlbumId_.92e0934510"
[0m14:18:24.953564 [debug] [Thread-13 ]: On test.chinook.unique_Album__AlbumId_.92e0934510: /* {"app": "dbt", "dbt_version": "1.11.2", "dbt_databricks_version": "1.12.4", "databricks_sql_connector_version": "4.1.3", "profile_name": "chinook", "target_name": "dev", "invocation_id": "f90c5904-5bee-41f0-a69c-29b7f7674600", "node_id": "test.chinook.unique_Album__AlbumId_.92e0934510"} */

    select
      count(*) as failures,
      count(*) != 0 as should_warn,
      count(*) != 0 as should_error
    from (
      
    
  
    
    

select
    `AlbumId` as unique_field,
    count(*) as n_records

from `uc_sql_server_central`.`data_raw`.`album01`
where `AlbumId` is not null
group by `AlbumId`
having count(*) > 1



  
  
      
    ) dbt_internal_test
[0m14:18:24.953564 [debug] [Thread-13 ]: Opening a new connection, currently in state init
[0m14:18:25.213562 [debug] [Thread-13 ]: Databricks adapter: Connection(session-id=01f1a0b1-5c8b-1c71-bb18-b50484318f41) - Created
[0m14:18:25.631286 [debug] [Thread-13 ]: SQL status: OK in 0.680 seconds
[0m14:18:25.642261 [debug] [Thread-13 ]: Databricks adapter: Cursor(session-id=01f1a0b1-5c8b-1c71-bb18-b50484318f41, command-id=01f1a0b1-5c99-19bc-a884-99cb5cc25279) - Closing
[0m14:18:25.647054 [debug] [Thread-13 ]: On test.chinook.unique_Album__AlbumId_.92e0934510: Close
[0m14:18:25.648133 [debug] [Thread-13 ]: Databricks adapter: Connection(session-id=01f1a0b1-5c8b-1c71-bb18-b50484318f41) - Closing
[0m14:18:25.752927 [info ] [Thread-13 ]: 15 of 59 PASS unique_Album__AlbumId_ ........................................... [[32mPASS[0m in 0.82s]
[0m14:18:25.758486 [debug] [Thread-13 ]: Finished running node test.chinook.unique_Album__AlbumId_.92e0934510
[0m14:18:25.763103 [debug] [Thread-13 ]: Began running node test.chinook.not_null_Artist__ArtistId_.8487e96cb3
[0m14:18:25.765122 [info ] [Thread-13 ]: 16 of 59 START test not_null_Artist__ArtistId_ ................................. [RUN]
[0m14:18:25.767685 [debug] [Thread-13 ]: Databricks adapter: DatabricksDBTConnection(session-id=None, name=test.chinook.not_null_Artist__ArtistId_.8487e96cb3) - Creating connection
[0m14:18:25.768686 [debug] [Thread-13 ]: Acquiring new databricks connection 'test.chinook.not_null_Artist__ArtistId_.8487e96cb3'
[0m14:18:25.769686 [debug] [Thread-13 ]: Began compiling node test.chinook.not_null_Artist__ArtistId_.8487e96cb3
[0m14:18:25.782274 [debug] [Thread-13 ]: Writing injected SQL for node "test.chinook.not_null_Artist__ArtistId_.8487e96cb3"
[0m14:18:25.784272 [debug] [Thread-13 ]: Began executing node test.chinook.not_null_Artist__ArtistId_.8487e96cb3
[0m14:18:25.789446 [debug] [Thread-13 ]: Writing runtime sql for node "test.chinook.not_null_Artist__ArtistId_.8487e96cb3"
[0m14:18:25.791445 [debug] [Thread-13 ]: Using databricks connection "test.chinook.not_null_Artist__ArtistId_.8487e96cb3"
[0m14:18:25.792444 [debug] [Thread-13 ]: On test.chinook.not_null_Artist__ArtistId_.8487e96cb3: /* {"app": "dbt", "dbt_version": "1.11.2", "dbt_databricks_version": "1.12.4", "databricks_sql_connector_version": "4.1.3", "profile_name": "chinook", "target_name": "dev", "invocation_id": "f90c5904-5bee-41f0-a69c-29b7f7674600", "node_id": "test.chinook.not_null_Artist__ArtistId_.8487e96cb3"} */

    select
      count(*) as failures,
      count(*) != 0 as should_warn,
      count(*) != 0 as should_error
    from (
      
    
  
    
    



select `ArtistId`
from `uc_sql_server_central`.`data_raw`.`artist01`
where `ArtistId` is null



  
  
      
    ) dbt_internal_test
[0m14:18:25.793450 [debug] [Thread-13 ]: Opening a new connection, currently in state init
[0m14:18:26.180774 [debug] [Thread-13 ]: Databricks adapter: Connection(session-id=01f1a0b1-5d1d-114a-b260-401d2711377e) - Created
[0m14:18:26.571692 [debug] [Thread-13 ]: SQL status: OK in 0.780 seconds
[0m14:18:26.579975 [debug] [Thread-13 ]: Databricks adapter: Cursor(session-id=01f1a0b1-5d1d-114a-b260-401d2711377e, command-id=01f1a0b1-5d2d-148d-a16a-d8ce042b2c3d) - Closing
[0m14:18:26.581977 [debug] [Thread-13 ]: On test.chinook.not_null_Artist__ArtistId_.8487e96cb3: Close
[0m14:18:26.583975 [debug] [Thread-13 ]: Databricks adapter: Connection(session-id=01f1a0b1-5d1d-114a-b260-401d2711377e) - Closing
[0m14:18:26.754467 [info ] [Thread-13 ]: 16 of 59 PASS not_null_Artist__ArtistId_ ....................................... [[32mPASS[0m in 0.99s]
[0m14:18:26.761052 [debug] [Thread-13 ]: Finished running node test.chinook.not_null_Artist__ArtistId_.8487e96cb3
[0m14:18:26.764064 [debug] [Thread-13 ]: Began running node test.chinook.relationships_Album__ArtistId____ArtistId___ref_Artist_.b875f15435
[0m14:18:26.767370 [info ] [Thread-13 ]: 17 of 59 START test relationships_Album__ArtistId____ArtistId___ref_Artist_ .... [RUN]
[0m14:18:26.772405 [debug] [Thread-13 ]: Databricks adapter: DatabricksDBTConnection(session-id=None, name=test.chinook.relationships_Album__ArtistId____ArtistId___ref_Artist_.b875f15435) - Creating connection
[0m14:18:26.778690 [debug] [Thread-13 ]: Acquiring new databricks connection 'test.chinook.relationships_Album__ArtistId____ArtistId___ref_Artist_.b875f15435'
[0m14:18:26.782737 [debug] [Thread-13 ]: Began compiling node test.chinook.relationships_Album__ArtistId____ArtistId___ref_Artist_.b875f15435
[0m14:18:26.829586 [debug] [Thread-13 ]: Writing injected SQL for node "test.chinook.relationships_Album__ArtistId____ArtistId___ref_Artist_.b875f15435"
[0m14:18:26.831579 [debug] [Thread-13 ]: Began executing node test.chinook.relationships_Album__ArtistId____ArtistId___ref_Artist_.b875f15435
[0m14:18:26.833584 [debug] [Thread-13 ]: Writing runtime sql for node "test.chinook.relationships_Album__ArtistId____ArtistId___ref_Artist_.b875f15435"
[0m14:18:26.836116 [debug] [Thread-13 ]: Using databricks connection "test.chinook.relationships_Album__ArtistId____ArtistId___ref_Artist_.b875f15435"
[0m14:18:26.837422 [debug] [Thread-13 ]: On test.chinook.relationships_Album__ArtistId____ArtistId___ref_Artist_.b875f15435: /* {"app": "dbt", "dbt_version": "1.11.2", "dbt_databricks_version": "1.12.4", "databricks_sql_connector_version": "4.1.3", "profile_name": "chinook", "target_name": "dev", "invocation_id": "f90c5904-5bee-41f0-a69c-29b7f7674600", "node_id": "test.chinook.relationships_Album__ArtistId____ArtistId___ref_Artist_.b875f15435"} */

    select
      count(*) as failures,
      count(*) != 0 as should_warn,
      count(*) != 0 as should_error
    from (
      
    
  
    
    

with child as (
    select `ArtistId` as from_field
    from `uc_sql_server_central`.`data_raw`.`album01`
    where `ArtistId` is not null
),

parent as (
    select "ArtistId" as to_field
    from `uc_sql_server_central`.`data_raw`.`artist01`
)

select
    from_field

from child
left join parent
    on child.from_field = parent.to_field

where parent.to_field is null



  
  
      
    ) dbt_internal_test
[0m14:18:26.838419 [debug] [Thread-13 ]: Opening a new connection, currently in state init
[0m14:18:27.153498 [debug] [Thread-13 ]: Databricks adapter: Connection(session-id=01f1a0b1-5db1-1eb1-9a96-1a7e7ea5af81) - Created
[0m14:18:27.718697 [debug] [Thread-13 ]: SQL status: OK in 0.880 seconds
[0m14:18:27.727255 [debug] [Thread-13 ]: Databricks adapter: Cursor(session-id=01f1a0b1-5db1-1eb1-9a96-1a7e7ea5af81, command-id=01f1a0b1-5dbf-11f1-b9c3-f3f7f1740f56) - Closing
[0m14:18:27.732281 [debug] [Thread-13 ]: On test.chinook.relationships_Album__ArtistId____ArtistId___ref_Artist_.b875f15435: Close
[0m14:18:27.735811 [debug] [Thread-13 ]: Databricks adapter: Connection(session-id=01f1a0b1-5db1-1eb1-9a96-1a7e7ea5af81) - Closing
[0m14:18:27.853129 [error] [Thread-13 ]: 17 of 59 FAIL 347 relationships_Album__ArtistId____ArtistId___ref_Artist_ ...... [[31mFAIL 347[0m in 1.08s]
[0m14:18:27.855143 [debug] [Thread-13 ]: Finished running node test.chinook.relationships_Album__ArtistId____ArtistId___ref_Artist_.b875f15435
[0m14:18:27.856657 [debug] [Thread-13 ]: Began running node test.chinook.unique_Artist__ArtistId_.9c9a7785d0
[0m14:18:27.859688 [debug] [Thread-16 ]: Marking all children of 'test.chinook.relationships_Album__ArtistId____ArtistId___ref_Artist_.b875f15435' to be skipped because of status 'fail'.  Reason: Got 347 results, configured to fail if != 0.
[0m14:18:27.858684 [info ] [Thread-13 ]: 18 of 59 START test unique_Artist__ArtistId_ ................................... [RUN]
[0m14:18:27.861687 [debug] [Thread-13 ]: Databricks adapter: DatabricksDBTConnection(session-id=None, name=test.chinook.unique_Artist__ArtistId_.9c9a7785d0) - Creating connection
[0m14:18:27.862689 [debug] [Thread-13 ]: Acquiring new databricks connection 'test.chinook.unique_Artist__ArtistId_.9c9a7785d0'
[0m14:18:27.864683 [debug] [Thread-13 ]: Began compiling node test.chinook.unique_Artist__ArtistId_.9c9a7785d0
[0m14:18:27.875746 [debug] [Thread-13 ]: Writing injected SQL for node "test.chinook.unique_Artist__ArtistId_.9c9a7785d0"
[0m14:18:27.888160 [debug] [Thread-13 ]: Began executing node test.chinook.unique_Artist__ArtistId_.9c9a7785d0
[0m14:18:27.894161 [debug] [Thread-13 ]: Writing runtime sql for node "test.chinook.unique_Artist__ArtistId_.9c9a7785d0"
[0m14:18:27.908988 [debug] [Thread-13 ]: Using databricks connection "test.chinook.unique_Artist__ArtistId_.9c9a7785d0"
[0m14:18:27.909986 [debug] [Thread-13 ]: On test.chinook.unique_Artist__ArtistId_.9c9a7785d0: /* {"app": "dbt", "dbt_version": "1.11.2", "dbt_databricks_version": "1.12.4", "databricks_sql_connector_version": "4.1.3", "profile_name": "chinook", "target_name": "dev", "invocation_id": "f90c5904-5bee-41f0-a69c-29b7f7674600", "node_id": "test.chinook.unique_Artist__ArtistId_.9c9a7785d0"} */

    select
      count(*) as failures,
      count(*) != 0 as should_warn,
      count(*) != 0 as should_error
    from (
      
    
  
    
    

select
    `ArtistId` as unique_field,
    count(*) as n_records

from `uc_sql_server_central`.`data_raw`.`artist01`
where `ArtistId` is not null
group by `ArtistId`
having count(*) > 1



  
  
      
    ) dbt_internal_test
[0m14:18:27.911988 [debug] [Thread-13 ]: Opening a new connection, currently in state init
[0m14:18:28.351461 [debug] [Thread-13 ]: Databricks adapter: Connection(session-id=01f1a0b1-5e6a-1142-8c65-e28ed409a680) - Created
[0m14:18:28.703209 [debug] [Thread-13 ]: SQL status: OK in 0.790 seconds
[0m14:18:28.711740 [debug] [Thread-13 ]: Databricks adapter: Cursor(session-id=01f1a0b1-5e6a-1142-8c65-e28ed409a680, command-id=01f1a0b1-5e76-1ffa-bb37-65824d6313a5) - Closing
[0m14:18:28.716901 [debug] [Thread-13 ]: On test.chinook.unique_Artist__ArtistId_.9c9a7785d0: Close
[0m14:18:28.719932 [debug] [Thread-13 ]: Databricks adapter: Connection(session-id=01f1a0b1-5e6a-1142-8c65-e28ed409a680) - Closing
[0m14:18:28.827206 [info ] [Thread-13 ]: 18 of 59 PASS unique_Artist__ArtistId_ ......................................... [[32mPASS[0m in 0.96s]
[0m14:18:28.834238 [debug] [Thread-13 ]: Finished running node test.chinook.unique_Artist__ArtistId_.9c9a7785d0
[0m14:18:28.838820 [debug] [Thread-13 ]: Began running node test.chinook.not_null_Customer__CustomerId_.bbb14ecc1f
[0m14:18:28.842823 [info ] [Thread-13 ]: 19 of 59 START test not_null_Customer__CustomerId_ ............................. [RUN]
[0m14:18:28.848555 [debug] [Thread-13 ]: Databricks adapter: DatabricksDBTConnection(session-id=None, name=test.chinook.not_null_Customer__CustomerId_.bbb14ecc1f) - Creating connection
[0m14:18:28.853029 [debug] [Thread-13 ]: Acquiring new databricks connection 'test.chinook.not_null_Customer__CustomerId_.bbb14ecc1f'
[0m14:18:28.856063 [debug] [Thread-13 ]: Began compiling node test.chinook.not_null_Customer__CustomerId_.bbb14ecc1f
[0m14:18:28.902265 [debug] [Thread-13 ]: Writing injected SQL for node "test.chinook.not_null_Customer__CustomerId_.bbb14ecc1f"
[0m14:18:28.913126 [debug] [Thread-13 ]: Began executing node test.chinook.not_null_Customer__CustomerId_.bbb14ecc1f
[0m14:18:28.936032 [debug] [Thread-13 ]: Writing runtime sql for node "test.chinook.not_null_Customer__CustomerId_.bbb14ecc1f"
[0m14:18:28.943733 [debug] [Thread-13 ]: Using databricks connection "test.chinook.not_null_Customer__CustomerId_.bbb14ecc1f"
[0m14:18:28.946256 [debug] [Thread-13 ]: On test.chinook.not_null_Customer__CustomerId_.bbb14ecc1f: /* {"app": "dbt", "dbt_version": "1.11.2", "dbt_databricks_version": "1.12.4", "databricks_sql_connector_version": "4.1.3", "profile_name": "chinook", "target_name": "dev", "invocation_id": "f90c5904-5bee-41f0-a69c-29b7f7674600", "node_id": "test.chinook.not_null_Customer__CustomerId_.bbb14ecc1f"} */

    select
      count(*) as failures,
      count(*) != 0 as should_warn,
      count(*) != 0 as should_error
    from (
      
    
  
    
    



select `CustomerId`
from `uc_sql_server_central`.`data_raw`.`customer01`
where `CustomerId` is null



  
  
      
    ) dbt_internal_test
[0m14:18:28.948305 [debug] [Thread-13 ]: Opening a new connection, currently in state init
[0m14:18:29.410378 [debug] [Thread-13 ]: Databricks adapter: Connection(session-id=01f1a0b1-5f0a-189f-8eb1-b0e765f35d25) - Created
[0m14:18:29.769070 [debug] [Thread-13 ]: SQL status: OK in 0.820 seconds
[0m14:18:29.771097 [debug] [Thread-13 ]: Databricks adapter: Cursor(session-id=01f1a0b1-5f0a-189f-8eb1-b0e765f35d25, command-id=01f1a0b1-5f18-11a8-9c37-6b5ba68095e3) - Closing
[0m14:18:29.772100 [debug] [Thread-13 ]: On test.chinook.not_null_Customer__CustomerId_.bbb14ecc1f: Close
[0m14:18:29.773099 [debug] [Thread-13 ]: Databricks adapter: Connection(session-id=01f1a0b1-5f0a-189f-8eb1-b0e765f35d25) - Closing
[0m14:18:29.880262 [info ] [Thread-13 ]: 19 of 59 PASS not_null_Customer__CustomerId_ ................................... [[32mPASS[0m in 1.03s]
[0m14:18:29.883251 [debug] [Thread-13 ]: Finished running node test.chinook.not_null_Customer__CustomerId_.bbb14ecc1f
[0m14:18:29.884250 [debug] [Thread-13 ]: Began running node test.chinook.unique_Customer__CustomerId_.3bdb538ef1
[0m14:18:29.887480 [info ] [Thread-13 ]: 20 of 59 START test unique_Customer__CustomerId_ ............................... [RUN]
[0m14:18:29.889552 [debug] [Thread-13 ]: Databricks adapter: DatabricksDBTConnection(session-id=None, name=test.chinook.unique_Customer__CustomerId_.3bdb538ef1) - Creating connection
[0m14:18:29.892010 [debug] [Thread-13 ]: Acquiring new databricks connection 'test.chinook.unique_Customer__CustomerId_.3bdb538ef1'
[0m14:18:29.893562 [debug] [Thread-13 ]: Began compiling node test.chinook.unique_Customer__CustomerId_.3bdb538ef1
[0m14:18:29.932722 [debug] [Thread-13 ]: Writing injected SQL for node "test.chinook.unique_Customer__CustomerId_.3bdb538ef1"
[0m14:18:29.943034 [debug] [Thread-13 ]: Began executing node test.chinook.unique_Customer__CustomerId_.3bdb538ef1
[0m14:18:29.963230 [debug] [Thread-13 ]: Writing runtime sql for node "test.chinook.unique_Customer__CustomerId_.3bdb538ef1"
[0m14:18:29.971411 [debug] [Thread-13 ]: Using databricks connection "test.chinook.unique_Customer__CustomerId_.3bdb538ef1"
[0m14:18:29.974420 [debug] [Thread-13 ]: On test.chinook.unique_Customer__CustomerId_.3bdb538ef1: /* {"app": "dbt", "dbt_version": "1.11.2", "dbt_databricks_version": "1.12.4", "databricks_sql_connector_version": "4.1.3", "profile_name": "chinook", "target_name": "dev", "invocation_id": "f90c5904-5bee-41f0-a69c-29b7f7674600", "node_id": "test.chinook.unique_Customer__CustomerId_.3bdb538ef1"} */

    select
      count(*) as failures,
      count(*) != 0 as should_warn,
      count(*) != 0 as should_error
    from (
      
    
  
    
    

select
    `CustomerId` as unique_field,
    count(*) as n_records

from `uc_sql_server_central`.`data_raw`.`customer01`
where `CustomerId` is not null
group by `CustomerId`
having count(*) > 1



  
  
      
    ) dbt_internal_test
[0m14:18:29.978020 [debug] [Thread-13 ]: Opening a new connection, currently in state init
[0m14:18:30.674103 [debug] [Thread-13 ]: Databricks adapter: Connection(session-id=01f1a0b1-5fcc-1f60-b439-592d6856ce2b) - Created
[0m14:18:31.060742 [debug] [Thread-13 ]: SQL status: OK in 1.080 seconds
[0m14:18:31.069786 [debug] [Thread-13 ]: Databricks adapter: Cursor(session-id=01f1a0b1-5fcc-1f60-b439-592d6856ce2b, command-id=01f1a0b1-5fd9-11bc-b7ee-b90d99a7aec0) - Closing
[0m14:18:31.071740 [debug] [Thread-13 ]: On test.chinook.unique_Customer__CustomerId_.3bdb538ef1: Close
[0m14:18:31.074657 [debug] [Thread-13 ]: Databricks adapter: Connection(session-id=01f1a0b1-5fcc-1f60-b439-592d6856ce2b) - Closing
[0m14:18:31.172967 [info ] [Thread-13 ]: 20 of 59 PASS unique_Customer__CustomerId_ ..................................... [[32mPASS[0m in 1.28s]
[0m14:18:31.177184 [debug] [Thread-13 ]: Finished running node test.chinook.unique_Customer__CustomerId_.3bdb538ef1
[0m14:18:31.180328 [debug] [Thread-13 ]: Began running node test.chinook.not_null_Employee__EmployeeId_.134bde3252
[0m14:18:31.183316 [info ] [Thread-13 ]: 21 of 59 START test not_null_Employee__EmployeeId_ ............................. [RUN]
[0m14:18:31.188449 [debug] [Thread-13 ]: Databricks adapter: DatabricksDBTConnection(session-id=None, name=test.chinook.not_null_Employee__EmployeeId_.134bde3252) - Creating connection
[0m14:18:31.191468 [debug] [Thread-13 ]: Acquiring new databricks connection 'test.chinook.not_null_Employee__EmployeeId_.134bde3252'
[0m14:18:31.194032 [debug] [Thread-13 ]: Began compiling node test.chinook.not_null_Employee__EmployeeId_.134bde3252
[0m14:18:31.228378 [debug] [Thread-13 ]: Writing injected SQL for node "test.chinook.not_null_Employee__EmployeeId_.134bde3252"
[0m14:18:31.235898 [debug] [Thread-13 ]: Began executing node test.chinook.not_null_Employee__EmployeeId_.134bde3252
[0m14:18:31.258443 [debug] [Thread-13 ]: Writing runtime sql for node "test.chinook.not_null_Employee__EmployeeId_.134bde3252"
[0m14:18:31.267791 [debug] [Thread-13 ]: Using databricks connection "test.chinook.not_null_Employee__EmployeeId_.134bde3252"
[0m14:18:31.270838 [debug] [Thread-13 ]: On test.chinook.not_null_Employee__EmployeeId_.134bde3252: /* {"app": "dbt", "dbt_version": "1.11.2", "dbt_databricks_version": "1.12.4", "databricks_sql_connector_version": "4.1.3", "profile_name": "chinook", "target_name": "dev", "invocation_id": "f90c5904-5bee-41f0-a69c-29b7f7674600", "node_id": "test.chinook.not_null_Employee__EmployeeId_.134bde3252"} */

    select
      count(*) as failures,
      count(*) != 0 as should_warn,
      count(*) != 0 as should_error
    from (
      
    
  
    
    



select `EmployeeId`
from `uc_sql_server_central`.`data_raw`.`employee01`
where `EmployeeId` is null



  
  
      
    ) dbt_internal_test
[0m14:18:31.275692 [debug] [Thread-13 ]: Opening a new connection, currently in state init
[0m14:18:31.780264 [debug] [Thread-13 ]: Databricks adapter: Connection(session-id=01f1a0b1-6073-1f94-84a8-f1fba908cf64) - Created
[0m14:18:32.147050 [debug] [Thread-13 ]: SQL status: OK in 0.870 seconds
[0m14:18:32.149566 [debug] [Thread-13 ]: Databricks adapter: Cursor(session-id=01f1a0b1-6073-1f94-84a8-f1fba908cf64, command-id=01f1a0b1-6082-18f0-b0ec-d9b8946d98b9) - Closing
[0m14:18:32.150564 [debug] [Thread-13 ]: On test.chinook.not_null_Employee__EmployeeId_.134bde3252: Close
[0m14:18:32.151566 [debug] [Thread-13 ]: Databricks adapter: Connection(session-id=01f1a0b1-6073-1f94-84a8-f1fba908cf64) - Closing
[0m14:18:32.240743 [info ] [Thread-13 ]: 21 of 59 PASS not_null_Employee__EmployeeId_ ................................... [[32mPASS[0m in 1.05s]
[0m14:18:32.244760 [debug] [Thread-13 ]: Finished running node test.chinook.not_null_Employee__EmployeeId_.134bde3252
[0m14:18:32.247308 [debug] [Thread-13 ]: Began running node test.chinook.relationships_Customer__SupportRepId____EmployeeId___ref_Employee_.4b46c21cb3
[0m14:18:32.250325 [info ] [Thread-13 ]: 22 of 59 START test relationships_Customer__SupportRepId____EmployeeId___ref_Employee_  [RUN]
[0m14:18:32.254329 [debug] [Thread-13 ]: Databricks adapter: DatabricksDBTConnection(session-id=None, name=test.chinook.relationships_Customer__SupportRepId____EmployeeId___ref_Employee_.4b46c21cb3) - Creating connection
[0m14:18:32.256939 [debug] [Thread-13 ]: Acquiring new databricks connection 'test.chinook.relationships_Customer__SupportRepId____EmployeeId___ref_Employee_.4b46c21cb3'
[0m14:18:32.259941 [debug] [Thread-13 ]: Began compiling node test.chinook.relationships_Customer__SupportRepId____EmployeeId___ref_Employee_.4b46c21cb3
[0m14:18:32.320530 [debug] [Thread-13 ]: Writing injected SQL for node "test.chinook.relationships_Customer__SupportRepId____EmployeeId___ref_Employee_.4b46c21cb3"
[0m14:18:32.337370 [debug] [Thread-13 ]: Began executing node test.chinook.relationships_Customer__SupportRepId____EmployeeId___ref_Employee_.4b46c21cb3
[0m14:18:32.360551 [debug] [Thread-13 ]: Writing runtime sql for node "test.chinook.relationships_Customer__SupportRepId____EmployeeId___ref_Employee_.4b46c21cb3"
[0m14:18:32.366612 [debug] [Thread-13 ]: Using databricks connection "test.chinook.relationships_Customer__SupportRepId____EmployeeId___ref_Employee_.4b46c21cb3"
[0m14:18:32.369158 [debug] [Thread-13 ]: On test.chinook.relationships_Customer__SupportRepId____EmployeeId___ref_Employee_.4b46c21cb3: /* {"app": "dbt", "dbt_version": "1.11.2", "dbt_databricks_version": "1.12.4", "databricks_sql_connector_version": "4.1.3", "profile_name": "chinook", "target_name": "dev", "invocation_id": "f90c5904-5bee-41f0-a69c-29b7f7674600", "node_id": "test.chinook.relationships_Customer__SupportRepId____EmployeeId___ref_Employee_.4b46c21cb3"} */

    select
      count(*) as failures,
      count(*) != 0 as should_warn,
      count(*) != 0 as should_error
    from (
      
    
  
    
    

with child as (
    select `SupportRepId` as from_field
    from `uc_sql_server_central`.`data_raw`.`customer01`
    where `SupportRepId` is not null
),

parent as (
    select "EmployeeId" as to_field
    from `uc_sql_server_central`.`data_raw`.`employee01`
)

select
    from_field

from child
left join parent
    on child.from_field = parent.to_field

where parent.to_field is null



  
  
      
    ) dbt_internal_test
[0m14:18:32.371180 [debug] [Thread-13 ]: Opening a new connection, currently in state init
[0m14:18:32.882112 [debug] [Thread-13 ]: Databricks adapter: Connection(session-id=01f1a0b1-611d-1d85-8635-7eef22978e8a) - Created
[0m14:18:33.435805 [debug] [Thread-13 ]: SQL status: OK in 1.060 seconds
[0m14:18:33.447385 [debug] [Thread-13 ]: Databricks adapter: Cursor(session-id=01f1a0b1-611d-1d85-8635-7eef22978e8a, command-id=01f1a0b1-6129-1d49-bd05-48f16e33380a) - Closing
[0m14:18:33.450334 [debug] [Thread-13 ]: On test.chinook.relationships_Customer__SupportRepId____EmployeeId___ref_Employee_.4b46c21cb3: Close
[0m14:18:33.452374 [debug] [Thread-13 ]: Databricks adapter: Connection(session-id=01f1a0b1-611d-1d85-8635-7eef22978e8a) - Closing
[0m14:18:33.554003 [error] [Thread-13 ]: 22 of 59 FAIL 59 relationships_Customer__SupportRepId____EmployeeId___ref_Employee_  [[31mFAIL 59[0m in 1.30s]
[0m14:18:33.558870 [debug] [Thread-13 ]: Finished running node test.chinook.relationships_Customer__SupportRepId____EmployeeId___ref_Employee_.4b46c21cb3
[0m14:18:33.560967 [debug] [Thread-13 ]: Began running node test.chinook.unique_Employee__EmployeeId_.70fbb1b3af
[0m14:18:33.563920 [debug] [Thread-16 ]: Marking all children of 'test.chinook.relationships_Customer__SupportRepId____EmployeeId___ref_Employee_.4b46c21cb3' to be skipped because of status 'fail'.  Reason: Got 59 results, configured to fail if != 0.
[0m14:18:33.566538 [info ] [Thread-13 ]: 23 of 59 START test unique_Employee__EmployeeId_ ............................... [RUN]
[0m14:18:33.570549 [debug] [Thread-13 ]: Databricks adapter: DatabricksDBTConnection(session-id=None, name=test.chinook.unique_Employee__EmployeeId_.70fbb1b3af) - Creating connection
[0m14:18:33.573629 [debug] [Thread-13 ]: Acquiring new databricks connection 'test.chinook.unique_Employee__EmployeeId_.70fbb1b3af'
[0m14:18:33.576100 [debug] [Thread-13 ]: Began compiling node test.chinook.unique_Employee__EmployeeId_.70fbb1b3af
[0m14:18:33.617223 [debug] [Thread-13 ]: Writing injected SQL for node "test.chinook.unique_Employee__EmployeeId_.70fbb1b3af"
[0m14:18:33.627465 [debug] [Thread-13 ]: Began executing node test.chinook.unique_Employee__EmployeeId_.70fbb1b3af
[0m14:18:33.648262 [debug] [Thread-13 ]: Writing runtime sql for node "test.chinook.unique_Employee__EmployeeId_.70fbb1b3af"
[0m14:18:33.654803 [debug] [Thread-13 ]: Using databricks connection "test.chinook.unique_Employee__EmployeeId_.70fbb1b3af"
[0m14:18:33.658478 [debug] [Thread-13 ]: On test.chinook.unique_Employee__EmployeeId_.70fbb1b3af: /* {"app": "dbt", "dbt_version": "1.11.2", "dbt_databricks_version": "1.12.4", "databricks_sql_connector_version": "4.1.3", "profile_name": "chinook", "target_name": "dev", "invocation_id": "f90c5904-5bee-41f0-a69c-29b7f7674600", "node_id": "test.chinook.unique_Employee__EmployeeId_.70fbb1b3af"} */

    select
      count(*) as failures,
      count(*) != 0 as should_warn,
      count(*) != 0 as should_error
    from (
      
    
  
    
    

select
    `EmployeeId` as unique_field,
    count(*) as n_records

from `uc_sql_server_central`.`data_raw`.`employee01`
where `EmployeeId` is not null
group by `EmployeeId`
having count(*) > 1



  
  
      
    ) dbt_internal_test
[0m14:18:33.661247 [debug] [Thread-13 ]: Opening a new connection, currently in state init
[0m14:18:34.298149 [debug] [Thread-13 ]: Databricks adapter: Connection(session-id=01f1a0b1-61f5-1851-a773-acda7188d86c) - Created
[0m14:18:34.661094 [debug] [Thread-13 ]: SQL status: OK in 1.000 seconds
[0m14:18:34.673485 [debug] [Thread-13 ]: Databricks adapter: Cursor(session-id=01f1a0b1-61f5-1851-a773-acda7188d86c, command-id=01f1a0b1-6201-1ade-84af-396ebe0013ca) - Closing
[0m14:18:34.676022 [debug] [Thread-13 ]: On test.chinook.unique_Employee__EmployeeId_.70fbb1b3af: Close
[0m14:18:34.679733 [debug] [Thread-13 ]: Databricks adapter: Connection(session-id=01f1a0b1-61f5-1851-a773-acda7188d86c) - Closing
[0m14:18:34.777294 [info ] [Thread-13 ]: 23 of 59 PASS unique_Employee__EmployeeId_ ..................................... [[32mPASS[0m in 1.21s]
[0m14:18:34.783316 [debug] [Thread-13 ]: Finished running node test.chinook.unique_Employee__EmployeeId_.70fbb1b3af
[0m14:18:34.785857 [debug] [Thread-13 ]: Began running node test.chinook.not_null_Genre__GenreId_.bbc29084c9
[0m14:18:34.788891 [info ] [Thread-13 ]: 24 of 59 START test not_null_Genre__GenreId_ ................................... [RUN]
[0m14:18:34.792895 [debug] [Thread-13 ]: Databricks adapter: DatabricksDBTConnection(session-id=None, name=test.chinook.not_null_Genre__GenreId_.bbc29084c9) - Creating connection
[0m14:18:34.797473 [debug] [Thread-13 ]: Acquiring new databricks connection 'test.chinook.not_null_Genre__GenreId_.bbc29084c9'
[0m14:18:34.800516 [debug] [Thread-13 ]: Began compiling node test.chinook.not_null_Genre__GenreId_.bbc29084c9
[0m14:18:34.837273 [debug] [Thread-13 ]: Writing injected SQL for node "test.chinook.not_null_Genre__GenreId_.bbc29084c9"
[0m14:18:34.849403 [debug] [Thread-13 ]: Began executing node test.chinook.not_null_Genre__GenreId_.bbc29084c9
[0m14:18:34.872254 [debug] [Thread-13 ]: Writing runtime sql for node "test.chinook.not_null_Genre__GenreId_.bbc29084c9"
[0m14:18:34.878397 [debug] [Thread-13 ]: Using databricks connection "test.chinook.not_null_Genre__GenreId_.bbc29084c9"
[0m14:18:34.881429 [debug] [Thread-13 ]: On test.chinook.not_null_Genre__GenreId_.bbc29084c9: /* {"app": "dbt", "dbt_version": "1.11.2", "dbt_databricks_version": "1.12.4", "databricks_sql_connector_version": "4.1.3", "profile_name": "chinook", "target_name": "dev", "invocation_id": "f90c5904-5bee-41f0-a69c-29b7f7674600", "node_id": "test.chinook.not_null_Genre__GenreId_.bbc29084c9"} */

    select
      count(*) as failures,
      count(*) != 0 as should_warn,
      count(*) != 0 as should_error
    from (
      
    
  
    
    



select `GenreId`
from `uc_sql_server_central`.`data_raw`.`genre01`
where `GenreId` is null



  
  
      
    ) dbt_internal_test
[0m14:18:34.883417 [debug] [Thread-13 ]: Opening a new connection, currently in state init
[0m14:18:35.516154 [debug] [Thread-13 ]: Databricks adapter: Connection(session-id=01f1a0b1-62ae-1ba1-a20c-03a13f3b7088) - Created
[0m14:18:35.862580 [debug] [Thread-13 ]: SQL status: OK in 0.980 seconds
[0m14:18:35.866098 [debug] [Thread-13 ]: Databricks adapter: Cursor(session-id=01f1a0b1-62ae-1ba1-a20c-03a13f3b7088, command-id=01f1a0b1-62bd-11db-8406-4df5c9661ad8) - Closing
[0m14:18:35.868114 [debug] [Thread-13 ]: On test.chinook.not_null_Genre__GenreId_.bbc29084c9: Close
[0m14:18:35.868114 [debug] [Thread-13 ]: Databricks adapter: Connection(session-id=01f1a0b1-62ae-1ba1-a20c-03a13f3b7088) - Closing
[0m14:18:35.967013 [info ] [Thread-13 ]: 24 of 59 PASS not_null_Genre__GenreId_ ......................................... [[32mPASS[0m in 1.18s]
[0m14:18:35.969036 [debug] [Thread-13 ]: Finished running node test.chinook.not_null_Genre__GenreId_.bbc29084c9
[0m14:18:35.969589 [debug] [Thread-13 ]: Began running node test.chinook.unique_Genre__GenreId_.e0d0e99ed0
[0m14:18:35.970602 [info ] [Thread-13 ]: 25 of 59 START test unique_Genre__GenreId_ ..................................... [RUN]
[0m14:18:35.972604 [debug] [Thread-13 ]: Databricks adapter: DatabricksDBTConnection(session-id=None, name=test.chinook.unique_Genre__GenreId_.e0d0e99ed0) - Creating connection
[0m14:18:35.974608 [debug] [Thread-13 ]: Acquiring new databricks connection 'test.chinook.unique_Genre__GenreId_.e0d0e99ed0'
[0m14:18:35.976124 [debug] [Thread-13 ]: Began compiling node test.chinook.unique_Genre__GenreId_.e0d0e99ed0
[0m14:18:36.004313 [debug] [Thread-13 ]: Writing injected SQL for node "test.chinook.unique_Genre__GenreId_.e0d0e99ed0"
[0m14:18:36.014588 [debug] [Thread-13 ]: Began executing node test.chinook.unique_Genre__GenreId_.e0d0e99ed0
[0m14:18:36.031989 [debug] [Thread-13 ]: Writing runtime sql for node "test.chinook.unique_Genre__GenreId_.e0d0e99ed0"
[0m14:18:36.038533 [debug] [Thread-13 ]: Using databricks connection "test.chinook.unique_Genre__GenreId_.e0d0e99ed0"
[0m14:18:36.044044 [debug] [Thread-13 ]: On test.chinook.unique_Genre__GenreId_.e0d0e99ed0: /* {"app": "dbt", "dbt_version": "1.11.2", "dbt_databricks_version": "1.12.4", "databricks_sql_connector_version": "4.1.3", "profile_name": "chinook", "target_name": "dev", "invocation_id": "f90c5904-5bee-41f0-a69c-29b7f7674600", "node_id": "test.chinook.unique_Genre__GenreId_.e0d0e99ed0"} */

    select
      count(*) as failures,
      count(*) != 0 as should_warn,
      count(*) != 0 as should_error
    from (
      
    
  
    
    

select
    `GenreId` as unique_field,
    count(*) as n_records

from `uc_sql_server_central`.`data_raw`.`genre01`
where `GenreId` is not null
group by `GenreId`
having count(*) > 1



  
  
      
    ) dbt_internal_test
[0m14:18:36.045858 [debug] [Thread-13 ]: Opening a new connection, currently in state init
[0m14:18:36.519340 [debug] [Thread-13 ]: Databricks adapter: Connection(session-id=01f1a0b1-6347-181b-b01a-c9f56718594f) - Created
[0m14:18:37.008720 [debug] [Thread-13 ]: SQL status: OK in 0.960 seconds
[0m14:18:37.012758 [debug] [Thread-13 ]: Databricks adapter: Cursor(session-id=01f1a0b1-6347-181b-b01a-c9f56718594f, command-id=01f1a0b1-6354-1c90-9a8c-e482509d7400) - Closing
[0m14:18:37.014736 [debug] [Thread-13 ]: On test.chinook.unique_Genre__GenreId_.e0d0e99ed0: Close
[0m14:18:37.016250 [debug] [Thread-13 ]: Databricks adapter: Connection(session-id=01f1a0b1-6347-181b-b01a-c9f56718594f) - Closing
[0m14:18:37.116127 [info ] [Thread-13 ]: 25 of 59 PASS unique_Genre__GenreId_ ........................................... [[32mPASS[0m in 1.14s]
[0m14:18:37.118267 [debug] [Thread-13 ]: Finished running node test.chinook.unique_Genre__GenreId_.e0d0e99ed0
[0m14:18:37.118267 [debug] [Thread-13 ]: Began running node test.chinook.not_null_Invoice__InvoiceId_.e27afccb10
[0m14:18:37.119310 [info ] [Thread-13 ]: 26 of 59 START test not_null_Invoice__InvoiceId_ ............................... [RUN]
[0m14:18:37.120332 [debug] [Thread-13 ]: Databricks adapter: DatabricksDBTConnection(session-id=None, name=test.chinook.not_null_Invoice__InvoiceId_.e27afccb10) - Creating connection
[0m14:18:37.120332 [debug] [Thread-13 ]: Acquiring new databricks connection 'test.chinook.not_null_Invoice__InvoiceId_.e27afccb10'
[0m14:18:37.121331 [debug] [Thread-13 ]: Began compiling node test.chinook.not_null_Invoice__InvoiceId_.e27afccb10
[0m14:18:37.142873 [debug] [Thread-13 ]: Writing injected SQL for node "test.chinook.not_null_Invoice__InvoiceId_.e27afccb10"
[0m14:18:37.150272 [debug] [Thread-13 ]: Began executing node test.chinook.not_null_Invoice__InvoiceId_.e27afccb10
[0m14:18:37.163459 [debug] [Thread-13 ]: Writing runtime sql for node "test.chinook.not_null_Invoice__InvoiceId_.e27afccb10"
[0m14:18:37.168004 [debug] [Thread-13 ]: Using databricks connection "test.chinook.not_null_Invoice__InvoiceId_.e27afccb10"
[0m14:18:37.171001 [debug] [Thread-13 ]: On test.chinook.not_null_Invoice__InvoiceId_.e27afccb10: /* {"app": "dbt", "dbt_version": "1.11.2", "dbt_databricks_version": "1.12.4", "databricks_sql_connector_version": "4.1.3", "profile_name": "chinook", "target_name": "dev", "invocation_id": "f90c5904-5bee-41f0-a69c-29b7f7674600", "node_id": "test.chinook.not_null_Invoice__InvoiceId_.e27afccb10"} */

    select
      count(*) as failures,
      count(*) != 0 as should_warn,
      count(*) != 0 as should_error
    from (
      
    
  
    
    



select `InvoiceId`
from `uc_sql_server_central`.`data_raw`.`invoice01`
where `InvoiceId` is null



  
  
      
    ) dbt_internal_test
[0m14:18:37.173001 [debug] [Thread-13 ]: Opening a new connection, currently in state init
[0m14:18:37.849854 [debug] [Thread-13 ]: Databricks adapter: Connection(session-id=01f1a0b1-6414-13d7-9549-8af707effea8) - Created
[0m14:18:38.204689 [debug] [Thread-13 ]: SQL status: OK in 1.030 seconds
[0m14:18:38.214238 [debug] [Thread-13 ]: Databricks adapter: Cursor(session-id=01f1a0b1-6414-13d7-9549-8af707effea8, command-id=01f1a0b1-6420-1510-a768-f8ebfaf44f6a) - Closing
[0m14:18:38.217366 [debug] [Thread-13 ]: On test.chinook.not_null_Invoice__InvoiceId_.e27afccb10: Close
[0m14:18:38.219394 [debug] [Thread-13 ]: Databricks adapter: Connection(session-id=01f1a0b1-6414-13d7-9549-8af707effea8) - Closing
[0m14:18:38.324383 [info ] [Thread-13 ]: 26 of 59 PASS not_null_Invoice__InvoiceId_ ..................................... [[32mPASS[0m in 1.20s]
[0m14:18:38.328941 [debug] [Thread-13 ]: Finished running node test.chinook.not_null_Invoice__InvoiceId_.e27afccb10
[0m14:18:38.331944 [debug] [Thread-13 ]: Began running node test.chinook.relationships_Invoice__CustomerId____CustomerId___ref_Customer_.f5309286cb
[0m14:18:38.333945 [info ] [Thread-13 ]: 27 of 59 START test relationships_Invoice__CustomerId____CustomerId___ref_Customer_  [RUN]
[0m14:18:38.337231 [debug] [Thread-13 ]: Databricks adapter: DatabricksDBTConnection(session-id=None, name=test.chinook.relationships_Invoice__CustomerId____CustomerId___ref_Customer_.f5309286cb) - Creating connection
[0m14:18:38.339260 [debug] [Thread-13 ]: Acquiring new databricks connection 'test.chinook.relationships_Invoice__CustomerId____CustomerId___ref_Customer_.f5309286cb'
[0m14:18:38.341262 [debug] [Thread-13 ]: Began compiling node test.chinook.relationships_Invoice__CustomerId____CustomerId___ref_Customer_.f5309286cb
[0m14:18:38.383414 [debug] [Thread-13 ]: Writing injected SQL for node "test.chinook.relationships_Invoice__CustomerId____CustomerId___ref_Customer_.f5309286cb"
[0m14:18:38.393589 [debug] [Thread-13 ]: Began executing node test.chinook.relationships_Invoice__CustomerId____CustomerId___ref_Customer_.f5309286cb
[0m14:18:38.406221 [debug] [Thread-13 ]: Writing runtime sql for node "test.chinook.relationships_Invoice__CustomerId____CustomerId___ref_Customer_.f5309286cb"
[0m14:18:38.411265 [debug] [Thread-13 ]: Using databricks connection "test.chinook.relationships_Invoice__CustomerId____CustomerId___ref_Customer_.f5309286cb"
[0m14:18:38.413264 [debug] [Thread-13 ]: On test.chinook.relationships_Invoice__CustomerId____CustomerId___ref_Customer_.f5309286cb: /* {"app": "dbt", "dbt_version": "1.11.2", "dbt_databricks_version": "1.12.4", "databricks_sql_connector_version": "4.1.3", "profile_name": "chinook", "target_name": "dev", "invocation_id": "f90c5904-5bee-41f0-a69c-29b7f7674600", "node_id": "test.chinook.relationships_Invoice__CustomerId____CustomerId___ref_Customer_.f5309286cb"} */

    select
      count(*) as failures,
      count(*) != 0 as should_warn,
      count(*) != 0 as should_error
    from (
      
    
  
    
    

with child as (
    select `CustomerId` as from_field
    from `uc_sql_server_central`.`data_raw`.`invoice01`
    where `CustomerId` is not null
),

parent as (
    select "CustomerId" as to_field
    from `uc_sql_server_central`.`data_raw`.`customer01`
)

select
    from_field

from child
left join parent
    on child.from_field = parent.to_field

where parent.to_field is null



  
  
      
    ) dbt_internal_test
[0m14:18:38.414256 [debug] [Thread-13 ]: Opening a new connection, currently in state init
[0m14:18:38.870538 [debug] [Thread-13 ]: Databricks adapter: Connection(session-id=01f1a0b1-64ae-13da-8902-c9097cc8fec6) - Created
[0m14:18:39.463286 [debug] [Thread-13 ]: SQL status: OK in 1.050 seconds
[0m14:18:39.478086 [debug] [Thread-13 ]: Databricks adapter: Cursor(session-id=01f1a0b1-64ae-13da-8902-c9097cc8fec6, command-id=01f1a0b1-64bb-1390-91fe-2b587f4be85a) - Closing
[0m14:18:39.481174 [debug] [Thread-13 ]: On test.chinook.relationships_Invoice__CustomerId____CustomerId___ref_Customer_.f5309286cb: Close
[0m14:18:39.484827 [debug] [Thread-13 ]: Databricks adapter: Connection(session-id=01f1a0b1-64ae-13da-8902-c9097cc8fec6) - Closing
[0m14:18:39.603645 [error] [Thread-13 ]: 27 of 59 FAIL 412 relationships_Invoice__CustomerId____CustomerId___ref_Customer_  [[31mFAIL 412[0m in 1.27s]
[0m14:18:39.607892 [debug] [Thread-13 ]: Finished running node test.chinook.relationships_Invoice__CustomerId____CustomerId___ref_Customer_.f5309286cb
[0m14:18:39.610905 [debug] [Thread-13 ]: Began running node test.chinook.unique_Invoice__InvoiceId_.9a5483c93a
[0m14:18:39.614846 [debug] [Thread-16 ]: Marking all children of 'test.chinook.relationships_Invoice__CustomerId____CustomerId___ref_Customer_.f5309286cb' to be skipped because of status 'fail'.  Reason: Got 412 results, configured to fail if != 0.
[0m14:18:39.617415 [info ] [Thread-13 ]: 28 of 59 START test unique_Invoice__InvoiceId_ ................................. [RUN]
[0m14:18:39.621445 [debug] [Thread-13 ]: Databricks adapter: DatabricksDBTConnection(session-id=None, name=test.chinook.unique_Invoice__InvoiceId_.9a5483c93a) - Creating connection
[0m14:18:39.623442 [debug] [Thread-13 ]: Acquiring new databricks connection 'test.chinook.unique_Invoice__InvoiceId_.9a5483c93a'
[0m14:18:39.625979 [debug] [Thread-13 ]: Began compiling node test.chinook.unique_Invoice__InvoiceId_.9a5483c93a
[0m14:18:39.663206 [debug] [Thread-13 ]: Writing injected SQL for node "test.chinook.unique_Invoice__InvoiceId_.9a5483c93a"
[0m14:18:39.673541 [debug] [Thread-13 ]: Began executing node test.chinook.unique_Invoice__InvoiceId_.9a5483c93a
[0m14:18:39.696358 [debug] [Thread-13 ]: Writing runtime sql for node "test.chinook.unique_Invoice__InvoiceId_.9a5483c93a"
[0m14:18:39.703412 [debug] [Thread-13 ]: Using databricks connection "test.chinook.unique_Invoice__InvoiceId_.9a5483c93a"
[0m14:18:39.709045 [debug] [Thread-13 ]: On test.chinook.unique_Invoice__InvoiceId_.9a5483c93a: /* {"app": "dbt", "dbt_version": "1.11.2", "dbt_databricks_version": "1.12.4", "databricks_sql_connector_version": "4.1.3", "profile_name": "chinook", "target_name": "dev", "invocation_id": "f90c5904-5bee-41f0-a69c-29b7f7674600", "node_id": "test.chinook.unique_Invoice__InvoiceId_.9a5483c93a"} */

    select
      count(*) as failures,
      count(*) != 0 as should_warn,
      count(*) != 0 as should_error
    from (
      
    
  
    
    

select
    `InvoiceId` as unique_field,
    count(*) as n_records

from `uc_sql_server_central`.`data_raw`.`invoice01`
where `InvoiceId` is not null
group by `InvoiceId`
having count(*) > 1



  
  
      
    ) dbt_internal_test
[0m14:18:39.713052 [debug] [Thread-13 ]: Opening a new connection, currently in state init
[0m14:18:40.243438 [debug] [Thread-13 ]: Databricks adapter: Connection(session-id=01f1a0b1-657f-1022-a1ac-4919571a7f73) - Created
[0m14:18:40.599491 [debug] [Thread-13 ]: SQL status: OK in 0.890 seconds
[0m14:18:40.609056 [debug] [Thread-13 ]: Databricks adapter: Cursor(session-id=01f1a0b1-657f-1022-a1ac-4919571a7f73, command-id=01f1a0b1-658d-11b9-82e6-1fcc0a42adf0) - Closing
[0m14:18:40.614054 [debug] [Thread-13 ]: On test.chinook.unique_Invoice__InvoiceId_.9a5483c93a: Close
[0m14:18:40.616574 [debug] [Thread-13 ]: Databricks adapter: Connection(session-id=01f1a0b1-657f-1022-a1ac-4919571a7f73) - Closing
[0m14:18:40.719414 [info ] [Thread-13 ]: 28 of 59 PASS unique_Invoice__InvoiceId_ ....................................... [[32mPASS[0m in 1.10s]
[0m14:18:40.723412 [debug] [Thread-13 ]: Finished running node test.chinook.unique_Invoice__InvoiceId_.9a5483c93a
[0m14:18:40.725940 [debug] [Thread-13 ]: Began running node test.chinook.not_null_InvoiceLine__InvoiceLineId_.b03d4c937c
[0m14:18:40.729542 [info ] [Thread-13 ]: 29 of 59 START test not_null_InvoiceLine__InvoiceLineId_ ....................... [RUN]
[0m14:18:40.733555 [debug] [Thread-13 ]: Databricks adapter: DatabricksDBTConnection(session-id=None, name=test.chinook.not_null_InvoiceLine__InvoiceLineId_.b03d4c937c) - Creating connection
[0m14:18:40.736076 [debug] [Thread-13 ]: Acquiring new databricks connection 'test.chinook.not_null_InvoiceLine__InvoiceLineId_.b03d4c937c'
[0m14:18:40.739117 [debug] [Thread-13 ]: Began compiling node test.chinook.not_null_InvoiceLine__InvoiceLineId_.b03d4c937c
[0m14:18:40.786109 [debug] [Thread-13 ]: Writing injected SQL for node "test.chinook.not_null_InvoiceLine__InvoiceLineId_.b03d4c937c"
[0m14:18:40.796701 [debug] [Thread-13 ]: Began executing node test.chinook.not_null_InvoiceLine__InvoiceLineId_.b03d4c937c
[0m14:18:40.817724 [debug] [Thread-13 ]: Writing runtime sql for node "test.chinook.not_null_InvoiceLine__InvoiceLineId_.b03d4c937c"
[0m14:18:40.826285 [debug] [Thread-13 ]: Using databricks connection "test.chinook.not_null_InvoiceLine__InvoiceLineId_.b03d4c937c"
[0m14:18:40.829362 [debug] [Thread-13 ]: On test.chinook.not_null_InvoiceLine__InvoiceLineId_.b03d4c937c: /* {"app": "dbt", "dbt_version": "1.11.2", "dbt_databricks_version": "1.12.4", "databricks_sql_connector_version": "4.1.3", "profile_name": "chinook", "target_name": "dev", "invocation_id": "f90c5904-5bee-41f0-a69c-29b7f7674600", "node_id": "test.chinook.not_null_InvoiceLine__InvoiceLineId_.b03d4c937c"} */

    select
      count(*) as failures,
      count(*) != 0 as should_warn,
      count(*) != 0 as should_error
    from (
      
    
  
    
    



select `InvoiceLineId`
from `uc_sql_server_central`.`data_raw`.`invoiceline01`
where `InvoiceLineId` is null



  
  
      
    ) dbt_internal_test
[0m14:18:40.832358 [debug] [Thread-13 ]: Opening a new connection, currently in state init
[0m14:18:41.484960 [debug] [Thread-13 ]: Databricks adapter: Connection(session-id=01f1a0b1-663d-165c-86dc-90586b74a97e) - Created
[0m14:18:41.830427 [debug] [Thread-13 ]: SQL status: OK in 1.000 seconds
[0m14:18:41.836947 [debug] [Thread-13 ]: Databricks adapter: Cursor(session-id=01f1a0b1-663d-165c-86dc-90586b74a97e, command-id=01f1a0b1-664b-1ad1-a629-f8f0709c7693) - Closing
[0m14:18:41.839961 [debug] [Thread-13 ]: On test.chinook.not_null_InvoiceLine__InvoiceLineId_.b03d4c937c: Close
[0m14:18:41.841978 [debug] [Thread-13 ]: Databricks adapter: Connection(session-id=01f1a0b1-663d-165c-86dc-90586b74a97e) - Closing
[0m14:18:41.954559 [info ] [Thread-13 ]: 29 of 59 PASS not_null_InvoiceLine__InvoiceLineId_ ............................. [[32mPASS[0m in 1.22s]
[0m14:18:41.959123 [debug] [Thread-13 ]: Finished running node test.chinook.not_null_InvoiceLine__InvoiceLineId_.b03d4c937c
[0m14:18:41.961139 [debug] [Thread-13 ]: Began running node test.chinook.relationships_InvoiceLine__InvoiceId____InvoiceId___ref_Invoice_.87b2a26525
[0m14:18:41.964222 [info ] [Thread-13 ]: 30 of 59 START test relationships_InvoiceLine__InvoiceId____InvoiceId___ref_Invoice_  [RUN]
[0m14:18:41.967447 [debug] [Thread-13 ]: Databricks adapter: DatabricksDBTConnection(session-id=None, name=test.chinook.relationships_InvoiceLine__InvoiceId____InvoiceId___ref_Invoice_.87b2a26525) - Creating connection
[0m14:18:41.969476 [debug] [Thread-13 ]: Acquiring new databricks connection 'test.chinook.relationships_InvoiceLine__InvoiceId____InvoiceId___ref_Invoice_.87b2a26525'
[0m14:18:41.971471 [debug] [Thread-13 ]: Began compiling node test.chinook.relationships_InvoiceLine__InvoiceId____InvoiceId___ref_Invoice_.87b2a26525
[0m14:18:42.003446 [debug] [Thread-13 ]: Writing injected SQL for node "test.chinook.relationships_InvoiceLine__InvoiceId____InvoiceId___ref_Invoice_.87b2a26525"
[0m14:18:42.014054 [debug] [Thread-13 ]: Began executing node test.chinook.relationships_InvoiceLine__InvoiceId____InvoiceId___ref_Invoice_.87b2a26525
[0m14:18:42.038280 [debug] [Thread-13 ]: Writing runtime sql for node "test.chinook.relationships_InvoiceLine__InvoiceId____InvoiceId___ref_Invoice_.87b2a26525"
[0m14:18:42.046050 [debug] [Thread-13 ]: Using databricks connection "test.chinook.relationships_InvoiceLine__InvoiceId____InvoiceId___ref_Invoice_.87b2a26525"
[0m14:18:42.051659 [debug] [Thread-13 ]: On test.chinook.relationships_InvoiceLine__InvoiceId____InvoiceId___ref_Invoice_.87b2a26525: /* {"app": "dbt", "dbt_version": "1.11.2", "dbt_databricks_version": "1.12.4", "databricks_sql_connector_version": "4.1.3", "profile_name": "chinook", "target_name": "dev", "invocation_id": "f90c5904-5bee-41f0-a69c-29b7f7674600", "node_id": "test.chinook.relationships_InvoiceLine__InvoiceId____InvoiceId___ref_Invoice_.87b2a26525"} */

    select
      count(*) as failures,
      count(*) != 0 as should_warn,
      count(*) != 0 as should_error
    from (
      
    
  
    
    

with child as (
    select `InvoiceId` as from_field
    from `uc_sql_server_central`.`data_raw`.`invoiceline01`
    where `InvoiceId` is not null
),

parent as (
    select "InvoiceId" as to_field
    from `uc_sql_server_central`.`data_raw`.`invoice01`
)

select
    from_field

from child
left join parent
    on child.from_field = parent.to_field

where parent.to_field is null



  
  
      
    ) dbt_internal_test
[0m14:18:42.053670 [debug] [Thread-13 ]: Opening a new connection, currently in state init
[0m14:18:42.485895 [debug] [Thread-13 ]: Databricks adapter: Connection(session-id=01f1a0b1-66d5-1be9-9c79-273e78f4c6a3) - Created
[0m14:18:43.056228 [debug] [Thread-13 ]: SQL status: OK in 1.000 seconds
[0m14:18:43.064869 [debug] [Thread-13 ]: Databricks adapter: Cursor(session-id=01f1a0b1-66d5-1be9-9c79-273e78f4c6a3, command-id=01f1a0b1-66e3-13d9-af4d-dc3cb39ea4ce) - Closing
[0m14:18:43.068125 [debug] [Thread-13 ]: On test.chinook.relationships_InvoiceLine__InvoiceId____InvoiceId___ref_Invoice_.87b2a26525: Close
[0m14:18:43.069122 [debug] [Thread-13 ]: Databricks adapter: Connection(session-id=01f1a0b1-66d5-1be9-9c79-273e78f4c6a3) - Closing
[0m14:18:43.161670 [error] [Thread-13 ]: 30 of 59 FAIL 2240 relationships_InvoiceLine__InvoiceId____InvoiceId___ref_Invoice_  [[31mFAIL 2240[0m in 1.19s]
[0m14:18:43.166238 [debug] [Thread-13 ]: Finished running node test.chinook.relationships_InvoiceLine__InvoiceId____InvoiceId___ref_Invoice_.87b2a26525
[0m14:18:43.167301 [debug] [Thread-13 ]: Began running node test.chinook.unique_InvoiceLine__InvoiceLineId_.1b9368c027
[0m14:18:43.170299 [debug] [Thread-16 ]: Marking all children of 'test.chinook.relationships_InvoiceLine__InvoiceId____InvoiceId___ref_Invoice_.87b2a26525' to be skipped because of status 'fail'.  Reason: Got 2240 results, configured to fail if != 0.
[0m14:18:43.171305 [info ] [Thread-13 ]: 31 of 59 START test unique_InvoiceLine__InvoiceLineId_ ......................... [RUN]
[0m14:18:43.175852 [debug] [Thread-13 ]: Databricks adapter: DatabricksDBTConnection(session-id=None, name=test.chinook.unique_InvoiceLine__InvoiceLineId_.1b9368c027) - Creating connection
[0m14:18:43.179620 [debug] [Thread-13 ]: Acquiring new databricks connection 'test.chinook.unique_InvoiceLine__InvoiceLineId_.1b9368c027'
[0m14:18:43.182608 [debug] [Thread-13 ]: Began compiling node test.chinook.unique_InvoiceLine__InvoiceLineId_.1b9368c027
[0m14:18:43.208358 [debug] [Thread-13 ]: Writing injected SQL for node "test.chinook.unique_InvoiceLine__InvoiceLineId_.1b9368c027"
[0m14:18:43.217597 [debug] [Thread-13 ]: Began executing node test.chinook.unique_InvoiceLine__InvoiceLineId_.1b9368c027
[0m14:18:43.228422 [debug] [Thread-13 ]: Writing runtime sql for node "test.chinook.unique_InvoiceLine__InvoiceLineId_.1b9368c027"
[0m14:18:43.233365 [debug] [Thread-13 ]: Using databricks connection "test.chinook.unique_InvoiceLine__InvoiceLineId_.1b9368c027"
[0m14:18:43.234361 [debug] [Thread-13 ]: On test.chinook.unique_InvoiceLine__InvoiceLineId_.1b9368c027: /* {"app": "dbt", "dbt_version": "1.11.2", "dbt_databricks_version": "1.12.4", "databricks_sql_connector_version": "4.1.3", "profile_name": "chinook", "target_name": "dev", "invocation_id": "f90c5904-5bee-41f0-a69c-29b7f7674600", "node_id": "test.chinook.unique_InvoiceLine__InvoiceLineId_.1b9368c027"} */

    select
      count(*) as failures,
      count(*) != 0 as should_warn,
      count(*) != 0 as should_error
    from (
      
    
  
    
    

select
    `InvoiceLineId` as unique_field,
    count(*) as n_records

from `uc_sql_server_central`.`data_raw`.`invoiceline01`
where `InvoiceLineId` is not null
group by `InvoiceLineId`
having count(*) > 1



  
  
      
    ) dbt_internal_test
[0m14:18:43.236915 [debug] [Thread-13 ]: Opening a new connection, currently in state init
[0m14:18:43.638601 [debug] [Thread-13 ]: Databricks adapter: Connection(session-id=01f1a0b1-6786-1fac-a693-154f25e774d1) - Created
[0m14:18:44.064695 [debug] [Thread-13 ]: SQL status: OK in 0.830 seconds
[0m14:18:44.067215 [debug] [Thread-13 ]: Databricks adapter: Cursor(session-id=01f1a0b1-6786-1fac-a693-154f25e774d1, command-id=01f1a0b1-6793-12ac-9332-cf40f042cb3e) - Closing
[0m14:18:44.068225 [debug] [Thread-13 ]: On test.chinook.unique_InvoiceLine__InvoiceLineId_.1b9368c027: Close
[0m14:18:44.069239 [debug] [Thread-13 ]: Databricks adapter: Connection(session-id=01f1a0b1-6786-1fac-a693-154f25e774d1) - Closing
[0m14:18:44.157487 [info ] [Thread-13 ]: 31 of 59 PASS unique_InvoiceLine__InvoiceLineId_ ............................... [[32mPASS[0m in 0.98s]
[0m14:18:44.160513 [debug] [Thread-13 ]: Finished running node test.chinook.unique_InvoiceLine__InvoiceLineId_.1b9368c027
[0m14:18:44.162502 [debug] [Thread-13 ]: Began running node test.chinook.not_null_MediaType__MediaTypeId_.2eda38646b
[0m14:18:44.163501 [info ] [Thread-13 ]: 32 of 59 START test not_null_MediaType__MediaTypeId_ ........................... [RUN]
[0m14:18:44.166014 [debug] [Thread-13 ]: Databricks adapter: DatabricksDBTConnection(session-id=None, name=test.chinook.not_null_MediaType__MediaTypeId_.2eda38646b) - Creating connection
[0m14:18:44.168079 [debug] [Thread-13 ]: Acquiring new databricks connection 'test.chinook.not_null_MediaType__MediaTypeId_.2eda38646b'
[0m14:18:44.170061 [debug] [Thread-13 ]: Began compiling node test.chinook.not_null_MediaType__MediaTypeId_.2eda38646b
[0m14:18:44.192514 [debug] [Thread-13 ]: Writing injected SQL for node "test.chinook.not_null_MediaType__MediaTypeId_.2eda38646b"
[0m14:18:44.194521 [debug] [Thread-13 ]: Began executing node test.chinook.not_null_MediaType__MediaTypeId_.2eda38646b
[0m14:18:44.201056 [debug] [Thread-13 ]: Writing runtime sql for node "test.chinook.not_null_MediaType__MediaTypeId_.2eda38646b"
[0m14:18:44.202046 [debug] [Thread-13 ]: Using databricks connection "test.chinook.not_null_MediaType__MediaTypeId_.2eda38646b"
[0m14:18:44.203052 [debug] [Thread-13 ]: On test.chinook.not_null_MediaType__MediaTypeId_.2eda38646b: /* {"app": "dbt", "dbt_version": "1.11.2", "dbt_databricks_version": "1.12.4", "databricks_sql_connector_version": "4.1.3", "profile_name": "chinook", "target_name": "dev", "invocation_id": "f90c5904-5bee-41f0-a69c-29b7f7674600", "node_id": "test.chinook.not_null_MediaType__MediaTypeId_.2eda38646b"} */

    select
      count(*) as failures,
      count(*) != 0 as should_warn,
      count(*) != 0 as should_error
    from (
      
    
  
    
    



select `MediaTypeId`
from `uc_sql_server_central`.`data_raw`.`mediatype01`
where `MediaTypeId` is null



  
  
      
    ) dbt_internal_test
[0m14:18:44.203052 [debug] [Thread-13 ]: Opening a new connection, currently in state init
[0m14:18:44.588163 [debug] [Thread-13 ]: Databricks adapter: Connection(session-id=01f1a0b1-6817-1778-bb94-cf9f12e78948) - Created
[0m14:18:44.951578 [debug] [Thread-13 ]: SQL status: OK in 0.750 seconds
[0m14:18:44.954586 [debug] [Thread-13 ]: Databricks adapter: Cursor(session-id=01f1a0b1-6817-1778-bb94-cf9f12e78948, command-id=01f1a0b1-6824-1b11-8118-6f28c4232300) - Closing
[0m14:18:44.956098 [debug] [Thread-13 ]: On test.chinook.not_null_MediaType__MediaTypeId_.2eda38646b: Close
[0m14:18:44.957117 [debug] [Thread-13 ]: Databricks adapter: Connection(session-id=01f1a0b1-6817-1778-bb94-cf9f12e78948) - Closing
[0m14:18:45.060783 [info ] [Thread-13 ]: 32 of 59 PASS not_null_MediaType__MediaTypeId_ ................................. [[32mPASS[0m in 0.89s]
[0m14:18:45.062802 [debug] [Thread-13 ]: Finished running node test.chinook.not_null_MediaType__MediaTypeId_.2eda38646b
[0m14:18:45.063801 [debug] [Thread-13 ]: Began running node test.chinook.unique_MediaType__MediaTypeId_.7a39d2dae4
[0m14:18:45.064797 [info ] [Thread-13 ]: 33 of 59 START test unique_MediaType__MediaTypeId_ ............................. [RUN]
[0m14:18:45.066310 [debug] [Thread-13 ]: Databricks adapter: DatabricksDBTConnection(session-id=None, name=test.chinook.unique_MediaType__MediaTypeId_.7a39d2dae4) - Creating connection
[0m14:18:45.067322 [debug] [Thread-13 ]: Acquiring new databricks connection 'test.chinook.unique_MediaType__MediaTypeId_.7a39d2dae4'
[0m14:18:45.068335 [debug] [Thread-13 ]: Began compiling node test.chinook.unique_MediaType__MediaTypeId_.7a39d2dae4
[0m14:18:45.083010 [debug] [Thread-13 ]: Writing injected SQL for node "test.chinook.unique_MediaType__MediaTypeId_.7a39d2dae4"
[0m14:18:45.087383 [debug] [Thread-13 ]: Began executing node test.chinook.unique_MediaType__MediaTypeId_.7a39d2dae4
[0m14:18:45.102013 [debug] [Thread-13 ]: Writing runtime sql for node "test.chinook.unique_MediaType__MediaTypeId_.7a39d2dae4"
[0m14:18:45.112198 [debug] [Thread-13 ]: Using databricks connection "test.chinook.unique_MediaType__MediaTypeId_.7a39d2dae4"
[0m14:18:45.115874 [debug] [Thread-13 ]: On test.chinook.unique_MediaType__MediaTypeId_.7a39d2dae4: /* {"app": "dbt", "dbt_version": "1.11.2", "dbt_databricks_version": "1.12.4", "databricks_sql_connector_version": "4.1.3", "profile_name": "chinook", "target_name": "dev", "invocation_id": "f90c5904-5bee-41f0-a69c-29b7f7674600", "node_id": "test.chinook.unique_MediaType__MediaTypeId_.7a39d2dae4"} */

    select
      count(*) as failures,
      count(*) != 0 as should_warn,
      count(*) != 0 as should_error
    from (
      
    
  
    
    

select
    `MediaTypeId` as unique_field,
    count(*) as n_records

from `uc_sql_server_central`.`data_raw`.`mediatype01`
where `MediaTypeId` is not null
group by `MediaTypeId`
having count(*) > 1



  
  
      
    ) dbt_internal_test
[0m14:18:45.119013 [debug] [Thread-13 ]: Opening a new connection, currently in state init
[0m14:18:45.547036 [debug] [Thread-13 ]: Databricks adapter: Connection(session-id=01f1a0b1-68a9-1b6a-ac45-28dce66da666) - Created
[0m14:18:45.920648 [debug] [Thread-13 ]: SQL status: OK in 0.800 seconds
[0m14:18:45.928137 [debug] [Thread-13 ]: Databricks adapter: Cursor(session-id=01f1a0b1-68a9-1b6a-ac45-28dce66da666, command-id=01f1a0b1-68b5-1685-9c12-b118f52cef20) - Closing
[0m14:18:45.932658 [debug] [Thread-13 ]: On test.chinook.unique_MediaType__MediaTypeId_.7a39d2dae4: Close
[0m14:18:45.934659 [debug] [Thread-13 ]: Databricks adapter: Connection(session-id=01f1a0b1-68a9-1b6a-ac45-28dce66da666) - Closing
[0m14:18:46.038711 [info ] [Thread-13 ]: 33 of 59 PASS unique_MediaType__MediaTypeId_ ................................... [[32mPASS[0m in 0.97s]
[0m14:18:46.046130 [debug] [Thread-13 ]: Finished running node test.chinook.unique_MediaType__MediaTypeId_.7a39d2dae4
[0m14:18:46.049218 [debug] [Thread-13 ]: Began running node test.chinook.not_null_Playlist__PlaylistId_.d2edff8e7d
[0m14:18:46.052223 [info ] [Thread-13 ]: 34 of 59 START test not_null_Playlist__PlaylistId_ ............................. [RUN]
[0m14:18:46.059428 [debug] [Thread-13 ]: Databricks adapter: DatabricksDBTConnection(session-id=None, name=test.chinook.not_null_Playlist__PlaylistId_.d2edff8e7d) - Creating connection
[0m14:18:46.062997 [debug] [Thread-13 ]: Acquiring new databricks connection 'test.chinook.not_null_Playlist__PlaylistId_.d2edff8e7d'
[0m14:18:46.064989 [debug] [Thread-13 ]: Began compiling node test.chinook.not_null_Playlist__PlaylistId_.d2edff8e7d
[0m14:18:46.078611 [debug] [Thread-13 ]: Writing injected SQL for node "test.chinook.not_null_Playlist__PlaylistId_.d2edff8e7d"
[0m14:18:46.081682 [debug] [Thread-13 ]: Began executing node test.chinook.not_null_Playlist__PlaylistId_.d2edff8e7d
[0m14:18:46.088292 [debug] [Thread-13 ]: Writing runtime sql for node "test.chinook.not_null_Playlist__PlaylistId_.d2edff8e7d"
[0m14:18:46.091260 [debug] [Thread-13 ]: Using databricks connection "test.chinook.not_null_Playlist__PlaylistId_.d2edff8e7d"
[0m14:18:46.094303 [debug] [Thread-13 ]: On test.chinook.not_null_Playlist__PlaylistId_.d2edff8e7d: /* {"app": "dbt", "dbt_version": "1.11.2", "dbt_databricks_version": "1.12.4", "databricks_sql_connector_version": "4.1.3", "profile_name": "chinook", "target_name": "dev", "invocation_id": "f90c5904-5bee-41f0-a69c-29b7f7674600", "node_id": "test.chinook.not_null_Playlist__PlaylistId_.d2edff8e7d"} */

    select
      count(*) as failures,
      count(*) != 0 as should_warn,
      count(*) != 0 as should_error
    from (
      
    
  
    
    



select `PlaylistId`
from `uc_sql_server_central`.`data_raw`.`playlist01`
where `PlaylistId` is null



  
  
      
    ) dbt_internal_test
[0m14:18:46.095827 [debug] [Thread-13 ]: Opening a new connection, currently in state init
[0m14:18:46.522196 [debug] [Thread-13 ]: Databricks adapter: Connection(session-id=01f1a0b1-693d-1a3c-8c0c-96ca85f4e5f3) - Created
[0m14:18:46.864541 [debug] [Thread-13 ]: SQL status: OK in 0.770 seconds
[0m14:18:46.871309 [debug] [Thread-13 ]: Databricks adapter: Cursor(session-id=01f1a0b1-693d-1a3c-8c0c-96ca85f4e5f3, command-id=01f1a0b1-694b-13fa-92d1-bb944c1fd690) - Closing
[0m14:18:46.874309 [debug] [Thread-13 ]: On test.chinook.not_null_Playlist__PlaylistId_.d2edff8e7d: Close
[0m14:18:46.878440 [debug] [Thread-13 ]: Databricks adapter: Connection(session-id=01f1a0b1-693d-1a3c-8c0c-96ca85f4e5f3) - Closing
[0m14:18:47.008095 [info ] [Thread-13 ]: 34 of 59 PASS not_null_Playlist__PlaylistId_ ................................... [[32mPASS[0m in 0.95s]
[0m14:18:47.011307 [debug] [Thread-13 ]: Finished running node test.chinook.not_null_Playlist__PlaylistId_.d2edff8e7d
[0m14:18:47.013897 [debug] [Thread-13 ]: Began running node test.chinook.unique_Playlist__PlaylistId_.6bc6f41a44
[0m14:18:47.016436 [info ] [Thread-13 ]: 35 of 59 START test unique_Playlist__PlaylistId_ ............................... [RUN]
[0m14:18:47.021496 [debug] [Thread-13 ]: Databricks adapter: DatabricksDBTConnection(session-id=None, name=test.chinook.unique_Playlist__PlaylistId_.6bc6f41a44) - Creating connection
[0m14:18:47.024485 [debug] [Thread-13 ]: Acquiring new databricks connection 'test.chinook.unique_Playlist__PlaylistId_.6bc6f41a44'
[0m14:18:47.028071 [debug] [Thread-13 ]: Began compiling node test.chinook.unique_Playlist__PlaylistId_.6bc6f41a44
[0m14:18:47.063894 [debug] [Thread-13 ]: Writing injected SQL for node "test.chinook.unique_Playlist__PlaylistId_.6bc6f41a44"
[0m14:18:47.070131 [debug] [Thread-13 ]: Began executing node test.chinook.unique_Playlist__PlaylistId_.6bc6f41a44
[0m14:18:47.080333 [debug] [Thread-13 ]: Writing runtime sql for node "test.chinook.unique_Playlist__PlaylistId_.6bc6f41a44"
[0m14:18:47.086880 [debug] [Thread-13 ]: Using databricks connection "test.chinook.unique_Playlist__PlaylistId_.6bc6f41a44"
[0m14:18:47.088907 [debug] [Thread-13 ]: On test.chinook.unique_Playlist__PlaylistId_.6bc6f41a44: /* {"app": "dbt", "dbt_version": "1.11.2", "dbt_databricks_version": "1.12.4", "databricks_sql_connector_version": "4.1.3", "profile_name": "chinook", "target_name": "dev", "invocation_id": "f90c5904-5bee-41f0-a69c-29b7f7674600", "node_id": "test.chinook.unique_Playlist__PlaylistId_.6bc6f41a44"} */

    select
      count(*) as failures,
      count(*) != 0 as should_warn,
      count(*) != 0 as should_error
    from (
      
    
  
    
    

select
    `PlaylistId` as unique_field,
    count(*) as n_records

from `uc_sql_server_central`.`data_raw`.`playlist01`
where `PlaylistId` is not null
group by `PlaylistId`
having count(*) > 1



  
  
      
    ) dbt_internal_test
[0m14:18:47.089894 [debug] [Thread-13 ]: Opening a new connection, currently in state init
[0m14:18:47.481938 [debug] [Thread-13 ]: Databricks adapter: Connection(session-id=01f1a0b1-69ce-1385-8996-20618ce4f09c) - Created
[0m14:18:47.872326 [debug] [Thread-13 ]: SQL status: OK in 0.780 seconds
[0m14:18:47.881922 [debug] [Thread-13 ]: Databricks adapter: Cursor(session-id=01f1a0b1-69ce-1385-8996-20618ce4f09c, command-id=01f1a0b1-69e1-168b-8da9-658f44fb7d09) - Closing
[0m14:18:47.886549 [debug] [Thread-13 ]: On test.chinook.unique_Playlist__PlaylistId_.6bc6f41a44: Close
[0m14:18:47.889601 [debug] [Thread-13 ]: Databricks adapter: Connection(session-id=01f1a0b1-69ce-1385-8996-20618ce4f09c) - Closing
[0m14:18:47.982124 [info ] [Thread-13 ]: 35 of 59 PASS unique_Playlist__PlaylistId_ ..................................... [[32mPASS[0m in 0.96s]
[0m14:18:47.985639 [debug] [Thread-13 ]: Finished running node test.chinook.unique_Playlist__PlaylistId_.6bc6f41a44
[0m14:18:47.985639 [debug] [Thread-13 ]: Began running node snapshot.chinook.PlaylistTrack02
[0m14:18:47.988212 [info ] [Thread-13 ]: 36 of 59 START snapshot data_snapshot.playlisttrack02 .......................... [RUN]
[0m14:18:47.990221 [debug] [Thread-13 ]: Databricks adapter: DatabricksDBTConnection(session-id=None, name=snapshot.chinook.PlaylistTrack02) - Creating connection
[0m14:18:47.991217 [debug] [Thread-13 ]: Acquiring new databricks connection 'snapshot.chinook.PlaylistTrack02'
[0m14:18:47.993216 [debug] [Thread-13 ]: Began compiling node snapshot.chinook.PlaylistTrack02
[0m14:18:48.035934 [debug] [Thread-13 ]: Began executing node snapshot.chinook.PlaylistTrack02
[0m14:18:48.136980 [debug] [Thread-13 ]: Using databricks connection "snapshot.chinook.PlaylistTrack02"
[0m14:18:48.136980 [debug] [Thread-13 ]: On snapshot.chinook.PlaylistTrack02: /* {"app": "dbt", "dbt_version": "1.11.2", "dbt_databricks_version": "1.12.4", "databricks_sql_connector_version": "4.1.3", "profile_name": "chinook", "target_name": "dev", "invocation_id": "f90c5904-5bee-41f0-a69c-29b7f7674600", "node_id": "snapshot.chinook.PlaylistTrack02"} */
SELECT
    table_catalog,
    table_schema,
    table_name,
    filter_name,
    target_columns
  FROM `uc_sql_server_central`.`information_schema`.`row_filters`
  WHERE table_catalog = 'uc_sql_server_central'
    AND table_schema = 'data_snapshot'
    AND table_name = 'playlisttrack02'
[0m14:18:48.138326 [debug] [Thread-13 ]: Opening a new connection, currently in state init
[0m14:18:48.552054 [debug] [Thread-13 ]: Databricks adapter: Connection(session-id=01f1a0b1-6a75-1087-ba91-91ab15ff7525) - Created
[0m14:18:49.040264 [debug] [Thread-13 ]: SQL status: OK in 0.900 seconds
[0m14:18:49.048412 [debug] [Thread-13 ]: Databricks adapter: Cursor(session-id=01f1a0b1-6a75-1087-ba91-91ab15ff7525, command-id=01f1a0b1-6a81-1e66-abb0-4ad4ca440f97) - Closing
[0m14:18:49.076040 [debug] [Thread-13 ]: Using databricks connection "snapshot.chinook.PlaylistTrack02"
[0m14:18:49.078065 [debug] [Thread-13 ]: On snapshot.chinook.PlaylistTrack02: /* {"app": "dbt", "dbt_version": "1.11.2", "dbt_databricks_version": "1.12.4", "databricks_sql_connector_version": "4.1.3", "profile_name": "chinook", "target_name": "dev", "invocation_id": "f90c5904-5bee-41f0-a69c-29b7f7674600", "node_id": "snapshot.chinook.PlaylistTrack02"} */
select * from (
        select *,
        md5(coalesce(cast(`skey` as string ), '')
         || '|' || coalesce(cast(
    current_timestamp()
 as string ), '')
        ) as dbt_scd_id,
        
    current_timestamp()
 as dbt_updated_at,
        
    current_timestamp()
 as dbt_valid_from,
        
  
  coalesce(nullif(
    current_timestamp()
, 
    current_timestamp()
), null)
  as dbt_valid_to

    from (
        select 
  `PlaylistId`,
  `TrackId`,
  `skey`
from 
(
  select 
    `PlaylistId`,
    `TrackId`,
    md5(cast(concat(coalesce(cast(`PlaylistId` as string), '_dbt_utils_surrogate_key_null_'), '-', coalesce(cast(`TrackId` as string), '_dbt_utils_surrogate_key_null_')) as string)) as `skey`
    from `uc_sql_server_central`.`data_raw`.`playlisttrack01`
) as d
    ) sbq


    ) as __dbt_sbq
    where false
    limit 0

[0m14:18:49.328226 [debug] [Thread-13 ]: SQL status: OK in 0.250 seconds
[0m14:18:49.338380 [debug] [Thread-13 ]: Using databricks connection "snapshot.chinook.PlaylistTrack02"
[0m14:18:49.341376 [debug] [Thread-13 ]: On snapshot.chinook.PlaylistTrack02: /* {"app": "dbt", "dbt_version": "1.11.2", "dbt_databricks_version": "1.12.4", "databricks_sql_connector_version": "4.1.3", "profile_name": "chinook", "target_name": "dev", "invocation_id": "f90c5904-5bee-41f0-a69c-29b7f7674600", "node_id": "snapshot.chinook.PlaylistTrack02"} */
select * from (
        select 
    current_timestamp()
 as dbt_snapshot_time
    ) as __dbt_sbq
    where false
    limit 0

[0m14:18:49.344374 [debug] [Thread-13 ]: Databricks adapter: Cursor(session-id=01f1a0b1-6a75-1087-ba91-91ab15ff7525, command-id=01f1a0b1-6ad1-1543-9467-1a894455f0c9) - Closing
[0m14:18:49.495858 [debug] [Thread-13 ]: SQL status: OK in 0.150 seconds
[0m14:18:49.498731 [debug] [Thread-13 ]: Writing runtime sql for node "snapshot.chinook.PlaylistTrack02"
[0m14:18:49.504641 [debug] [Thread-13 ]: Using databricks connection "snapshot.chinook.PlaylistTrack02"
[0m14:18:49.506195 [debug] [Thread-13 ]: On snapshot.chinook.PlaylistTrack02: /* {"app": "dbt", "dbt_version": "1.11.2", "dbt_databricks_version": "1.12.4", "databricks_sql_connector_version": "4.1.3", "profile_name": "chinook", "target_name": "dev", "invocation_id": "f90c5904-5bee-41f0-a69c-29b7f7674600", "node_id": "snapshot.chinook.PlaylistTrack02"} */

      
  
    
        create or replace table `uc_sql_server_central`.`data_snapshot`.`playlisttrack02`
      
      
    using delta
  
      
      
      
      
      
      
      
      
      as
      select *,
        md5(coalesce(cast(`skey` as string ), '')
         || '|' || coalesce(cast(
    current_timestamp()
 as string ), '')
        ) as dbt_scd_id,
        
    current_timestamp()
 as dbt_updated_at,
        
    current_timestamp()
 as dbt_valid_from,
        
  
  coalesce(nullif(
    current_timestamp()
, 
    current_timestamp()
), null)
  as dbt_valid_to

    from (
        select 
  `PlaylistId`,
  `TrackId`,
  `skey`
from 
(
  select 
    `PlaylistId`,
    `TrackId`,
    md5(cast(concat(coalesce(cast(`PlaylistId` as string), '_dbt_utils_surrogate_key_null_'), '-', coalesce(cast(`TrackId` as string), '_dbt_utils_surrogate_key_null_')) as string)) as `skey`
    from `uc_sql_server_central`.`data_raw`.`playlisttrack01`
) as d
    ) sbq


  
  
[0m14:18:49.509241 [debug] [Thread-13 ]: Databricks adapter: Cursor(session-id=01f1a0b1-6a75-1087-ba91-91ab15ff7525, command-id=01f1a0b1-6af9-1edc-90b0-d05bf95096d3) - Closing
[0m14:18:51.429322 [debug] [Thread-13 ]: SQL status: OK in 1.920 seconds
[0m14:18:51.432852 [debug] [Thread-13 ]: Databricks adapter: Cursor(session-id=01f1a0b1-6a75-1087-ba91-91ab15ff7525, command-id=01f1a0b1-6b14-1adc-9aa0-1ed9f17e06a3) - Closing
[0m14:18:51.438378 [debug] [Thread-13 ]: On snapshot.chinook.PlaylistTrack02: Close
[0m14:18:51.440390 [debug] [Thread-13 ]: Databricks adapter: Connection(session-id=01f1a0b1-6a75-1087-ba91-91ab15ff7525) - Closing
[0m14:18:51.549257 [debug] [Thread-13 ]: Sending event: {'category': 'dbt', 'action': 'run_model', 'label': 'f90c5904-5bee-41f0-a69c-29b7f7674600', 'context': [<snowplow_tracker.self_describing_json.SelfDescribingJson object at 0x0000023515EACC80>]}
[0m14:18:51.552258 [info ] [Thread-13 ]: 36 of 59 OK snapshotted data_snapshot.playlisttrack02 .......................... [[32mOK[0m in 3.56s]
[0m14:18:51.554259 [debug] [Thread-13 ]: Finished running node snapshot.chinook.PlaylistTrack02
[0m14:18:51.556799 [debug] [Thread-13 ]: Began running node test.chinook.relationships_PlaylistTrack__PlaylistId____PlaylistId___ref_Playlist_.c4a030d252
[0m14:18:51.559408 [info ] [Thread-13 ]: 37 of 59 START test relationships_PlaylistTrack__PlaylistId____PlaylistId___ref_Playlist_  [RUN]
[0m14:18:51.564248 [debug] [Thread-13 ]: Databricks adapter: DatabricksDBTConnection(session-id=None, name=test.chinook.relationships_PlaylistTrack__PlaylistId____PlaylistId___ref_Playlist_.c4a030d252) - Creating connection
[0m14:18:51.567506 [debug] [Thread-13 ]: Acquiring new databricks connection 'test.chinook.relationships_PlaylistTrack__PlaylistId____PlaylistId___ref_Playlist_.c4a030d252'
[0m14:18:51.569190 [debug] [Thread-13 ]: Began compiling node test.chinook.relationships_PlaylistTrack__PlaylistId____PlaylistId___ref_Playlist_.c4a030d252
[0m14:18:51.622470 [debug] [Thread-13 ]: Writing injected SQL for node "test.chinook.relationships_PlaylistTrack__PlaylistId____PlaylistId___ref_Playlist_.c4a030d252"
[0m14:18:51.632113 [debug] [Thread-13 ]: Began executing node test.chinook.relationships_PlaylistTrack__PlaylistId____PlaylistId___ref_Playlist_.c4a030d252
[0m14:18:51.648253 [debug] [Thread-13 ]: Writing runtime sql for node "test.chinook.relationships_PlaylistTrack__PlaylistId____PlaylistId___ref_Playlist_.c4a030d252"
[0m14:18:51.652253 [debug] [Thread-13 ]: Using databricks connection "test.chinook.relationships_PlaylistTrack__PlaylistId____PlaylistId___ref_Playlist_.c4a030d252"
[0m14:18:51.654258 [debug] [Thread-13 ]: On test.chinook.relationships_PlaylistTrack__PlaylistId____PlaylistId___ref_Playlist_.c4a030d252: /* {"app": "dbt", "dbt_version": "1.11.2", "dbt_databricks_version": "1.12.4", "databricks_sql_connector_version": "4.1.3", "profile_name": "chinook", "target_name": "dev", "invocation_id": "f90c5904-5bee-41f0-a69c-29b7f7674600", "node_id": "test.chinook.relationships_PlaylistTrack__PlaylistId____PlaylistId___ref_Playlist_.c4a030d252"} */

    select
      count(*) as failures,
      count(*) != 0 as should_warn,
      count(*) != 0 as should_error
    from (
      
    
  
    
    

with child as (
    select `PlaylistId` as from_field
    from `uc_sql_server_central`.`data_raw`.`playlisttrack01`
    where `PlaylistId` is not null
),

parent as (
    select "PlaylistId" as to_field
    from `uc_sql_server_central`.`data_raw`.`playlist01`
)

select
    from_field

from child
left join parent
    on child.from_field = parent.to_field

where parent.to_field is null



  
  
      
    ) dbt_internal_test
[0m14:18:51.655780 [debug] [Thread-13 ]: Opening a new connection, currently in state init
[0m14:18:52.132517 [debug] [Thread-13 ]: Databricks adapter: Connection(session-id=01f1a0b1-6c96-12de-bc2f-4e188bb790b4) - Created
[0m14:18:52.705139 [debug] [Thread-13 ]: SQL status: OK in 1.050 seconds
[0m14:18:52.715744 [debug] [Thread-13 ]: Databricks adapter: Cursor(session-id=01f1a0b1-6c96-12de-bc2f-4e188bb790b4, command-id=01f1a0b1-6ca4-10ee-b8ae-1403036e2965) - Closing
[0m14:18:52.719882 [debug] [Thread-13 ]: On test.chinook.relationships_PlaylistTrack__PlaylistId____PlaylistId___ref_Playlist_.c4a030d252: Close
[0m14:18:52.723129 [debug] [Thread-13 ]: Databricks adapter: Connection(session-id=01f1a0b1-6c96-12de-bc2f-4e188bb790b4) - Closing
[0m14:18:52.828476 [error] [Thread-13 ]: 37 of 59 FAIL 8715 relationships_PlaylistTrack__PlaylistId____PlaylistId___ref_Playlist_  [[31mFAIL 8715[0m in 1.26s]
[0m14:18:52.832479 [debug] [Thread-13 ]: Finished running node test.chinook.relationships_PlaylistTrack__PlaylistId____PlaylistId___ref_Playlist_.c4a030d252
[0m14:18:52.835997 [debug] [Thread-13 ]: Began running node test.chinook.not_null_Track__TrackId_.bd96e40b55
[0m14:18:52.840079 [debug] [Thread-16 ]: Marking all children of 'test.chinook.relationships_PlaylistTrack__PlaylistId____PlaylistId___ref_Playlist_.c4a030d252' to be skipped because of status 'fail'.  Reason: Got 8715 results, configured to fail if != 0.
[0m14:18:52.843406 [info ] [Thread-13 ]: 38 of 59 START test not_null_Track__TrackId_ ................................... [RUN]
[0m14:18:52.848019 [debug] [Thread-13 ]: Databricks adapter: DatabricksDBTConnection(session-id=None, name=test.chinook.not_null_Track__TrackId_.bd96e40b55) - Creating connection
[0m14:18:52.849001 [debug] [Thread-13 ]: Acquiring new databricks connection 'test.chinook.not_null_Track__TrackId_.bd96e40b55'
[0m14:18:52.850005 [debug] [Thread-13 ]: Began compiling node test.chinook.not_null_Track__TrackId_.bd96e40b55
[0m14:18:52.879041 [debug] [Thread-13 ]: Writing injected SQL for node "test.chinook.not_null_Track__TrackId_.bd96e40b55"
[0m14:18:52.884043 [debug] [Thread-13 ]: Began executing node test.chinook.not_null_Track__TrackId_.bd96e40b55
[0m14:18:52.894530 [debug] [Thread-13 ]: Writing runtime sql for node "test.chinook.not_null_Track__TrackId_.bd96e40b55"
[0m14:18:52.901086 [debug] [Thread-13 ]: Using databricks connection "test.chinook.not_null_Track__TrackId_.bd96e40b55"
[0m14:18:52.903077 [debug] [Thread-13 ]: On test.chinook.not_null_Track__TrackId_.bd96e40b55: /* {"app": "dbt", "dbt_version": "1.11.2", "dbt_databricks_version": "1.12.4", "databricks_sql_connector_version": "4.1.3", "profile_name": "chinook", "target_name": "dev", "invocation_id": "f90c5904-5bee-41f0-a69c-29b7f7674600", "node_id": "test.chinook.not_null_Track__TrackId_.bd96e40b55"} */

    select
      count(*) as failures,
      count(*) != 0 as should_warn,
      count(*) != 0 as should_error
    from (
      
    
  
    
    



select `TrackId`
from `uc_sql_server_central`.`data_raw`.`track01`
where `TrackId` is null



  
  
      
    ) dbt_internal_test
[0m14:18:52.904082 [debug] [Thread-13 ]: Opening a new connection, currently in state init
[0m14:18:53.230259 [debug] [Thread-13 ]: Databricks adapter: Connection(session-id=01f1a0b1-6d3f-1005-97ed-7a78ebd6c957) - Created
[0m14:18:53.583676 [debug] [Thread-13 ]: SQL status: OK in 0.680 seconds
[0m14:18:53.590494 [debug] [Thread-13 ]: Databricks adapter: Cursor(session-id=01f1a0b1-6d3f-1005-97ed-7a78ebd6c957, command-id=01f1a0b1-6d4c-14c0-a016-25a0baf3d0c5) - Closing
[0m14:18:53.593495 [debug] [Thread-13 ]: On test.chinook.not_null_Track__TrackId_.bd96e40b55: Close
[0m14:18:53.597091 [debug] [Thread-13 ]: Databricks adapter: Connection(session-id=01f1a0b1-6d3f-1005-97ed-7a78ebd6c957) - Closing
[0m14:18:53.703074 [info ] [Thread-13 ]: 38 of 59 PASS not_null_Track__TrackId_ ......................................... [[32mPASS[0m in 0.86s]
[0m14:18:53.704106 [debug] [Thread-13 ]: Finished running node test.chinook.not_null_Track__TrackId_.bd96e40b55
[0m14:18:53.705147 [debug] [Thread-13 ]: Began running node test.chinook.relationships_InvoiceLine__TrackId____TrackId___ref_Track_.876c8157fe
[0m14:18:53.706763 [info ] [Thread-13 ]: 39 of 59 START test relationships_InvoiceLine__TrackId____TrackId___ref_Track_ . [RUN]
[0m14:18:53.709336 [debug] [Thread-13 ]: Databricks adapter: DatabricksDBTConnection(session-id=None, name=test.chinook.relationships_InvoiceLine__TrackId____TrackId___ref_Track_.876c8157fe) - Creating connection
[0m14:18:53.711340 [debug] [Thread-13 ]: Acquiring new databricks connection 'test.chinook.relationships_InvoiceLine__TrackId____TrackId___ref_Track_.876c8157fe'
[0m14:18:53.713372 [debug] [Thread-13 ]: Began compiling node test.chinook.relationships_InvoiceLine__TrackId____TrackId___ref_Track_.876c8157fe
[0m14:18:53.728070 [debug] [Thread-13 ]: Writing injected SQL for node "test.chinook.relationships_InvoiceLine__TrackId____TrackId___ref_Track_.876c8157fe"
[0m14:18:53.730193 [debug] [Thread-13 ]: Began executing node test.chinook.relationships_InvoiceLine__TrackId____TrackId___ref_Track_.876c8157fe
[0m14:18:53.737842 [debug] [Thread-13 ]: Writing runtime sql for node "test.chinook.relationships_InvoiceLine__TrackId____TrackId___ref_Track_.876c8157fe"
[0m14:18:53.739830 [debug] [Thread-13 ]: Using databricks connection "test.chinook.relationships_InvoiceLine__TrackId____TrackId___ref_Track_.876c8157fe"
[0m14:18:53.740836 [debug] [Thread-13 ]: On test.chinook.relationships_InvoiceLine__TrackId____TrackId___ref_Track_.876c8157fe: /* {"app": "dbt", "dbt_version": "1.11.2", "dbt_databricks_version": "1.12.4", "databricks_sql_connector_version": "4.1.3", "profile_name": "chinook", "target_name": "dev", "invocation_id": "f90c5904-5bee-41f0-a69c-29b7f7674600", "node_id": "test.chinook.relationships_InvoiceLine__TrackId____TrackId___ref_Track_.876c8157fe"} */

    select
      count(*) as failures,
      count(*) != 0 as should_warn,
      count(*) != 0 as should_error
    from (
      
    
  
    
    

with child as (
    select `TrackId` as from_field
    from `uc_sql_server_central`.`data_raw`.`invoiceline01`
    where `TrackId` is not null
),

parent as (
    select "TrackId" as to_field
    from `uc_sql_server_central`.`data_raw`.`track01`
)

select
    from_field

from child
left join parent
    on child.from_field = parent.to_field

where parent.to_field is null



  
  
      
    ) dbt_internal_test
[0m14:18:53.741839 [debug] [Thread-13 ]: Opening a new connection, currently in state init
[0m14:18:54.118275 [debug] [Thread-13 ]: Databricks adapter: Connection(session-id=01f1a0b1-6dc5-1b1e-a62a-d7aaa4b114ba) - Created
[0m14:18:54.675112 [debug] [Thread-13 ]: SQL status: OK in 0.930 seconds
[0m14:18:54.685894 [debug] [Thread-13 ]: Databricks adapter: Cursor(session-id=01f1a0b1-6dc5-1b1e-a62a-d7aaa4b114ba, command-id=01f1a0b1-6dd3-112c-a05d-d081ec2a1e54) - Closing
[0m14:18:54.687375 [debug] [Thread-13 ]: On test.chinook.relationships_InvoiceLine__TrackId____TrackId___ref_Track_.876c8157fe: Close
[0m14:18:54.688486 [debug] [Thread-13 ]: Databricks adapter: Connection(session-id=01f1a0b1-6dc5-1b1e-a62a-d7aaa4b114ba) - Closing
[0m14:18:54.784303 [error] [Thread-13 ]: 39 of 59 FAIL 2240 relationships_InvoiceLine__TrackId____TrackId___ref_Track_ .. [[31mFAIL 2240[0m in 1.08s]
[0m14:18:54.784303 [debug] [Thread-13 ]: Finished running node test.chinook.relationships_InvoiceLine__TrackId____TrackId___ref_Track_.876c8157fe
[0m14:18:54.786892 [debug] [Thread-13 ]: Began running node test.chinook.relationships_PlaylistTrack__TrackId____TrackId___ref_Track_.1e3a0334a1
[0m14:18:54.787947 [debug] [Thread-16 ]: Marking all children of 'test.chinook.relationships_InvoiceLine__TrackId____TrackId___ref_Track_.876c8157fe' to be skipped because of status 'fail'.  Reason: Got 2240 results, configured to fail if != 0.
[0m14:18:54.789024 [info ] [Thread-13 ]: 40 of 59 START test relationships_PlaylistTrack__TrackId____TrackId___ref_Track_  [RUN]
[0m14:18:54.792224 [debug] [Thread-13 ]: Databricks adapter: DatabricksDBTConnection(session-id=None, name=test.chinook.relationships_PlaylistTrack__TrackId____TrackId___ref_Track_.1e3a0334a1) - Creating connection
[0m14:18:54.794179 [debug] [Thread-13 ]: Acquiring new databricks connection 'test.chinook.relationships_PlaylistTrack__TrackId____TrackId___ref_Track_.1e3a0334a1'
[0m14:18:54.795694 [debug] [Thread-13 ]: Began compiling node test.chinook.relationships_PlaylistTrack__TrackId____TrackId___ref_Track_.1e3a0334a1
[0m14:18:54.816031 [debug] [Thread-13 ]: Writing injected SQL for node "test.chinook.relationships_PlaylistTrack__TrackId____TrackId___ref_Track_.1e3a0334a1"
[0m14:18:54.818244 [debug] [Thread-13 ]: Began executing node test.chinook.relationships_PlaylistTrack__TrackId____TrackId___ref_Track_.1e3a0334a1
[0m14:18:54.823205 [debug] [Thread-13 ]: Writing runtime sql for node "test.chinook.relationships_PlaylistTrack__TrackId____TrackId___ref_Track_.1e3a0334a1"
[0m14:18:54.827286 [debug] [Thread-13 ]: Using databricks connection "test.chinook.relationships_PlaylistTrack__TrackId____TrackId___ref_Track_.1e3a0334a1"
[0m14:18:54.828307 [debug] [Thread-13 ]: On test.chinook.relationships_PlaylistTrack__TrackId____TrackId___ref_Track_.1e3a0334a1: /* {"app": "dbt", "dbt_version": "1.11.2", "dbt_databricks_version": "1.12.4", "databricks_sql_connector_version": "4.1.3", "profile_name": "chinook", "target_name": "dev", "invocation_id": "f90c5904-5bee-41f0-a69c-29b7f7674600", "node_id": "test.chinook.relationships_PlaylistTrack__TrackId____TrackId___ref_Track_.1e3a0334a1"} */

    select
      count(*) as failures,
      count(*) != 0 as should_warn,
      count(*) != 0 as should_error
    from (
      
    
  
    
    

with child as (
    select `TrackId` as from_field
    from `uc_sql_server_central`.`data_raw`.`playlisttrack01`
    where `TrackId` is not null
),

parent as (
    select "TrackId" as to_field
    from `uc_sql_server_central`.`data_raw`.`track01`
)

select
    from_field

from child
left join parent
    on child.from_field = parent.to_field

where parent.to_field is null



  
  
      
    ) dbt_internal_test
[0m14:18:54.829376 [debug] [Thread-13 ]: Opening a new connection, currently in state init
[0m14:18:55.196160 [debug] [Thread-13 ]: Databricks adapter: Connection(session-id=01f1a0b1-6e69-1fda-89ea-5b9ed381c6ab) - Created
[0m14:18:55.760587 [debug] [Thread-13 ]: SQL status: OK in 0.930 seconds
[0m14:18:55.766659 [debug] [Thread-13 ]: Databricks adapter: Cursor(session-id=01f1a0b1-6e69-1fda-89ea-5b9ed381c6ab, command-id=01f1a0b1-6e76-16bf-a791-7da117584fc4) - Closing
[0m14:18:55.767689 [debug] [Thread-13 ]: On test.chinook.relationships_PlaylistTrack__TrackId____TrackId___ref_Track_.1e3a0334a1: Close
[0m14:18:55.768683 [debug] [Thread-13 ]: Databricks adapter: Connection(session-id=01f1a0b1-6e69-1fda-89ea-5b9ed381c6ab) - Closing
[0m14:18:55.861686 [error] [Thread-13 ]: 40 of 59 FAIL 8715 relationships_PlaylistTrack__TrackId____TrackId___ref_Track_  [[31mFAIL 8715[0m in 1.07s]
[0m14:18:55.863682 [debug] [Thread-13 ]: Finished running node test.chinook.relationships_PlaylistTrack__TrackId____TrackId___ref_Track_.1e3a0334a1
[0m14:18:55.864715 [debug] [Thread-13 ]: Began running node test.chinook.relationships_Track__AlbumId____AlbumId___ref_Album_.f7b0557953
[0m14:18:55.865711 [debug] [Thread-16 ]: Marking all children of 'test.chinook.relationships_PlaylistTrack__TrackId____TrackId___ref_Track_.1e3a0334a1' to be skipped because of status 'fail'.  Reason: Got 8715 results, configured to fail if != 0.
[0m14:18:55.867418 [info ] [Thread-13 ]: 41 of 59 START test relationships_Track__AlbumId____AlbumId___ref_Album_ ....... [RUN]
[0m14:18:55.870496 [debug] [Thread-13 ]: Databricks adapter: DatabricksDBTConnection(session-id=None, name=test.chinook.relationships_Track__AlbumId____AlbumId___ref_Album_.f7b0557953) - Creating connection
[0m14:18:55.872442 [debug] [Thread-13 ]: Acquiring new databricks connection 'test.chinook.relationships_Track__AlbumId____AlbumId___ref_Album_.f7b0557953'
[0m14:18:55.873440 [debug] [Thread-13 ]: Began compiling node test.chinook.relationships_Track__AlbumId____AlbumId___ref_Album_.f7b0557953
[0m14:18:55.903059 [debug] [Thread-13 ]: Writing injected SQL for node "test.chinook.relationships_Track__AlbumId____AlbumId___ref_Album_.f7b0557953"
[0m14:18:55.905050 [debug] [Thread-13 ]: Began executing node test.chinook.relationships_Track__AlbumId____AlbumId___ref_Album_.f7b0557953
[0m14:18:55.914619 [debug] [Thread-13 ]: Writing runtime sql for node "test.chinook.relationships_Track__AlbumId____AlbumId___ref_Album_.f7b0557953"
[0m14:18:55.919185 [debug] [Thread-13 ]: Using databricks connection "test.chinook.relationships_Track__AlbumId____AlbumId___ref_Album_.f7b0557953"
[0m14:18:55.921185 [debug] [Thread-13 ]: On test.chinook.relationships_Track__AlbumId____AlbumId___ref_Album_.f7b0557953: /* {"app": "dbt", "dbt_version": "1.11.2", "dbt_databricks_version": "1.12.4", "databricks_sql_connector_version": "4.1.3", "profile_name": "chinook", "target_name": "dev", "invocation_id": "f90c5904-5bee-41f0-a69c-29b7f7674600", "node_id": "test.chinook.relationships_Track__AlbumId____AlbumId___ref_Album_.f7b0557953"} */

    select
      count(*) as failures,
      count(*) != 0 as should_warn,
      count(*) != 0 as should_error
    from (
      
    
  
    
    

with child as (
    select `AlbumId` as from_field
    from `uc_sql_server_central`.`data_raw`.`track01`
    where `AlbumId` is not null
),

parent as (
    select "AlbumId" as to_field
    from `uc_sql_server_central`.`data_raw`.`album01`
)

select
    from_field

from child
left join parent
    on child.from_field = parent.to_field

where parent.to_field is null



  
  
      
    ) dbt_internal_test
[0m14:18:55.922233 [debug] [Thread-13 ]: Opening a new connection, currently in state init
[0m14:18:56.410718 [debug] [Thread-13 ]: Databricks adapter: Connection(session-id=01f1a0b1-6f22-13a5-8797-c0809feab9c9) - Created
[0m14:18:56.957199 [debug] [Thread-13 ]: SQL status: OK in 1.030 seconds
[0m14:18:56.960187 [debug] [Thread-13 ]: Databricks adapter: Cursor(session-id=01f1a0b1-6f22-13a5-8797-c0809feab9c9, command-id=01f1a0b1-6f31-1166-a490-766024793e57) - Closing
[0m14:18:56.962197 [debug] [Thread-13 ]: On test.chinook.relationships_Track__AlbumId____AlbumId___ref_Album_.f7b0557953: Close
[0m14:18:56.963243 [debug] [Thread-13 ]: Databricks adapter: Connection(session-id=01f1a0b1-6f22-13a5-8797-c0809feab9c9) - Closing
[0m14:18:57.069500 [error] [Thread-13 ]: 41 of 59 FAIL 3503 relationships_Track__AlbumId____AlbumId___ref_Album_ ........ [[31mFAIL 3503[0m in 1.20s]
[0m14:18:57.072567 [debug] [Thread-13 ]: Finished running node test.chinook.relationships_Track__AlbumId____AlbumId___ref_Album_.f7b0557953
[0m14:18:57.074577 [debug] [Thread-13 ]: Began running node test.chinook.relationships_Track__GenreId____GenreId___ref_Genre_.99175fd743
[0m14:18:57.077164 [debug] [Thread-16 ]: Marking all children of 'test.chinook.relationships_Track__AlbumId____AlbumId___ref_Album_.f7b0557953' to be skipped because of status 'fail'.  Reason: Got 3503 results, configured to fail if != 0.
[0m14:18:57.080202 [info ] [Thread-13 ]: 42 of 59 START test relationships_Track__GenreId____GenreId___ref_Genre_ ....... [RUN]
[0m14:18:57.084193 [debug] [Thread-13 ]: Databricks adapter: DatabricksDBTConnection(session-id=None, name=test.chinook.relationships_Track__GenreId____GenreId___ref_Genre_.99175fd743) - Creating connection
[0m14:18:57.087456 [debug] [Thread-13 ]: Acquiring new databricks connection 'test.chinook.relationships_Track__GenreId____GenreId___ref_Genre_.99175fd743'
[0m14:18:57.090592 [debug] [Thread-13 ]: Began compiling node test.chinook.relationships_Track__GenreId____GenreId___ref_Genre_.99175fd743
[0m14:18:57.102249 [debug] [Thread-13 ]: Writing injected SQL for node "test.chinook.relationships_Track__GenreId____GenreId___ref_Genre_.99175fd743"
[0m14:18:57.104265 [debug] [Thread-13 ]: Began executing node test.chinook.relationships_Track__GenreId____GenreId___ref_Genre_.99175fd743
[0m14:18:57.109462 [debug] [Thread-13 ]: Writing runtime sql for node "test.chinook.relationships_Track__GenreId____GenreId___ref_Genre_.99175fd743"
[0m14:18:57.111496 [debug] [Thread-13 ]: Using databricks connection "test.chinook.relationships_Track__GenreId____GenreId___ref_Genre_.99175fd743"
[0m14:18:57.112457 [debug] [Thread-13 ]: On test.chinook.relationships_Track__GenreId____GenreId___ref_Genre_.99175fd743: /* {"app": "dbt", "dbt_version": "1.11.2", "dbt_databricks_version": "1.12.4", "databricks_sql_connector_version": "4.1.3", "profile_name": "chinook", "target_name": "dev", "invocation_id": "f90c5904-5bee-41f0-a69c-29b7f7674600", "node_id": "test.chinook.relationships_Track__GenreId____GenreId___ref_Genre_.99175fd743"} */

    select
      count(*) as failures,
      count(*) != 0 as should_warn,
      count(*) != 0 as should_error
    from (
      
    
  
    
    

with child as (
    select `GenreId` as from_field
    from `uc_sql_server_central`.`data_raw`.`track01`
    where `GenreId` is not null
),

parent as (
    select "GenreId" as to_field
    from `uc_sql_server_central`.`data_raw`.`genre01`
)

select
    from_field

from child
left join parent
    on child.from_field = parent.to_field

where parent.to_field is null



  
  
      
    ) dbt_internal_test
[0m14:18:57.113457 [debug] [Thread-13 ]: Opening a new connection, currently in state init
[0m14:18:57.442186 [debug] [Thread-13 ]: Databricks adapter: Connection(session-id=01f1a0b1-6fc2-104f-9534-9e1473ffe70b) - Created
[0m14:18:58.011649 [debug] [Thread-13 ]: SQL status: OK in 0.900 seconds
[0m14:18:58.017187 [debug] [Thread-13 ]: Databricks adapter: Cursor(session-id=01f1a0b1-6fc2-104f-9534-9e1473ffe70b, command-id=01f1a0b1-6fcd-127b-ab7d-002fd97c1039) - Closing
[0m14:18:58.020182 [debug] [Thread-13 ]: On test.chinook.relationships_Track__GenreId____GenreId___ref_Genre_.99175fd743: Close
[0m14:18:58.021701 [debug] [Thread-13 ]: Databricks adapter: Connection(session-id=01f1a0b1-6fc2-104f-9534-9e1473ffe70b) - Closing
[0m14:18:58.142371 [error] [Thread-13 ]: 42 of 59 FAIL 3503 relationships_Track__GenreId____GenreId___ref_Genre_ ........ [[31mFAIL 3503[0m in 1.06s]
[0m14:18:58.146916 [debug] [Thread-13 ]: Finished running node test.chinook.relationships_Track__GenreId____GenreId___ref_Genre_.99175fd743
[0m14:18:58.148932 [debug] [Thread-13 ]: Began running node test.chinook.relationships_Track__MediaTypeId____MediaTypeId___ref_MediaType_.5c06641ff1
[0m14:18:58.153005 [debug] [Thread-16 ]: Marking all children of 'test.chinook.relationships_Track__GenreId____GenreId___ref_Genre_.99175fd743' to be skipped because of status 'fail'.  Reason: Got 3503 results, configured to fail if != 0.
[0m14:18:58.150450 [info ] [Thread-13 ]: 43 of 59 START test relationships_Track__MediaTypeId____MediaTypeId___ref_MediaType_  [RUN]
[0m14:18:58.156528 [debug] [Thread-13 ]: Databricks adapter: DatabricksDBTConnection(session-id=None, name=test.chinook.relationships_Track__MediaTypeId____MediaTypeId___ref_MediaType_.5c06641ff1) - Creating connection
[0m14:18:58.159585 [debug] [Thread-13 ]: Acquiring new databricks connection 'test.chinook.relationships_Track__MediaTypeId____MediaTypeId___ref_MediaType_.5c06641ff1'
[0m14:18:58.162637 [debug] [Thread-13 ]: Began compiling node test.chinook.relationships_Track__MediaTypeId____MediaTypeId___ref_MediaType_.5c06641ff1
[0m14:18:58.214543 [debug] [Thread-13 ]: Writing injected SQL for node "test.chinook.relationships_Track__MediaTypeId____MediaTypeId___ref_MediaType_.5c06641ff1"
[0m14:18:58.223103 [debug] [Thread-13 ]: Began executing node test.chinook.relationships_Track__MediaTypeId____MediaTypeId___ref_MediaType_.5c06641ff1
[0m14:18:58.235761 [debug] [Thread-13 ]: Writing runtime sql for node "test.chinook.relationships_Track__MediaTypeId____MediaTypeId___ref_MediaType_.5c06641ff1"
[0m14:18:58.240348 [debug] [Thread-13 ]: Using databricks connection "test.chinook.relationships_Track__MediaTypeId____MediaTypeId___ref_MediaType_.5c06641ff1"
[0m14:18:58.240348 [debug] [Thread-13 ]: On test.chinook.relationships_Track__MediaTypeId____MediaTypeId___ref_MediaType_.5c06641ff1: /* {"app": "dbt", "dbt_version": "1.11.2", "dbt_databricks_version": "1.12.4", "databricks_sql_connector_version": "4.1.3", "profile_name": "chinook", "target_name": "dev", "invocation_id": "f90c5904-5bee-41f0-a69c-29b7f7674600", "node_id": "test.chinook.relationships_Track__MediaTypeId____MediaTypeId___ref_MediaType_.5c06641ff1"} */

    select
      count(*) as failures,
      count(*) != 0 as should_warn,
      count(*) != 0 as should_error
    from (
      
    
  
    
    

with child as (
    select `MediaTypeId` as from_field
    from `uc_sql_server_central`.`data_raw`.`track01`
    where `MediaTypeId` is not null
),

parent as (
    select "MediaTypeId" as to_field
    from `uc_sql_server_central`.`data_raw`.`mediatype01`
)

select
    from_field

from child
left join parent
    on child.from_field = parent.to_field

where parent.to_field is null



  
  
      
    ) dbt_internal_test
[0m14:18:58.241348 [debug] [Thread-13 ]: Opening a new connection, currently in state init
[0m14:18:58.701928 [debug] [Thread-13 ]: Databricks adapter: Connection(session-id=01f1a0b1-7080-1b54-b65b-2815b06e80a8) - Created
[0m14:18:59.253242 [debug] [Thread-13 ]: SQL status: OK in 1.010 seconds
[0m14:18:59.271893 [debug] [Thread-13 ]: Databricks adapter: Cursor(session-id=01f1a0b1-7080-1b54-b65b-2815b06e80a8, command-id=01f1a0b1-708e-16b4-abc5-b80f20ae97a7) - Closing
[0m14:18:59.274885 [debug] [Thread-13 ]: On test.chinook.relationships_Track__MediaTypeId____MediaTypeId___ref_MediaType_.5c06641ff1: Close
[0m14:18:59.276980 [debug] [Thread-13 ]: Databricks adapter: Connection(session-id=01f1a0b1-7080-1b54-b65b-2815b06e80a8) - Closing
[0m14:18:59.384184 [error] [Thread-13 ]: 43 of 59 FAIL 3503 relationships_Track__MediaTypeId____MediaTypeId___ref_MediaType_  [[31mFAIL 3503[0m in 1.23s]
[0m14:18:59.388412 [debug] [Thread-13 ]: Finished running node test.chinook.relationships_Track__MediaTypeId____MediaTypeId___ref_MediaType_.5c06641ff1
[0m14:18:59.389362 [debug] [Thread-13 ]: Began running node test.chinook.unique_Track__TrackId_.fe4679734d
[0m14:18:59.392369 [debug] [Thread-16 ]: Marking all children of 'test.chinook.relationships_Track__MediaTypeId____MediaTypeId___ref_MediaType_.5c06641ff1' to be skipped because of status 'fail'.  Reason: Got 3503 results, configured to fail if != 0.
[0m14:18:59.394408 [info ] [Thread-13 ]: 44 of 59 START test unique_Track__TrackId_ ..................................... [RUN]
[0m14:18:59.397605 [debug] [Thread-13 ]: Databricks adapter: DatabricksDBTConnection(session-id=None, name=test.chinook.unique_Track__TrackId_.fe4679734d) - Creating connection
[0m14:18:59.400919 [debug] [Thread-13 ]: Acquiring new databricks connection 'test.chinook.unique_Track__TrackId_.fe4679734d'
[0m14:18:59.403867 [debug] [Thread-13 ]: Began compiling node test.chinook.unique_Track__TrackId_.fe4679734d
[0m14:18:59.431669 [debug] [Thread-13 ]: Writing injected SQL for node "test.chinook.unique_Track__TrackId_.fe4679734d"
[0m14:18:59.433214 [debug] [Thread-13 ]: Began executing node test.chinook.unique_Track__TrackId_.fe4679734d
[0m14:18:59.440854 [debug] [Thread-13 ]: Writing runtime sql for node "test.chinook.unique_Track__TrackId_.fe4679734d"
[0m14:18:59.442817 [debug] [Thread-13 ]: Using databricks connection "test.chinook.unique_Track__TrackId_.fe4679734d"
[0m14:18:59.443897 [debug] [Thread-13 ]: On test.chinook.unique_Track__TrackId_.fe4679734d: /* {"app": "dbt", "dbt_version": "1.11.2", "dbt_databricks_version": "1.12.4", "databricks_sql_connector_version": "4.1.3", "profile_name": "chinook", "target_name": "dev", "invocation_id": "f90c5904-5bee-41f0-a69c-29b7f7674600", "node_id": "test.chinook.unique_Track__TrackId_.fe4679734d"} */

    select
      count(*) as failures,
      count(*) != 0 as should_warn,
      count(*) != 0 as should_error
    from (
      
    
  
    
    

select
    `TrackId` as unique_field,
    count(*) as n_records

from `uc_sql_server_central`.`data_raw`.`track01`
where `TrackId` is not null
group by `TrackId`
having count(*) > 1



  
  
      
    ) dbt_internal_test
[0m14:18:59.444829 [debug] [Thread-13 ]: Opening a new connection, currently in state init
[0m14:18:59.884126 [debug] [Thread-13 ]: Databricks adapter: Connection(session-id=01f1a0b1-7135-1b9c-bf62-6dadde82ea72) - Created
[0m14:19:00.298993 [debug] [Thread-13 ]: SQL status: OK in 0.850 seconds
[0m14:19:00.307889 [debug] [Thread-13 ]: Databricks adapter: Cursor(session-id=01f1a0b1-7135-1b9c-bf62-6dadde82ea72, command-id=01f1a0b1-7142-1320-8eaf-ffbfb9af64c8) - Closing
[0m14:19:00.310437 [debug] [Thread-13 ]: On test.chinook.unique_Track__TrackId_.fe4679734d: Close
[0m14:19:00.312431 [debug] [Thread-13 ]: Databricks adapter: Connection(session-id=01f1a0b1-7135-1b9c-bf62-6dadde82ea72) - Closing
[0m14:19:00.413068 [info ] [Thread-13 ]: 44 of 59 PASS unique_Track__TrackId_ ........................................... [[32mPASS[0m in 1.02s]
[0m14:19:00.415122 [debug] [Thread-13 ]: Finished running node test.chinook.unique_Track__TrackId_.fe4679734d
[0m14:19:00.415122 [debug] [Thread-13 ]: Began running node snapshot.chinook.Album02
[0m14:19:00.416099 [info ] [Thread-13 ]: 45 of 59 START snapshot data_snapshot.album02 .................................. [RUN]
[0m14:19:00.419469 [debug] [Thread-13 ]: Databricks adapter: DatabricksDBTConnection(session-id=None, name=snapshot.chinook.Album02) - Creating connection
[0m14:19:00.420414 [debug] [Thread-13 ]: Acquiring new databricks connection 'snapshot.chinook.Album02'
[0m14:19:00.421351 [debug] [Thread-13 ]: Began compiling node snapshot.chinook.Album02
[0m14:19:00.444754 [debug] [Thread-13 ]: Began executing node snapshot.chinook.Album02
[0m14:19:00.472669 [debug] [Thread-13 ]: Using databricks connection "snapshot.chinook.Album02"
[0m14:19:00.474245 [debug] [Thread-13 ]: On snapshot.chinook.Album02: /* {"app": "dbt", "dbt_version": "1.11.2", "dbt_databricks_version": "1.12.4", "databricks_sql_connector_version": "4.1.3", "profile_name": "chinook", "target_name": "dev", "invocation_id": "f90c5904-5bee-41f0-a69c-29b7f7674600", "node_id": "snapshot.chinook.Album02"} */
SELECT
    table_catalog,
    table_schema,
    table_name,
    filter_name,
    target_columns
  FROM `uc_sql_server_central`.`information_schema`.`row_filters`
  WHERE table_catalog = 'uc_sql_server_central'
    AND table_schema = 'data_snapshot'
    AND table_name = 'album02'
[0m14:19:00.477005 [debug] [Thread-13 ]: Opening a new connection, currently in state init
[0m14:19:00.939513 [debug] [Thread-13 ]: Databricks adapter: Connection(session-id=01f1a0b1-71d4-1aeb-9af1-0f46a68cdb65) - Created
[0m14:19:01.407461 [debug] [Thread-13 ]: SQL status: OK in 0.930 seconds
[0m14:19:01.413461 [debug] [Thread-13 ]: Databricks adapter: Cursor(session-id=01f1a0b1-71d4-1aeb-9af1-0f46a68cdb65, command-id=01f1a0b1-71e4-10b9-918b-c695e2899042) - Closing
[0m14:19:01.418026 [debug] [Thread-13 ]: Using databricks connection "snapshot.chinook.Album02"
[0m14:19:01.420028 [debug] [Thread-13 ]: On snapshot.chinook.Album02: /* {"app": "dbt", "dbt_version": "1.11.2", "dbt_databricks_version": "1.12.4", "databricks_sql_connector_version": "4.1.3", "profile_name": "chinook", "target_name": "dev", "invocation_id": "f90c5904-5bee-41f0-a69c-29b7f7674600", "node_id": "snapshot.chinook.Album02"} */
select * from (
        select *,
        md5(coalesce(cast(`AlbumId` as string ), '')
         || '|' || coalesce(cast(
    current_timestamp()
 as string ), '')
        ) as dbt_scd_id,
        
    current_timestamp()
 as dbt_updated_at,
        
    current_timestamp()
 as dbt_valid_from,
        
  
  coalesce(nullif(
    current_timestamp()
, 
    current_timestamp()
), null)
  as dbt_valid_to

    from (
        select * from `uc_sql_server_central`.`data_raw`.`album01`
    ) sbq


    ) as __dbt_sbq
    where false
    limit 0

[0m14:19:01.671243 [debug] [Thread-13 ]: SQL status: OK in 0.250 seconds
[0m14:19:01.675772 [debug] [Thread-13 ]: Using databricks connection "snapshot.chinook.Album02"
[0m14:19:01.677511 [debug] [Thread-13 ]: On snapshot.chinook.Album02: /* {"app": "dbt", "dbt_version": "1.11.2", "dbt_databricks_version": "1.12.4", "databricks_sql_connector_version": "4.1.3", "profile_name": "chinook", "target_name": "dev", "invocation_id": "f90c5904-5bee-41f0-a69c-29b7f7674600", "node_id": "snapshot.chinook.Album02"} */
select * from (
        select 
    current_timestamp()
 as dbt_snapshot_time
    ) as __dbt_sbq
    where false
    limit 0

[0m14:19:01.680604 [debug] [Thread-13 ]: Databricks adapter: Cursor(session-id=01f1a0b1-71d4-1aeb-9af1-0f46a68cdb65, command-id=01f1a0b1-722d-115e-b8a5-74359aa5d17a) - Closing
[0m14:19:02.066182 [debug] [Thread-13 ]: SQL status: OK in 0.390 seconds
[0m14:19:02.068752 [debug] [Thread-13 ]: Writing runtime sql for node "snapshot.chinook.Album02"
[0m14:19:02.072760 [debug] [Thread-13 ]: Using databricks connection "snapshot.chinook.Album02"
[0m14:19:02.074702 [debug] [Thread-13 ]: On snapshot.chinook.Album02: /* {"app": "dbt", "dbt_version": "1.11.2", "dbt_databricks_version": "1.12.4", "databricks_sql_connector_version": "4.1.3", "profile_name": "chinook", "target_name": "dev", "invocation_id": "f90c5904-5bee-41f0-a69c-29b7f7674600", "node_id": "snapshot.chinook.Album02"} */

      
  
    
        create or replace table `uc_sql_server_central`.`data_snapshot`.`album02`
      
      
    using delta
  
      
      
      
      
      
      
      
      
      as
      select *,
        md5(coalesce(cast(`AlbumId` as string ), '')
         || '|' || coalesce(cast(
    current_timestamp()
 as string ), '')
        ) as dbt_scd_id,
        
    current_timestamp()
 as dbt_updated_at,
        
    current_timestamp()
 as dbt_valid_from,
        
  
  coalesce(nullif(
    current_timestamp()
, 
    current_timestamp()
), null)
  as dbt_valid_to

    from (
        select * from `uc_sql_server_central`.`data_raw`.`album01`
    ) sbq


  
  
[0m14:19:02.078261 [debug] [Thread-13 ]: Databricks adapter: Cursor(session-id=01f1a0b1-71d4-1aeb-9af1-0f46a68cdb65, command-id=01f1a0b1-7256-1327-aea3-4127c9f221ba) - Closing
[0m14:19:03.920967 [debug] [Thread-13 ]: SQL status: OK in 1.840 seconds
[0m14:19:03.922964 [debug] [Thread-13 ]: Databricks adapter: Cursor(session-id=01f1a0b1-71d4-1aeb-9af1-0f46a68cdb65, command-id=01f1a0b1-7293-12fb-8000-c743afef08c6) - Closing
[0m14:19:03.926467 [debug] [Thread-13 ]: On snapshot.chinook.Album02: Close
[0m14:19:03.928471 [debug] [Thread-13 ]: Databricks adapter: Connection(session-id=01f1a0b1-71d4-1aeb-9af1-0f46a68cdb65) - Closing
[0m14:19:04.038452 [debug] [Thread-13 ]: Sending event: {'category': 'dbt', 'action': 'run_model', 'label': 'f90c5904-5bee-41f0-a69c-29b7f7674600', 'context': [<snowplow_tracker.self_describing_json.SelfDescribingJson object at 0x0000023516613740>]}
[0m14:19:04.039451 [info ] [Thread-13 ]: 45 of 59 OK snapshotted data_snapshot.album02 .................................. [[32mOK[0m in 3.62s]
[0m14:19:04.040448 [debug] [Thread-13 ]: Finished running node snapshot.chinook.Album02
[0m14:19:04.041454 [debug] [Thread-13 ]: Began running node snapshot.chinook.Artist02
[0m14:19:04.041454 [info ] [Thread-13 ]: 46 of 59 START snapshot data_snapshot.artist02 ................................. [RUN]
[0m14:19:04.043447 [debug] [Thread-13 ]: Databricks adapter: DatabricksDBTConnection(session-id=None, name=snapshot.chinook.Artist02) - Creating connection
[0m14:19:04.044445 [debug] [Thread-13 ]: Acquiring new databricks connection 'snapshot.chinook.Artist02'
[0m14:19:04.044445 [debug] [Thread-13 ]: Began compiling node snapshot.chinook.Artist02
[0m14:19:04.060091 [debug] [Thread-13 ]: Began executing node snapshot.chinook.Artist02
[0m14:19:04.073405 [debug] [Thread-13 ]: Using databricks connection "snapshot.chinook.Artist02"
[0m14:19:04.075916 [debug] [Thread-13 ]: On snapshot.chinook.Artist02: /* {"app": "dbt", "dbt_version": "1.11.2", "dbt_databricks_version": "1.12.4", "databricks_sql_connector_version": "4.1.3", "profile_name": "chinook", "target_name": "dev", "invocation_id": "f90c5904-5bee-41f0-a69c-29b7f7674600", "node_id": "snapshot.chinook.Artist02"} */
SELECT
    table_catalog,
    table_schema,
    table_name,
    filter_name,
    target_columns
  FROM `uc_sql_server_central`.`information_schema`.`row_filters`
  WHERE table_catalog = 'uc_sql_server_central'
    AND table_schema = 'data_snapshot'
    AND table_name = 'artist02'
[0m14:19:04.078691 [debug] [Thread-13 ]: Opening a new connection, currently in state init
[0m14:19:04.567592 [debug] [Thread-13 ]: Databricks adapter: Connection(session-id=01f1a0b1-73fb-1983-9fc9-11b8ca22a328) - Created
[0m14:19:05.045725 [debug] [Thread-13 ]: SQL status: OK in 0.970 seconds
[0m14:19:05.049545 [debug] [Thread-13 ]: Databricks adapter: Cursor(session-id=01f1a0b1-73fb-1983-9fc9-11b8ca22a328, command-id=01f1a0b1-740c-1a19-945e-5fe22acde985) - Closing
[0m14:19:05.051547 [debug] [Thread-13 ]: Using databricks connection "snapshot.chinook.Artist02"
[0m14:19:05.051547 [debug] [Thread-13 ]: On snapshot.chinook.Artist02: /* {"app": "dbt", "dbt_version": "1.11.2", "dbt_databricks_version": "1.12.4", "databricks_sql_connector_version": "4.1.3", "profile_name": "chinook", "target_name": "dev", "invocation_id": "f90c5904-5bee-41f0-a69c-29b7f7674600", "node_id": "snapshot.chinook.Artist02"} */
select * from (
        select *,
        md5(coalesce(cast(`ArtistId` as string ), '')
         || '|' || coalesce(cast(
    current_timestamp()
 as string ), '')
        ) as dbt_scd_id,
        
    current_timestamp()
 as dbt_updated_at,
        
    current_timestamp()
 as dbt_valid_from,
        
  
  coalesce(nullif(
    current_timestamp()
, 
    current_timestamp()
), null)
  as dbt_valid_to

    from (
        select * from `uc_sql_server_central`.`data_raw`.`artist01`
    ) sbq


    ) as __dbt_sbq
    where false
    limit 0

[0m14:19:05.275908 [debug] [Thread-13 ]: SQL status: OK in 0.220 seconds
[0m14:19:05.278923 [debug] [Thread-13 ]: Using databricks connection "snapshot.chinook.Artist02"
[0m14:19:05.279966 [debug] [Thread-13 ]: On snapshot.chinook.Artist02: /* {"app": "dbt", "dbt_version": "1.11.2", "dbt_databricks_version": "1.12.4", "databricks_sql_connector_version": "4.1.3", "profile_name": "chinook", "target_name": "dev", "invocation_id": "f90c5904-5bee-41f0-a69c-29b7f7674600", "node_id": "snapshot.chinook.Artist02"} */
select * from (
        select 
    current_timestamp()
 as dbt_snapshot_time
    ) as __dbt_sbq
    where false
    limit 0

[0m14:19:05.280977 [debug] [Thread-13 ]: Databricks adapter: Cursor(session-id=01f1a0b1-73fb-1983-9fc9-11b8ca22a328, command-id=01f1a0b1-7455-1d53-b8be-ad4af6162d44) - Closing
[0m14:19:05.433346 [debug] [Thread-13 ]: SQL status: OK in 0.150 seconds
[0m14:19:05.434347 [debug] [Thread-13 ]: Writing runtime sql for node "snapshot.chinook.Artist02"
[0m14:19:05.438923 [debug] [Thread-13 ]: Using databricks connection "snapshot.chinook.Artist02"
[0m14:19:05.440953 [debug] [Thread-13 ]: On snapshot.chinook.Artist02: /* {"app": "dbt", "dbt_version": "1.11.2", "dbt_databricks_version": "1.12.4", "databricks_sql_connector_version": "4.1.3", "profile_name": "chinook", "target_name": "dev", "invocation_id": "f90c5904-5bee-41f0-a69c-29b7f7674600", "node_id": "snapshot.chinook.Artist02"} */

      
  
    
        create or replace table `uc_sql_server_central`.`data_snapshot`.`artist02`
      
      
    using delta
  
      
      
      
      
      
      
      
      
      as
      select *,
        md5(coalesce(cast(`ArtistId` as string ), '')
         || '|' || coalesce(cast(
    current_timestamp()
 as string ), '')
        ) as dbt_scd_id,
        
    current_timestamp()
 as dbt_updated_at,
        
    current_timestamp()
 as dbt_valid_from,
        
  
  coalesce(nullif(
    current_timestamp()
, 
    current_timestamp()
), null)
  as dbt_valid_to

    from (
        select * from `uc_sql_server_central`.`data_raw`.`artist01`
    ) sbq


  
  
[0m14:19:05.441973 [debug] [Thread-13 ]: Databricks adapter: Cursor(session-id=01f1a0b1-73fb-1983-9fc9-11b8ca22a328, command-id=01f1a0b1-747a-184c-adf5-829ec5921fae) - Closing
[0m14:19:07.309300 [debug] [Thread-13 ]: SQL status: OK in 1.870 seconds
[0m14:19:07.313362 [debug] [Thread-13 ]: Databricks adapter: Cursor(session-id=01f1a0b1-73fb-1983-9fc9-11b8ca22a328, command-id=01f1a0b1-7494-153b-8675-a00816da0f6c) - Closing
[0m14:19:07.318637 [debug] [Thread-13 ]: On snapshot.chinook.Artist02: Close
[0m14:19:07.321672 [debug] [Thread-13 ]: Databricks adapter: Connection(session-id=01f1a0b1-73fb-1983-9fc9-11b8ca22a328) - Closing
[0m14:19:07.411149 [debug] [Thread-13 ]: Sending event: {'category': 'dbt', 'action': 'run_model', 'label': 'f90c5904-5bee-41f0-a69c-29b7f7674600', 'context': [<snowplow_tracker.self_describing_json.SelfDescribingJson object at 0x00000235165F8BF0>]}
[0m14:19:07.414147 [info ] [Thread-13 ]: 46 of 59 OK snapshotted data_snapshot.artist02 ................................. [[32mOK[0m in 3.37s]
[0m14:19:07.417625 [debug] [Thread-13 ]: Finished running node snapshot.chinook.Artist02
[0m14:19:07.420640 [debug] [Thread-13 ]: Began running node model.chinook.Customer02
[0m14:19:07.422639 [info ] [Thread-13 ]: 47 of 59 START sql incremental model data_stage.customer02 ..................... [RUN]
[0m14:19:07.427989 [debug] [Thread-13 ]: Databricks adapter: DatabricksDBTConnection(session-id=None, name=model.chinook.Customer02) - Creating connection
[0m14:19:07.430283 [debug] [Thread-13 ]: Acquiring new databricks connection 'model.chinook.Customer02'
[0m14:19:07.432885 [debug] [Thread-13 ]: Began compiling node model.chinook.Customer02
[0m14:19:07.447950 [debug] [Thread-13 ]: Writing injected SQL for node "model.chinook.Customer02"
[0m14:19:07.454945 [debug] [Thread-13 ]: Began executing node model.chinook.Customer02
[0m14:19:07.557338 [debug] [Thread-13 ]: MATERIALIZING INCREMENTAL
[0m14:19:07.585737 [debug] [Thread-13 ]: Using databricks connection "model.chinook.Customer02"
[0m14:19:07.588563 [debug] [Thread-13 ]: On model.chinook.Customer02: /* {"app": "dbt", "dbt_version": "1.11.2", "dbt_databricks_version": "1.12.4", "databricks_sql_connector_version": "4.1.3", "profile_name": "chinook", "target_name": "dev", "invocation_id": "f90c5904-5bee-41f0-a69c-29b7f7674600", "node_id": "model.chinook.Customer02"} */
SELECT
    table_catalog,
    table_schema,
    table_name,
    filter_name,
    target_columns
  FROM `uc_sql_server_central`.`information_schema`.`row_filters`
  WHERE table_catalog = 'uc_sql_server_central'
    AND table_schema = 'data_stage'
    AND table_name = 'customer02'
[0m14:19:07.591520 [debug] [Thread-13 ]: Opening a new connection, currently in state init
[0m14:19:07.950996 [debug] [Thread-13 ]: Databricks adapter: Connection(session-id=01f1a0b1-7604-16e1-adaa-80e9ada222c0) - Created
[0m14:19:08.480463 [debug] [Thread-13 ]: SQL status: OK in 0.890 seconds
[0m14:19:08.496625 [debug] [Thread-13 ]: Databricks adapter: Cursor(session-id=01f1a0b1-7604-16e1-adaa-80e9ada222c0, command-id=01f1a0b1-761c-1334-8e99-6c1b783795b3) - Closing
[0m14:19:08.499656 [debug] [Thread-13 ]: Writing runtime sql for node "model.chinook.Customer02"
[0m14:19:08.501651 [debug] [Thread-13 ]: Using databricks connection "model.chinook.Customer02"
[0m14:19:08.503660 [debug] [Thread-13 ]: On model.chinook.Customer02: /* {"app": "dbt", "dbt_version": "1.11.2", "dbt_databricks_version": "1.12.4", "databricks_sql_connector_version": "4.1.3", "profile_name": "chinook", "target_name": "dev", "invocation_id": "f90c5904-5bee-41f0-a69c-29b7f7674600", "node_id": "model.chinook.Customer02"} */

  
    
        create or replace table `uc_sql_server_central`.`data_stage`.`customer02`
      
      
    using delta
  
      
      
      
      
      
      
      
      
      as
      select
    *
from `uc_sql_server_central`.`data_raw`.`customer01`
  
[0m14:19:10.282973 [debug] [Thread-13 ]: SQL status: OK in 1.780 seconds
[0m14:19:10.285961 [debug] [Thread-13 ]: Databricks adapter: Cursor(session-id=01f1a0b1-7604-16e1-adaa-80e9ada222c0, command-id=01f1a0b1-7665-1ab0-abbe-6a33e56053f3) - Closing
[0m14:19:10.288107 [debug] [Thread-13 ]: Applying tags to relation None
[0m14:19:10.293087 [debug] [Thread-13 ]: On model.chinook.Customer02: Close
[0m14:19:10.295087 [debug] [Thread-13 ]: Databricks adapter: Connection(session-id=01f1a0b1-7604-16e1-adaa-80e9ada222c0) - Closing
[0m14:19:10.394125 [debug] [Thread-13 ]: Sending event: {'category': 'dbt', 'action': 'run_model', 'label': 'f90c5904-5bee-41f0-a69c-29b7f7674600', 'context': [<snowplow_tracker.self_describing_json.SelfDescribingJson object at 0x0000023516615F70>]}
[0m14:19:10.395089 [info ] [Thread-13 ]: 47 of 59 OK created sql incremental model data_stage.customer02 ................ [[32mOK[0m in 2.97s]
[0m14:19:10.396613 [debug] [Thread-13 ]: Finished running node model.chinook.Customer02
[0m14:19:10.396613 [debug] [Thread-13 ]: Began running node snapshot.chinook.Employee02
[0m14:19:10.397716 [info ] [Thread-13 ]: 48 of 59 START snapshot data_snapshot.employee02 ............................... [RUN]
[0m14:19:10.399681 [debug] [Thread-13 ]: Databricks adapter: DatabricksDBTConnection(session-id=None, name=snapshot.chinook.Employee02) - Creating connection
[0m14:19:10.399681 [debug] [Thread-13 ]: Acquiring new databricks connection 'snapshot.chinook.Employee02'
[0m14:19:10.400712 [debug] [Thread-13 ]: Began compiling node snapshot.chinook.Employee02
[0m14:19:10.408214 [debug] [Thread-13 ]: Began executing node snapshot.chinook.Employee02
[0m14:19:10.413278 [debug] [Thread-13 ]: Using databricks connection "snapshot.chinook.Employee02"
[0m14:19:10.414223 [debug] [Thread-13 ]: On snapshot.chinook.Employee02: /* {"app": "dbt", "dbt_version": "1.11.2", "dbt_databricks_version": "1.12.4", "databricks_sql_connector_version": "4.1.3", "profile_name": "chinook", "target_name": "dev", "invocation_id": "f90c5904-5bee-41f0-a69c-29b7f7674600", "node_id": "snapshot.chinook.Employee02"} */
SELECT
    table_catalog,
    table_schema,
    table_name,
    filter_name,
    target_columns
  FROM `uc_sql_server_central`.`information_schema`.`row_filters`
  WHERE table_catalog = 'uc_sql_server_central'
    AND table_schema = 'data_snapshot'
    AND table_name = 'employee02'
[0m14:19:10.414223 [debug] [Thread-13 ]: Opening a new connection, currently in state init
[0m14:19:10.811190 [debug] [Thread-13 ]: Databricks adapter: Connection(session-id=01f1a0b1-77b8-19e1-8e7d-c2ad072d1322) - Created
[0m14:19:11.271518 [debug] [Thread-13 ]: SQL status: OK in 0.860 seconds
[0m14:19:11.273587 [debug] [Thread-13 ]: Databricks adapter: Cursor(session-id=01f1a0b1-77b8-19e1-8e7d-c2ad072d1322, command-id=01f1a0b1-77c6-12d2-8184-5b113e15acd8) - Closing
[0m14:19:11.276076 [debug] [Thread-13 ]: Using databricks connection "snapshot.chinook.Employee02"
[0m14:19:11.277123 [debug] [Thread-13 ]: On snapshot.chinook.Employee02: /* {"app": "dbt", "dbt_version": "1.11.2", "dbt_databricks_version": "1.12.4", "databricks_sql_connector_version": "4.1.3", "profile_name": "chinook", "target_name": "dev", "invocation_id": "f90c5904-5bee-41f0-a69c-29b7f7674600", "node_id": "snapshot.chinook.Employee02"} */
select * from (
        select *,
        md5(coalesce(cast(`EmployeeId` as string ), '')
         || '|' || coalesce(cast(
    current_timestamp()
 as string ), '')
        ) as dbt_scd_id,
        
    current_timestamp()
 as dbt_updated_at,
        
    current_timestamp()
 as dbt_valid_from,
        
  
  coalesce(nullif(
    current_timestamp()
, 
    current_timestamp()
), null)
  as dbt_valid_to

    from (
        select * from `uc_sql_server_central`.`data_raw`.`employee01`
    ) sbq


    ) as __dbt_sbq
    where false
    limit 0

[0m14:19:11.536082 [debug] [Thread-13 ]: SQL status: OK in 0.260 seconds
[0m14:19:11.539145 [debug] [Thread-13 ]: Using databricks connection "snapshot.chinook.Employee02"
[0m14:19:11.541102 [debug] [Thread-13 ]: On snapshot.chinook.Employee02: /* {"app": "dbt", "dbt_version": "1.11.2", "dbt_databricks_version": "1.12.4", "databricks_sql_connector_version": "4.1.3", "profile_name": "chinook", "target_name": "dev", "invocation_id": "f90c5904-5bee-41f0-a69c-29b7f7674600", "node_id": "snapshot.chinook.Employee02"} */
select * from (
        select 
    current_timestamp()
 as dbt_snapshot_time
    ) as __dbt_sbq
    where false
    limit 0

[0m14:19:11.543160 [debug] [Thread-13 ]: Databricks adapter: Cursor(session-id=01f1a0b1-77b8-19e1-8e7d-c2ad072d1322, command-id=01f1a0b1-780c-132a-b387-f2a2140fb84d) - Closing
[0m14:19:11.700310 [debug] [Thread-13 ]: SQL status: OK in 0.160 seconds
[0m14:19:11.702295 [debug] [Thread-13 ]: Writing runtime sql for node "snapshot.chinook.Employee02"
[0m14:19:11.706832 [debug] [Thread-13 ]: Using databricks connection "snapshot.chinook.Employee02"
[0m14:19:11.708863 [debug] [Thread-13 ]: On snapshot.chinook.Employee02: /* {"app": "dbt", "dbt_version": "1.11.2", "dbt_databricks_version": "1.12.4", "databricks_sql_connector_version": "4.1.3", "profile_name": "chinook", "target_name": "dev", "invocation_id": "f90c5904-5bee-41f0-a69c-29b7f7674600", "node_id": "snapshot.chinook.Employee02"} */

      
  
    
        create or replace table `uc_sql_server_central`.`data_snapshot`.`employee02`
      
      
    using delta
  
      
      
      
      
      
      
      
      
      as
      select *,
        md5(coalesce(cast(`EmployeeId` as string ), '')
         || '|' || coalesce(cast(
    current_timestamp()
 as string ), '')
        ) as dbt_scd_id,
        
    current_timestamp()
 as dbt_updated_at,
        
    current_timestamp()
 as dbt_valid_from,
        
  
  coalesce(nullif(
    current_timestamp()
, 
    current_timestamp()
), null)
  as dbt_valid_to

    from (
        select * from `uc_sql_server_central`.`data_raw`.`employee01`
    ) sbq


  
  
[0m14:19:11.709861 [debug] [Thread-13 ]: Databricks adapter: Cursor(session-id=01f1a0b1-77b8-19e1-8e7d-c2ad072d1322, command-id=01f1a0b1-7834-195a-9ec8-780b9093d6ab) - Closing
[0m14:19:13.630338 [debug] [Thread-13 ]: SQL status: OK in 1.920 seconds
[0m14:19:13.632339 [debug] [Thread-13 ]: Databricks adapter: Cursor(session-id=01f1a0b1-77b8-19e1-8e7d-c2ad072d1322, command-id=01f1a0b1-7850-1bfc-b03e-8fdb2bee0753) - Closing
[0m14:19:13.637543 [debug] [Thread-13 ]: On snapshot.chinook.Employee02: Close
[0m14:19:13.640561 [debug] [Thread-13 ]: Databricks adapter: Connection(session-id=01f1a0b1-77b8-19e1-8e7d-c2ad072d1322) - Closing
[0m14:19:13.746524 [debug] [Thread-13 ]: Sending event: {'category': 'dbt', 'action': 'run_model', 'label': 'f90c5904-5bee-41f0-a69c-29b7f7674600', 'context': [<snowplow_tracker.self_describing_json.SelfDescribingJson object at 0x0000023515A87D10>]}
[0m14:19:13.747030 [info ] [Thread-13 ]: 48 of 59 OK snapshotted data_snapshot.employee02 ............................... [[32mOK[0m in 3.35s]
[0m14:19:13.748036 [debug] [Thread-13 ]: Finished running node snapshot.chinook.Employee02
[0m14:19:13.749045 [debug] [Thread-13 ]: Began running node snapshot.chinook.Genre02
[0m14:19:13.750037 [info ] [Thread-13 ]: 49 of 59 START snapshot data_snapshot.genre02 .................................. [RUN]
[0m14:19:13.750037 [debug] [Thread-13 ]: Databricks adapter: DatabricksDBTConnection(session-id=None, name=snapshot.chinook.Genre02) - Creating connection
[0m14:19:13.750037 [debug] [Thread-13 ]: Acquiring new databricks connection 'snapshot.chinook.Genre02'
[0m14:19:13.750037 [debug] [Thread-13 ]: Began compiling node snapshot.chinook.Genre02
[0m14:19:13.754671 [debug] [Thread-13 ]: Began executing node snapshot.chinook.Genre02
[0m14:19:13.759284 [debug] [Thread-13 ]: Using databricks connection "snapshot.chinook.Genre02"
[0m14:19:13.761235 [debug] [Thread-13 ]: On snapshot.chinook.Genre02: /* {"app": "dbt", "dbt_version": "1.11.2", "dbt_databricks_version": "1.12.4", "databricks_sql_connector_version": "4.1.3", "profile_name": "chinook", "target_name": "dev", "invocation_id": "f90c5904-5bee-41f0-a69c-29b7f7674600", "node_id": "snapshot.chinook.Genre02"} */
SELECT
    table_catalog,
    table_schema,
    table_name,
    filter_name,
    target_columns
  FROM `uc_sql_server_central`.`information_schema`.`row_filters`
  WHERE table_catalog = 'uc_sql_server_central'
    AND table_schema = 'data_snapshot'
    AND table_name = 'genre02'
[0m14:19:13.762754 [debug] [Thread-13 ]: Opening a new connection, currently in state init
[0m14:19:14.202524 [debug] [Thread-13 ]: Databricks adapter: Connection(session-id=01f1a0b1-79be-1217-b2a5-4fbf18499439) - Created
[0m14:19:14.662601 [debug] [Thread-13 ]: SQL status: OK in 0.900 seconds
[0m14:19:14.671149 [debug] [Thread-13 ]: Databricks adapter: Cursor(session-id=01f1a0b1-79be-1217-b2a5-4fbf18499439, command-id=01f1a0b1-79cc-127a-831c-bbe8f7a70fae) - Closing
[0m14:19:14.676154 [debug] [Thread-13 ]: Using databricks connection "snapshot.chinook.Genre02"
[0m14:19:14.678209 [debug] [Thread-13 ]: On snapshot.chinook.Genre02: /* {"app": "dbt", "dbt_version": "1.11.2", "dbt_databricks_version": "1.12.4", "databricks_sql_connector_version": "4.1.3", "profile_name": "chinook", "target_name": "dev", "invocation_id": "f90c5904-5bee-41f0-a69c-29b7f7674600", "node_id": "snapshot.chinook.Genre02"} */
select * from (
        select *,
        md5(coalesce(cast(`GenreId` as string ), '')
         || '|' || coalesce(cast(
    current_timestamp()
 as string ), '')
        ) as dbt_scd_id,
        
    current_timestamp()
 as dbt_updated_at,
        
    current_timestamp()
 as dbt_valid_from,
        
  
  coalesce(nullif(
    current_timestamp()
, 
    current_timestamp()
), null)
  as dbt_valid_to

    from (
        select * from `uc_sql_server_central`.`data_raw`.`genre01`
    ) sbq


    ) as __dbt_sbq
    where false
    limit 0

[0m14:19:14.944173 [debug] [Thread-13 ]: SQL status: OK in 0.260 seconds
[0m14:19:14.945170 [debug] [Thread-13 ]: Using databricks connection "snapshot.chinook.Genre02"
[0m14:19:14.946170 [debug] [Thread-13 ]: On snapshot.chinook.Genre02: /* {"app": "dbt", "dbt_version": "1.11.2", "dbt_databricks_version": "1.12.4", "databricks_sql_connector_version": "4.1.3", "profile_name": "chinook", "target_name": "dev", "invocation_id": "f90c5904-5bee-41f0-a69c-29b7f7674600", "node_id": "snapshot.chinook.Genre02"} */
select * from (
        select 
    current_timestamp()
 as dbt_snapshot_time
    ) as __dbt_sbq
    where false
    limit 0

[0m14:19:14.946170 [debug] [Thread-13 ]: Databricks adapter: Cursor(session-id=01f1a0b1-79be-1217-b2a5-4fbf18499439, command-id=01f1a0b1-7a15-140f-b363-c029ab1976aa) - Closing
[0m14:19:15.094333 [debug] [Thread-13 ]: SQL status: OK in 0.150 seconds
[0m14:19:15.094333 [debug] [Thread-13 ]: Writing runtime sql for node "snapshot.chinook.Genre02"
[0m14:19:15.099093 [debug] [Thread-13 ]: Using databricks connection "snapshot.chinook.Genre02"
[0m14:19:15.100096 [debug] [Thread-13 ]: On snapshot.chinook.Genre02: /* {"app": "dbt", "dbt_version": "1.11.2", "dbt_databricks_version": "1.12.4", "databricks_sql_connector_version": "4.1.3", "profile_name": "chinook", "target_name": "dev", "invocation_id": "f90c5904-5bee-41f0-a69c-29b7f7674600", "node_id": "snapshot.chinook.Genre02"} */

      
  
    
        create or replace table `uc_sql_server_central`.`data_snapshot`.`genre02`
      
      
    using delta
  
      
      
      
      
      
      
      
      
      as
      select *,
        md5(coalesce(cast(`GenreId` as string ), '')
         || '|' || coalesce(cast(
    current_timestamp()
 as string ), '')
        ) as dbt_scd_id,
        
    current_timestamp()
 as dbt_updated_at,
        
    current_timestamp()
 as dbt_valid_from,
        
  
  coalesce(nullif(
    current_timestamp()
, 
    current_timestamp()
), null)
  as dbt_valid_to

    from (
        select * from `uc_sql_server_central`.`data_raw`.`genre01`
    ) sbq


  
  
[0m14:19:15.101122 [debug] [Thread-13 ]: Databricks adapter: Cursor(session-id=01f1a0b1-79be-1217-b2a5-4fbf18499439, command-id=01f1a0b1-7a3b-1fd2-bb2a-a00f1c5998c2) - Closing
[0m14:19:16.957042 [debug] [Thread-13 ]: SQL status: OK in 1.860 seconds
[0m14:19:16.960039 [debug] [Thread-13 ]: Databricks adapter: Cursor(session-id=01f1a0b1-79be-1217-b2a5-4fbf18499439, command-id=01f1a0b1-7a55-16d9-8bf0-9ca0c083e79c) - Closing
[0m14:19:16.969256 [debug] [Thread-13 ]: On snapshot.chinook.Genre02: Close
[0m14:19:16.972449 [debug] [Thread-13 ]: Databricks adapter: Connection(session-id=01f1a0b1-79be-1217-b2a5-4fbf18499439) - Closing
[0m14:19:17.078560 [debug] [Thread-13 ]: Sending event: {'category': 'dbt', 'action': 'run_model', 'label': 'f90c5904-5bee-41f0-a69c-29b7f7674600', 'context': [<snowplow_tracker.self_describing_json.SelfDescribingJson object at 0x000002351663BE00>]}
[0m14:19:17.080603 [info ] [Thread-13 ]: 49 of 59 OK snapshotted data_snapshot.genre02 .................................. [[32mOK[0m in 3.33s]
[0m14:19:17.083602 [debug] [Thread-13 ]: Finished running node snapshot.chinook.Genre02
[0m14:19:17.084592 [debug] [Thread-13 ]: Began running node model.chinook.Invoice02
[0m14:19:17.088179 [info ] [Thread-13 ]: 50 of 59 START sql incremental model data_stage.invoice02 ...................... [RUN]
[0m14:19:17.092000 [debug] [Thread-13 ]: Databricks adapter: DatabricksDBTConnection(session-id=None, name=model.chinook.Invoice02) - Creating connection
[0m14:19:17.093021 [debug] [Thread-13 ]: Acquiring new databricks connection 'model.chinook.Invoice02'
[0m14:19:17.095084 [debug] [Thread-13 ]: Began compiling node model.chinook.Invoice02
[0m14:19:17.115809 [debug] [Thread-13 ]: Writing injected SQL for node "model.chinook.Invoice02"
[0m14:19:17.120819 [debug] [Thread-13 ]: Began executing node model.chinook.Invoice02
[0m14:19:17.137965 [debug] [Thread-13 ]: MATERIALIZING INCREMENTAL
[0m14:19:17.149529 [debug] [Thread-13 ]: Using databricks connection "model.chinook.Invoice02"
[0m14:19:17.152540 [debug] [Thread-13 ]: On model.chinook.Invoice02: /* {"app": "dbt", "dbt_version": "1.11.2", "dbt_databricks_version": "1.12.4", "databricks_sql_connector_version": "4.1.3", "profile_name": "chinook", "target_name": "dev", "invocation_id": "f90c5904-5bee-41f0-a69c-29b7f7674600", "node_id": "model.chinook.Invoice02"} */
SELECT
    table_catalog,
    table_schema,
    table_name,
    filter_name,
    target_columns
  FROM `uc_sql_server_central`.`information_schema`.`row_filters`
  WHERE table_catalog = 'uc_sql_server_central'
    AND table_schema = 'data_stage'
    AND table_name = 'invoice02'
[0m14:19:17.157117 [debug] [Thread-13 ]: Opening a new connection, currently in state init
[0m14:19:17.528138 [debug] [Thread-13 ]: Databricks adapter: Connection(session-id=01f1a0b1-7bb9-18ab-af36-d3768055c1d2) - Created
[0m14:19:17.978817 [debug] [Thread-13 ]: SQL status: OK in 0.820 seconds
[0m14:19:17.988418 [debug] [Thread-13 ]: Databricks adapter: Cursor(session-id=01f1a0b1-7bb9-18ab-af36-d3768055c1d2, command-id=01f1a0b1-7bc7-14cf-b728-0ece3e9e4599) - Closing
[0m14:19:17.990420 [debug] [Thread-13 ]: Writing runtime sql for node "model.chinook.Invoice02"
[0m14:19:17.991419 [debug] [Thread-13 ]: Using databricks connection "model.chinook.Invoice02"
[0m14:19:17.992420 [debug] [Thread-13 ]: On model.chinook.Invoice02: /* {"app": "dbt", "dbt_version": "1.11.2", "dbt_databricks_version": "1.12.4", "databricks_sql_connector_version": "4.1.3", "profile_name": "chinook", "target_name": "dev", "invocation_id": "f90c5904-5bee-41f0-a69c-29b7f7674600", "node_id": "model.chinook.Invoice02"} */

  
    
        create or replace table `uc_sql_server_central`.`data_stage`.`invoice02`
      
      
    using delta
  
      
      
      
      
      
      
      
      
      as
      select
    *
from `uc_sql_server_central`.`data_raw`.`invoice01`
  
[0m14:19:19.789910 [debug] [Thread-13 ]: SQL status: OK in 1.800 seconds
[0m14:19:19.791908 [debug] [Thread-13 ]: Databricks adapter: Cursor(session-id=01f1a0b1-7bb9-18ab-af36-d3768055c1d2, command-id=01f1a0b1-7c0c-181b-b5e3-37932b39f130) - Closing
[0m14:19:19.793911 [debug] [Thread-13 ]: Applying tags to relation None
[0m14:19:19.799465 [debug] [Thread-13 ]: On model.chinook.Invoice02: Close
[0m14:19:19.800465 [debug] [Thread-13 ]: Databricks adapter: Connection(session-id=01f1a0b1-7bb9-18ab-af36-d3768055c1d2) - Closing
[0m14:19:19.905849 [debug] [Thread-13 ]: Sending event: {'category': 'dbt', 'action': 'run_model', 'label': 'f90c5904-5bee-41f0-a69c-29b7f7674600', 'context': [<snowplow_tracker.self_describing_json.SelfDescribingJson object at 0x0000023516171370>]}
[0m14:19:19.909679 [info ] [Thread-13 ]: 50 of 59 OK created sql incremental model data_stage.invoice02 ................. [[32mOK[0m in 2.81s]
[0m14:19:19.913632 [debug] [Thread-13 ]: Finished running node model.chinook.Invoice02
[0m14:19:19.916175 [debug] [Thread-13 ]: Began running node model.chinook.InvoiceLine02
[0m14:19:19.920257 [info ] [Thread-13 ]: 51 of 59 START sql incremental model data_stage.invoiceline02 .................. [RUN]
[0m14:19:19.924265 [debug] [Thread-13 ]: Databricks adapter: DatabricksDBTConnection(session-id=None, name=model.chinook.InvoiceLine02) - Creating connection
[0m14:19:19.927437 [debug] [Thread-13 ]: Acquiring new databricks connection 'model.chinook.InvoiceLine02'
[0m14:19:19.930525 [debug] [Thread-13 ]: Began compiling node model.chinook.InvoiceLine02
[0m14:19:19.940286 [debug] [Thread-13 ]: Writing injected SQL for node "model.chinook.InvoiceLine02"
[0m14:19:19.942323 [debug] [Thread-13 ]: Began executing node model.chinook.InvoiceLine02
[0m14:19:19.946971 [debug] [Thread-13 ]: MATERIALIZING INCREMENTAL
[0m14:19:19.949933 [debug] [Thread-13 ]: Using databricks connection "model.chinook.InvoiceLine02"
[0m14:19:19.952017 [debug] [Thread-13 ]: On model.chinook.InvoiceLine02: /* {"app": "dbt", "dbt_version": "1.11.2", "dbt_databricks_version": "1.12.4", "databricks_sql_connector_version": "4.1.3", "profile_name": "chinook", "target_name": "dev", "invocation_id": "f90c5904-5bee-41f0-a69c-29b7f7674600", "node_id": "model.chinook.InvoiceLine02"} */
SELECT
    table_catalog,
    table_schema,
    table_name,
    filter_name,
    target_columns
  FROM `uc_sql_server_central`.`information_schema`.`row_filters`
  WHERE table_catalog = 'uc_sql_server_central'
    AND table_schema = 'data_stage'
    AND table_name = 'invoiceline02'
[0m14:19:19.955026 [debug] [Thread-13 ]: Opening a new connection, currently in state init
[0m14:19:20.433933 [debug] [Thread-13 ]: Databricks adapter: Connection(session-id=01f1a0b1-7d74-12a7-b476-0f1524b3626d) - Created
[0m14:19:20.882382 [debug] [Thread-13 ]: SQL status: OK in 0.930 seconds
[0m14:19:20.891437 [debug] [Thread-13 ]: Databricks adapter: Cursor(session-id=01f1a0b1-7d74-12a7-b476-0f1524b3626d, command-id=01f1a0b1-7d83-16a5-a7ef-dd9aef255073) - Closing
[0m14:19:20.895955 [debug] [Thread-13 ]: Writing runtime sql for node "model.chinook.InvoiceLine02"
[0m14:19:20.902062 [debug] [Thread-13 ]: Using databricks connection "model.chinook.InvoiceLine02"
[0m14:19:20.904045 [debug] [Thread-13 ]: On model.chinook.InvoiceLine02: /* {"app": "dbt", "dbt_version": "1.11.2", "dbt_databricks_version": "1.12.4", "databricks_sql_connector_version": "4.1.3", "profile_name": "chinook", "target_name": "dev", "invocation_id": "f90c5904-5bee-41f0-a69c-29b7f7674600", "node_id": "model.chinook.InvoiceLine02"} */

  
    
        create or replace table `uc_sql_server_central`.`data_stage`.`invoiceline02`
      
      
    using delta
  
      
      
      
      
      
      
      
      
      as
      select
    *
from `uc_sql_server_central`.`data_raw`.`invoiceline01`
  
[0m14:19:22.687104 [debug] [Thread-13 ]: SQL status: OK in 1.780 seconds
[0m14:19:22.691076 [debug] [Thread-13 ]: Databricks adapter: Cursor(session-id=01f1a0b1-7d74-12a7-b476-0f1524b3626d, command-id=01f1a0b1-7dc9-16b7-8987-a430503f0445) - Closing
[0m14:19:22.693029 [debug] [Thread-13 ]: Applying tags to relation None
[0m14:19:22.697429 [debug] [Thread-13 ]: On model.chinook.InvoiceLine02: Close
[0m14:19:22.699457 [debug] [Thread-13 ]: Databricks adapter: Connection(session-id=01f1a0b1-7d74-12a7-b476-0f1524b3626d) - Closing
[0m14:19:22.799948 [debug] [Thread-13 ]: Sending event: {'category': 'dbt', 'action': 'run_model', 'label': 'f90c5904-5bee-41f0-a69c-29b7f7674600', 'context': [<snowplow_tracker.self_describing_json.SelfDescribingJson object at 0x0000023515EBD220>]}
[0m14:19:22.804945 [info ] [Thread-13 ]: 51 of 59 OK created sql incremental model data_stage.invoiceline02 ............. [[32mOK[0m in 2.88s]
[0m14:19:22.808487 [debug] [Thread-13 ]: Finished running node model.chinook.InvoiceLine02
[0m14:19:22.810006 [debug] [Thread-13 ]: Began running node snapshot.chinook.MediaType02
[0m14:19:22.812024 [info ] [Thread-13 ]: 52 of 59 START snapshot data_snapshot.mediatype02 .............................. [RUN]
[0m14:19:22.815023 [debug] [Thread-13 ]: Databricks adapter: DatabricksDBTConnection(session-id=None, name=snapshot.chinook.MediaType02) - Creating connection
[0m14:19:22.816552 [debug] [Thread-13 ]: Acquiring new databricks connection 'snapshot.chinook.MediaType02'
[0m14:19:22.819603 [debug] [Thread-13 ]: Began compiling node snapshot.chinook.MediaType02
[0m14:19:22.845766 [debug] [Thread-13 ]: Began executing node snapshot.chinook.MediaType02
[0m14:19:22.861741 [debug] [Thread-13 ]: Using databricks connection "snapshot.chinook.MediaType02"
[0m14:19:22.862750 [debug] [Thread-13 ]: On snapshot.chinook.MediaType02: /* {"app": "dbt", "dbt_version": "1.11.2", "dbt_databricks_version": "1.12.4", "databricks_sql_connector_version": "4.1.3", "profile_name": "chinook", "target_name": "dev", "invocation_id": "f90c5904-5bee-41f0-a69c-29b7f7674600", "node_id": "snapshot.chinook.MediaType02"} */
SELECT
    table_catalog,
    table_schema,
    table_name,
    filter_name,
    target_columns
  FROM `uc_sql_server_central`.`information_schema`.`row_filters`
  WHERE table_catalog = 'uc_sql_server_central'
    AND table_schema = 'data_snapshot'
    AND table_name = 'mediatype02'
[0m14:19:22.863735 [debug] [Thread-13 ]: Opening a new connection, currently in state init
[0m14:19:23.408073 [debug] [Thread-13 ]: Databricks adapter: Connection(session-id=01f1a0b1-7f3a-1a1a-a6b5-cf5ba461174e) - Created
[0m14:19:23.847734 [debug] [Thread-13 ]: SQL status: OK in 0.980 seconds
[0m14:19:23.852748 [debug] [Thread-13 ]: Databricks adapter: Cursor(session-id=01f1a0b1-7f3a-1a1a-a6b5-cf5ba461174e, command-id=01f1a0b1-7f48-1067-9f46-6158e2c205bd) - Closing
[0m14:19:23.856257 [debug] [Thread-13 ]: Using databricks connection "snapshot.chinook.MediaType02"
[0m14:19:23.858300 [debug] [Thread-13 ]: On snapshot.chinook.MediaType02: /* {"app": "dbt", "dbt_version": "1.11.2", "dbt_databricks_version": "1.12.4", "databricks_sql_connector_version": "4.1.3", "profile_name": "chinook", "target_name": "dev", "invocation_id": "f90c5904-5bee-41f0-a69c-29b7f7674600", "node_id": "snapshot.chinook.MediaType02"} */
select * from (
        select *,
        md5(coalesce(cast(`MediaTypeId` as string ), '')
         || '|' || coalesce(cast(
    current_timestamp()
 as string ), '')
        ) as dbt_scd_id,
        
    current_timestamp()
 as dbt_updated_at,
        
    current_timestamp()
 as dbt_valid_from,
        
  
  coalesce(nullif(
    current_timestamp()
, 
    current_timestamp()
), null)
  as dbt_valid_to

    from (
        select * from `uc_sql_server_central`.`data_raw`.`mediatype01`
    ) sbq


    ) as __dbt_sbq
    where false
    limit 0

[0m14:19:24.113116 [debug] [Thread-13 ]: SQL status: OK in 0.250 seconds
[0m14:19:24.116023 [debug] [Thread-13 ]: Using databricks connection "snapshot.chinook.MediaType02"
[0m14:19:24.118536 [debug] [Thread-13 ]: On snapshot.chinook.MediaType02: /* {"app": "dbt", "dbt_version": "1.11.2", "dbt_databricks_version": "1.12.4", "databricks_sql_connector_version": "4.1.3", "profile_name": "chinook", "target_name": "dev", "invocation_id": "f90c5904-5bee-41f0-a69c-29b7f7674600", "node_id": "snapshot.chinook.MediaType02"} */
select * from (
        select 
    current_timestamp()
 as dbt_snapshot_time
    ) as __dbt_sbq
    where false
    limit 0

[0m14:19:24.121163 [debug] [Thread-13 ]: Databricks adapter: Cursor(session-id=01f1a0b1-7f3a-1a1a-a6b5-cf5ba461174e, command-id=01f1a0b1-7f8d-117d-838f-eb085d519653) - Closing
[0m14:19:24.295698 [debug] [Thread-13 ]: SQL status: OK in 0.180 seconds
[0m14:19:24.298503 [debug] [Thread-13 ]: Writing runtime sql for node "snapshot.chinook.MediaType02"
[0m14:19:24.304508 [debug] [Thread-13 ]: Using databricks connection "snapshot.chinook.MediaType02"
[0m14:19:24.307501 [debug] [Thread-13 ]: On snapshot.chinook.MediaType02: /* {"app": "dbt", "dbt_version": "1.11.2", "dbt_databricks_version": "1.12.4", "databricks_sql_connector_version": "4.1.3", "profile_name": "chinook", "target_name": "dev", "invocation_id": "f90c5904-5bee-41f0-a69c-29b7f7674600", "node_id": "snapshot.chinook.MediaType02"} */

      
  
    
        create or replace table `uc_sql_server_central`.`data_snapshot`.`mediatype02`
      
      
    using delta
  
      
      
      
      
      
      
      
      
      as
      select *,
        md5(coalesce(cast(`MediaTypeId` as string ), '')
         || '|' || coalesce(cast(
    current_timestamp()
 as string ), '')
        ) as dbt_scd_id,
        
    current_timestamp()
 as dbt_updated_at,
        
    current_timestamp()
 as dbt_valid_from,
        
  
  coalesce(nullif(
    current_timestamp()
, 
    current_timestamp()
), null)
  as dbt_valid_to

    from (
        select * from `uc_sql_server_central`.`data_raw`.`mediatype01`
    ) sbq


  
  
[0m14:19:24.310154 [debug] [Thread-13 ]: Databricks adapter: Cursor(session-id=01f1a0b1-7f3a-1a1a-a6b5-cf5ba461174e, command-id=01f1a0b1-7fb6-1771-a3e5-0e9f02a3e26b) - Closing
[0m14:19:26.028252 [debug] [Thread-13 ]: SQL status: OK in 1.720 seconds
[0m14:19:26.032962 [debug] [Thread-13 ]: Databricks adapter: Cursor(session-id=01f1a0b1-7f3a-1a1a-a6b5-cf5ba461174e, command-id=01f1a0b1-7fd0-1b49-aaf0-296e0bd82293) - Closing
[0m14:19:26.041041 [debug] [Thread-13 ]: On snapshot.chinook.MediaType02: Close
[0m14:19:26.044092 [debug] [Thread-13 ]: Databricks adapter: Connection(session-id=01f1a0b1-7f3a-1a1a-a6b5-cf5ba461174e) - Closing
[0m14:19:26.182376 [debug] [Thread-13 ]: Sending event: {'category': 'dbt', 'action': 'run_model', 'label': 'f90c5904-5bee-41f0-a69c-29b7f7674600', 'context': [<snowplow_tracker.self_describing_json.SelfDescribingJson object at 0x00000235166A7B30>]}
[0m14:19:26.184388 [info ] [Thread-13 ]: 52 of 59 OK snapshotted data_snapshot.mediatype02 .............................. [[32mOK[0m in 3.37s]
[0m14:19:26.185895 [debug] [Thread-13 ]: Finished running node snapshot.chinook.MediaType02
[0m14:19:26.186904 [debug] [Thread-13 ]: Began running node snapshot.chinook.Playlist02
[0m14:19:26.187917 [info ] [Thread-13 ]: 53 of 59 START snapshot data_snapshot.playlist02 ............................... [RUN]
[0m14:19:26.188911 [debug] [Thread-13 ]: Databricks adapter: DatabricksDBTConnection(session-id=None, name=snapshot.chinook.Playlist02) - Creating connection
[0m14:19:26.189914 [debug] [Thread-13 ]: Acquiring new databricks connection 'snapshot.chinook.Playlist02'
[0m14:19:26.191921 [debug] [Thread-13 ]: Began compiling node snapshot.chinook.Playlist02
[0m14:19:26.206902 [debug] [Thread-13 ]: Began executing node snapshot.chinook.Playlist02
[0m14:19:26.222271 [debug] [Thread-13 ]: Using databricks connection "snapshot.chinook.Playlist02"
[0m14:19:26.225751 [debug] [Thread-13 ]: On snapshot.chinook.Playlist02: /* {"app": "dbt", "dbt_version": "1.11.2", "dbt_databricks_version": "1.12.4", "databricks_sql_connector_version": "4.1.3", "profile_name": "chinook", "target_name": "dev", "invocation_id": "f90c5904-5bee-41f0-a69c-29b7f7674600", "node_id": "snapshot.chinook.Playlist02"} */
SELECT
    table_catalog,
    table_schema,
    table_name,
    filter_name,
    target_columns
  FROM `uc_sql_server_central`.`information_schema`.`row_filters`
  WHERE table_catalog = 'uc_sql_server_central'
    AND table_schema = 'data_snapshot'
    AND table_name = 'playlist02'
[0m14:19:26.227477 [debug] [Thread-13 ]: Opening a new connection, currently in state init
[0m14:19:26.733301 [debug] [Thread-13 ]: Databricks adapter: Connection(session-id=01f1a0b1-8135-1626-a25c-b8f9b5bb8937) - Created
[0m14:19:27.143480 [debug] [Thread-13 ]: SQL status: OK in 0.920 seconds
[0m14:19:27.150060 [debug] [Thread-13 ]: Databricks adapter: Cursor(session-id=01f1a0b1-8135-1626-a25c-b8f9b5bb8937, command-id=01f1a0b1-8143-1f8c-bb12-eacb1015d5c5) - Closing
[0m14:19:27.152061 [debug] [Thread-13 ]: Using databricks connection "snapshot.chinook.Playlist02"
[0m14:19:27.153063 [debug] [Thread-13 ]: On snapshot.chinook.Playlist02: /* {"app": "dbt", "dbt_version": "1.11.2", "dbt_databricks_version": "1.12.4", "databricks_sql_connector_version": "4.1.3", "profile_name": "chinook", "target_name": "dev", "invocation_id": "f90c5904-5bee-41f0-a69c-29b7f7674600", "node_id": "snapshot.chinook.Playlist02"} */
select * from (
        select *,
        md5(coalesce(cast(`PlaylistId` as string ), '')
         || '|' || coalesce(cast(
    current_timestamp()
 as string ), '')
        ) as dbt_scd_id,
        
    current_timestamp()
 as dbt_updated_at,
        
    current_timestamp()
 as dbt_valid_from,
        
  
  coalesce(nullif(
    current_timestamp()
, 
    current_timestamp()
), null)
  as dbt_valid_to

    from (
        select * from `uc_sql_server_central`.`data_raw`.`playlist01`
    ) sbq


    ) as __dbt_sbq
    where false
    limit 0

[0m14:19:27.394011 [debug] [Thread-13 ]: SQL status: OK in 0.240 seconds
[0m14:19:27.396530 [debug] [Thread-13 ]: Using databricks connection "snapshot.chinook.Playlist02"
[0m14:19:27.398549 [debug] [Thread-13 ]: On snapshot.chinook.Playlist02: /* {"app": "dbt", "dbt_version": "1.11.2", "dbt_databricks_version": "1.12.4", "databricks_sql_connector_version": "4.1.3", "profile_name": "chinook", "target_name": "dev", "invocation_id": "f90c5904-5bee-41f0-a69c-29b7f7674600", "node_id": "snapshot.chinook.Playlist02"} */
select * from (
        select 
    current_timestamp()
 as dbt_snapshot_time
    ) as __dbt_sbq
    where false
    limit 0

[0m14:19:27.400551 [debug] [Thread-13 ]: Databricks adapter: Cursor(session-id=01f1a0b1-8135-1626-a25c-b8f9b5bb8937, command-id=01f1a0b1-8183-1b34-84b4-5c085f4f95b4) - Closing
[0m14:19:27.547159 [debug] [Thread-13 ]: SQL status: OK in 0.150 seconds
[0m14:19:27.550209 [debug] [Thread-13 ]: Writing runtime sql for node "snapshot.chinook.Playlist02"
[0m14:19:27.558237 [debug] [Thread-13 ]: Using databricks connection "snapshot.chinook.Playlist02"
[0m14:19:27.563337 [debug] [Thread-13 ]: On snapshot.chinook.Playlist02: /* {"app": "dbt", "dbt_version": "1.11.2", "dbt_databricks_version": "1.12.4", "databricks_sql_connector_version": "4.1.3", "profile_name": "chinook", "target_name": "dev", "invocation_id": "f90c5904-5bee-41f0-a69c-29b7f7674600", "node_id": "snapshot.chinook.Playlist02"} */

      
  
    
        create or replace table `uc_sql_server_central`.`data_snapshot`.`playlist02`
      
      
    using delta
  
      
      
      
      
      
      
      
      
      as
      select *,
        md5(coalesce(cast(`PlaylistId` as string ), '')
         || '|' || coalesce(cast(
    current_timestamp()
 as string ), '')
        ) as dbt_scd_id,
        
    current_timestamp()
 as dbt_updated_at,
        
    current_timestamp()
 as dbt_valid_from,
        
  
  coalesce(nullif(
    current_timestamp()
, 
    current_timestamp()
), null)
  as dbt_valid_to

    from (
        select * from `uc_sql_server_central`.`data_raw`.`playlist01`
    ) sbq


  
  
[0m14:19:27.565968 [debug] [Thread-13 ]: Databricks adapter: Cursor(session-id=01f1a0b1-8135-1626-a25c-b8f9b5bb8937, command-id=01f1a0b1-81a9-1248-9f55-52a20923c453) - Closing
[0m14:19:29.310056 [debug] [Thread-13 ]: SQL status: OK in 1.740 seconds
[0m14:19:29.311597 [debug] [Thread-13 ]: Databricks adapter: Cursor(session-id=01f1a0b1-8135-1626-a25c-b8f9b5bb8937, command-id=01f1a0b1-81c2-113c-98c9-79b9a6e06397) - Closing
[0m14:19:29.313637 [debug] [Thread-13 ]: On snapshot.chinook.Playlist02: Close
[0m14:19:29.314644 [debug] [Thread-13 ]: Databricks adapter: Connection(session-id=01f1a0b1-8135-1626-a25c-b8f9b5bb8937) - Closing
[0m14:19:29.411087 [debug] [Thread-13 ]: Sending event: {'category': 'dbt', 'action': 'run_model', 'label': 'f90c5904-5bee-41f0-a69c-29b7f7674600', 'context': [<snowplow_tracker.self_describing_json.SelfDescribingJson object at 0x0000023516526960>]}
[0m14:19:29.415109 [info ] [Thread-13 ]: 53 of 59 OK snapshotted data_snapshot.playlist02 ............................... [[32mOK[0m in 3.22s]
[0m14:19:29.419411 [debug] [Thread-13 ]: Finished running node snapshot.chinook.Playlist02
[0m14:19:29.422448 [debug] [Thread-13 ]: Began running node snapshot.chinook.Track02
[0m14:19:29.424393 [info ] [Thread-13 ]: 54 of 59 START snapshot data_snapshot.track02 .................................. [RUN]
[0m14:19:29.428701 [debug] [Thread-13 ]: Databricks adapter: DatabricksDBTConnection(session-id=None, name=snapshot.chinook.Track02) - Creating connection
[0m14:19:29.431256 [debug] [Thread-13 ]: Acquiring new databricks connection 'snapshot.chinook.Track02'
[0m14:19:29.433287 [debug] [Thread-13 ]: Began compiling node snapshot.chinook.Track02
[0m14:19:29.452035 [debug] [Thread-13 ]: Began executing node snapshot.chinook.Track02
[0m14:19:29.463552 [debug] [Thread-13 ]: Using databricks connection "snapshot.chinook.Track02"
[0m14:19:29.464553 [debug] [Thread-13 ]: On snapshot.chinook.Track02: /* {"app": "dbt", "dbt_version": "1.11.2", "dbt_databricks_version": "1.12.4", "databricks_sql_connector_version": "4.1.3", "profile_name": "chinook", "target_name": "dev", "invocation_id": "f90c5904-5bee-41f0-a69c-29b7f7674600", "node_id": "snapshot.chinook.Track02"} */
SELECT
    table_catalog,
    table_schema,
    table_name,
    filter_name,
    target_columns
  FROM `uc_sql_server_central`.`information_schema`.`row_filters`
  WHERE table_catalog = 'uc_sql_server_central'
    AND table_schema = 'data_snapshot'
    AND table_name = 'track02'
[0m14:19:29.464553 [debug] [Thread-13 ]: Opening a new connection, currently in state init
[0m14:19:29.926522 [debug] [Thread-13 ]: Databricks adapter: Connection(session-id=01f1a0b1-8316-1f66-88dc-a87810926ec4) - Created
[0m14:19:30.392102 [debug] [Thread-13 ]: SQL status: OK in 0.930 seconds
[0m14:19:30.399692 [debug] [Thread-13 ]: Databricks adapter: Cursor(session-id=01f1a0b1-8316-1f66-88dc-a87810926ec4, command-id=01f1a0b1-832b-12fd-ac9a-2a4897760a5b) - Closing
[0m14:19:30.401693 [debug] [Thread-13 ]: Using databricks connection "snapshot.chinook.Track02"
[0m14:19:30.402693 [debug] [Thread-13 ]: On snapshot.chinook.Track02: /* {"app": "dbt", "dbt_version": "1.11.2", "dbt_databricks_version": "1.12.4", "databricks_sql_connector_version": "4.1.3", "profile_name": "chinook", "target_name": "dev", "invocation_id": "f90c5904-5bee-41f0-a69c-29b7f7674600", "node_id": "snapshot.chinook.Track02"} */
select * from (
        select *,
        md5(coalesce(cast(`TrackId` as string ), '')
         || '|' || coalesce(cast(
    current_timestamp()
 as string ), '')
        ) as dbt_scd_id,
        
    current_timestamp()
 as dbt_updated_at,
        
    current_timestamp()
 as dbt_valid_from,
        
  
  coalesce(nullif(
    current_timestamp()
, 
    current_timestamp()
), null)
  as dbt_valid_to

    from (
        select * from `uc_sql_server_central`.`data_raw`.`track01`
    ) sbq


    ) as __dbt_sbq
    where false
    limit 0

[0m14:19:30.657111 [debug] [Thread-13 ]: SQL status: OK in 0.250 seconds
[0m14:19:30.660131 [debug] [Thread-13 ]: Using databricks connection "snapshot.chinook.Track02"
[0m14:19:30.662136 [debug] [Thread-13 ]: On snapshot.chinook.Track02: /* {"app": "dbt", "dbt_version": "1.11.2", "dbt_databricks_version": "1.12.4", "databricks_sql_connector_version": "4.1.3", "profile_name": "chinook", "target_name": "dev", "invocation_id": "f90c5904-5bee-41f0-a69c-29b7f7674600", "node_id": "snapshot.chinook.Track02"} */
select * from (
        select 
    current_timestamp()
 as dbt_snapshot_time
    ) as __dbt_sbq
    where false
    limit 0

[0m14:19:30.664125 [debug] [Thread-13 ]: Databricks adapter: Cursor(session-id=01f1a0b1-8316-1f66-88dc-a87810926ec4, command-id=01f1a0b1-8373-1b5f-9bb6-2886e9015e5a) - Closing
[0m14:19:30.829404 [debug] [Thread-13 ]: SQL status: OK in 0.170 seconds
[0m14:19:30.832403 [debug] [Thread-13 ]: Writing runtime sql for node "snapshot.chinook.Track02"
[0m14:19:30.836940 [debug] [Thread-13 ]: Using databricks connection "snapshot.chinook.Track02"
[0m14:19:30.839485 [debug] [Thread-13 ]: On snapshot.chinook.Track02: /* {"app": "dbt", "dbt_version": "1.11.2", "dbt_databricks_version": "1.12.4", "databricks_sql_connector_version": "4.1.3", "profile_name": "chinook", "target_name": "dev", "invocation_id": "f90c5904-5bee-41f0-a69c-29b7f7674600", "node_id": "snapshot.chinook.Track02"} */

      
  
    
        create or replace table `uc_sql_server_central`.`data_snapshot`.`track02`
      
      
    using delta
  
      
      
      
      
      
      
      
      
      as
      select *,
        md5(coalesce(cast(`TrackId` as string ), '')
         || '|' || coalesce(cast(
    current_timestamp()
 as string ), '')
        ) as dbt_scd_id,
        
    current_timestamp()
 as dbt_updated_at,
        
    current_timestamp()
 as dbt_valid_from,
        
  
  coalesce(nullif(
    current_timestamp()
, 
    current_timestamp()
), null)
  as dbt_valid_to

    from (
        select * from `uc_sql_server_central`.`data_raw`.`track01`
    ) sbq


  
  
[0m14:19:30.842512 [debug] [Thread-13 ]: Databricks adapter: Cursor(session-id=01f1a0b1-8316-1f66-88dc-a87810926ec4, command-id=01f1a0b1-839b-19b4-accc-68ceb8e360fa) - Closing
[0m14:19:32.727783 [debug] [Thread-13 ]: SQL status: OK in 1.890 seconds
[0m14:19:32.730852 [debug] [Thread-13 ]: Databricks adapter: Cursor(session-id=01f1a0b1-8316-1f66-88dc-a87810926ec4, command-id=01f1a0b1-83b6-1c61-8b26-71707cfb71b6) - Closing
[0m14:19:32.734847 [debug] [Thread-13 ]: On snapshot.chinook.Track02: Close
[0m14:19:32.735835 [debug] [Thread-13 ]: Databricks adapter: Connection(session-id=01f1a0b1-8316-1f66-88dc-a87810926ec4) - Closing
[0m14:19:32.834913 [debug] [Thread-13 ]: Sending event: {'category': 'dbt', 'action': 'run_model', 'label': 'f90c5904-5bee-41f0-a69c-29b7f7674600', 'context': [<snowplow_tracker.self_describing_json.SelfDescribingJson object at 0x0000023515B5A900>]}
[0m14:19:33.099326 [debug] [Thread-13 ]: An error was encountered while trying to send an event
[0m14:19:33.100342 [info ] [Thread-13 ]: 54 of 59 OK snapshotted data_snapshot.track02 .................................. [[32mOK[0m in 3.41s]
[0m14:19:33.100342 [debug] [Thread-13 ]: Finished running node snapshot.chinook.Track02
[0m14:19:33.101938 [debug] [Thread-13 ]: Began running node model.chinook.DimCustomers
[0m14:19:33.101938 [info ] [Thread-13 ]: 55 of 59 START sql table model data_mart.dimcustomers .......................... [RUN]
[0m14:19:33.103561 [debug] [Thread-13 ]: Databricks adapter: DatabricksDBTConnection(session-id=None, name=model.chinook.DimCustomers) - Creating connection
[0m14:19:33.103561 [debug] [Thread-13 ]: Acquiring new databricks connection 'model.chinook.DimCustomers'
[0m14:19:33.103561 [debug] [Thread-13 ]: Began compiling node model.chinook.DimCustomers
[0m14:19:33.108124 [debug] [Thread-13 ]: Writing injected SQL for node "model.chinook.DimCustomers"
[0m14:19:33.111115 [debug] [Thread-13 ]: Began executing node model.chinook.DimCustomers
[0m14:19:33.117180 [debug] [Thread-13 ]: MATERIALIZING TABLE
[0m14:19:33.119249 [debug] [Thread-13 ]: Using databricks connection "model.chinook.DimCustomers"
[0m14:19:33.120251 [debug] [Thread-13 ]: On model.chinook.DimCustomers: /* {"app": "dbt", "dbt_version": "1.11.2", "dbt_databricks_version": "1.12.4", "databricks_sql_connector_version": "4.1.3", "profile_name": "chinook", "target_name": "dev", "invocation_id": "f90c5904-5bee-41f0-a69c-29b7f7674600", "node_id": "model.chinook.DimCustomers"} */
SELECT
    table_catalog,
    table_schema,
    table_name,
    filter_name,
    target_columns
  FROM `uc_sql_server_central`.`information_schema`.`row_filters`
  WHERE table_catalog = 'uc_sql_server_central'
    AND table_schema = 'data_mart'
    AND table_name = 'dimcustomers'
[0m14:19:33.121253 [debug] [Thread-13 ]: Opening a new connection, currently in state init
[0m14:19:33.373042 [debug] [Thread-13 ]: Databricks adapter: Connection(session-id=01f1a0b1-852b-13aa-896b-ed5d34e91288) - Created
[0m14:19:33.798562 [debug] [Thread-13 ]: SQL status: OK in 0.680 seconds
[0m14:19:33.805625 [debug] [Thread-13 ]: Databricks adapter: Cursor(session-id=01f1a0b1-852b-13aa-896b-ed5d34e91288, command-id=01f1a0b1-8539-1329-b52e-0e8b4a1f3f78) - Closing
[0m14:19:33.811985 [debug] [Thread-13 ]: Writing runtime sql for node "model.chinook.DimCustomers"
[0m14:19:33.815505 [debug] [Thread-13 ]: Using databricks connection "model.chinook.DimCustomers"
[0m14:19:33.817123 [debug] [Thread-13 ]: On model.chinook.DimCustomers: /* {"app": "dbt", "dbt_version": "1.11.2", "dbt_databricks_version": "1.12.4", "databricks_sql_connector_version": "4.1.3", "profile_name": "chinook", "target_name": "dev", "invocation_id": "f90c5904-5bee-41f0-a69c-29b7f7674600", "node_id": "model.chinook.DimCustomers"} */

  
    
        create or replace table `uc_sql_server_central`.`data_mart`.`dimcustomers`
      
      
    using delta
  
      
      
      
      
      
      
      
      
      as
      select *
from `uc_sql_server_central`.`data_stage`.`customer02`
  
[0m14:19:36.065766 [debug] [Thread-13 ]: SQL status: OK in 2.250 seconds
[0m14:19:36.067367 [debug] [Thread-13 ]: Databricks adapter: Cursor(session-id=01f1a0b1-852b-13aa-896b-ed5d34e91288, command-id=01f1a0b1-857c-1061-8e56-f6c43ee53ba2) - Closing
[0m14:19:36.068387 [debug] [Thread-13 ]: Applying tags to relation None
[0m14:19:36.070388 [debug] [Thread-13 ]: On model.chinook.DimCustomers: Close
[0m14:19:36.071443 [debug] [Thread-13 ]: Databricks adapter: Connection(session-id=01f1a0b1-852b-13aa-896b-ed5d34e91288) - Closing
[0m14:19:36.170491 [debug] [Thread-13 ]: Sending event: {'category': 'dbt', 'action': 'run_model', 'label': 'f90c5904-5bee-41f0-a69c-29b7f7674600', 'context': [<snowplow_tracker.self_describing_json.SelfDescribingJson object at 0x0000023515A875F0>]}
[0m14:19:36.172490 [info ] [Thread-13 ]: 55 of 59 OK created sql table model data_mart.dimcustomers ..................... [[32mOK[0m in 3.07s]
[0m14:19:36.174479 [debug] [Thread-13 ]: Finished running node model.chinook.DimCustomers
[0m14:19:36.174479 [debug] [Thread-13 ]: Began running node model.chinook.DimEmployees
[0m14:19:36.174479 [info ] [Thread-13 ]: 56 of 59 START sql table model data_mart.dimemployees .......................... [RUN]
[0m14:19:36.177431 [debug] [Thread-13 ]: Databricks adapter: DatabricksDBTConnection(session-id=None, name=model.chinook.DimEmployees) - Creating connection
[0m14:19:36.179058 [debug] [Thread-13 ]: Acquiring new databricks connection 'model.chinook.DimEmployees'
[0m14:19:36.180703 [debug] [Thread-13 ]: Began compiling node model.chinook.DimEmployees
[0m14:19:36.188326 [debug] [Thread-13 ]: Writing injected SQL for node "model.chinook.DimEmployees"
[0m14:19:36.193315 [debug] [Thread-13 ]: Began executing node model.chinook.DimEmployees
[0m14:19:36.204939 [debug] [Thread-13 ]: MATERIALIZING TABLE
[0m14:19:36.205884 [debug] [Thread-13 ]: Using databricks connection "model.chinook.DimEmployees"
[0m14:19:36.206402 [debug] [Thread-13 ]: On model.chinook.DimEmployees: /* {"app": "dbt", "dbt_version": "1.11.2", "dbt_databricks_version": "1.12.4", "databricks_sql_connector_version": "4.1.3", "profile_name": "chinook", "target_name": "dev", "invocation_id": "f90c5904-5bee-41f0-a69c-29b7f7674600", "node_id": "model.chinook.DimEmployees"} */
SELECT
    table_catalog,
    table_schema,
    table_name,
    filter_name,
    target_columns
  FROM `uc_sql_server_central`.`information_schema`.`row_filters`
  WHERE table_catalog = 'uc_sql_server_central'
    AND table_schema = 'data_mart'
    AND table_name = 'dimemployees'
[0m14:19:36.207425 [debug] [Thread-13 ]: Opening a new connection, currently in state init
[0m14:19:36.493498 [debug] [Thread-13 ]: Databricks adapter: Connection(session-id=01f1a0b1-8708-1058-b66d-0b0b38ac8764) - Created
[0m14:19:36.959243 [debug] [Thread-13 ]: SQL status: OK in 0.750 seconds
[0m14:19:36.964266 [debug] [Thread-13 ]: Databricks adapter: Cursor(session-id=01f1a0b1-8708-1058-b66d-0b0b38ac8764, command-id=01f1a0b1-8714-1a8f-bf88-6b67238ea661) - Closing
[0m14:19:36.967797 [debug] [Thread-13 ]: Writing runtime sql for node "model.chinook.DimEmployees"
[0m14:19:36.969795 [debug] [Thread-13 ]: Using databricks connection "model.chinook.DimEmployees"
[0m14:19:36.971813 [debug] [Thread-13 ]: On model.chinook.DimEmployees: /* {"app": "dbt", "dbt_version": "1.11.2", "dbt_databricks_version": "1.12.4", "databricks_sql_connector_version": "4.1.3", "profile_name": "chinook", "target_name": "dev", "invocation_id": "f90c5904-5bee-41f0-a69c-29b7f7674600", "node_id": "model.chinook.DimEmployees"} */

  
    
        create or replace table `uc_sql_server_central`.`data_mart`.`dimemployees`
      
      
    using delta
  
      
      
      
      
      
      
      
      
      as
      select *
from `uc_sql_server_central`.`data_snapshot`.`employee02`
  
[0m14:19:38.768110 [debug] [Thread-13 ]: SQL status: OK in 1.790 seconds
[0m14:19:38.771106 [debug] [Thread-13 ]: Databricks adapter: Cursor(session-id=01f1a0b1-8708-1058-b66d-0b0b38ac8764, command-id=01f1a0b1-875f-1367-8573-346f4b7ffc6c) - Closing
[0m14:19:38.772120 [debug] [Thread-13 ]: Applying tags to relation None
[0m14:19:38.774649 [debug] [Thread-13 ]: On model.chinook.DimEmployees: Close
[0m14:19:38.776159 [debug] [Thread-13 ]: Databricks adapter: Connection(session-id=01f1a0b1-8708-1058-b66d-0b0b38ac8764) - Closing
[0m14:19:38.866906 [debug] [Thread-13 ]: Sending event: {'category': 'dbt', 'action': 'run_model', 'label': 'f90c5904-5bee-41f0-a69c-29b7f7674600', 'context': [<snowplow_tracker.self_describing_json.SelfDescribingJson object at 0x0000023515B20440>]}
[0m14:19:38.867957 [info ] [Thread-13 ]: 56 of 59 OK created sql table model data_mart.dimemployees ..................... [[32mOK[0m in 2.69s]
[0m14:19:38.868944 [debug] [Thread-13 ]: Finished running node model.chinook.DimEmployees
[0m14:19:38.869952 [debug] [Thread-13 ]: Began running node model.chinook.FactSales
[0m14:19:38.869952 [info ] [Thread-13 ]: 57 of 59 SKIP relation data_mart.FactSales ..................................... [[33mSKIP[0m]
[0m14:19:38.871912 [debug] [Thread-13 ]: Finished running node model.chinook.FactSales
[0m14:19:38.872910 [debug] [Thread-13 ]: Began running node model.chinook.DimLists
[0m14:19:38.873911 [debug] [Thread-16 ]: Marking all children of 'model.chinook.FactSales' to be skipped because of status 'skipped'. 
[0m14:19:38.874904 [info ] [Thread-13 ]: 58 of 59 SKIP relation data_mart.DimLists ...................................... [[33mSKIP[0m]
[0m14:19:38.878479 [debug] [Thread-13 ]: Finished running node model.chinook.DimLists
[0m14:19:38.880537 [debug] [Thread-13 ]: Began running node model.chinook.DimProducts
[0m14:19:38.882484 [debug] [Thread-16 ]: Marking all children of 'model.chinook.DimLists' to be skipped because of status 'skipped'. 
[0m14:19:38.883477 [info ] [Thread-13 ]: 59 of 59 SKIP relation data_mart.DimProducts ................................... [[33mSKIP[0m]
[0m14:19:38.886633 [debug] [Thread-13 ]: Finished running node model.chinook.DimProducts
[0m14:19:38.888681 [debug] [Thread-16 ]: Marking all children of 'model.chinook.DimProducts' to be skipped because of status 'skipped'. 
[0m14:19:38.892645 [debug] [MainThread]: Databricks adapter: DatabricksDBTConnection(session-id=None, name=master) - Creating connection
[0m14:19:38.893639 [debug] [MainThread]: Acquiring new databricks connection 'master'
[0m14:19:38.894630 [info ] [MainThread]: 
[0m14:19:38.894630 [info ] [MainThread]: Finished running 3 incremental models, 11 seeds, 8 snapshots, 7 table models, 30 data tests in 0 hours 2 minutes and 9.33 seconds (129.33s).
[0m14:19:38.904207 [debug] [MainThread]: Command end result
[0m14:19:38.957041 [debug] [MainThread]: Wrote artifact WritableManifest to C:\dbt-and-databricks\06-chinook-schema\target\manifest.json
[0m14:19:38.961075 [debug] [MainThread]: Wrote artifact SemanticManifest to C:\dbt-and-databricks\06-chinook-schema\target\semantic_manifest.json
[0m14:19:38.968540 [debug] [MainThread]: Wrote artifact RunExecutionResult to C:\dbt-and-databricks\06-chinook-schema\target\run_results.json
[0m14:19:38.968540 [info ] [MainThread]: 
[0m14:19:38.969545 [info ] [MainThread]: [31mCompleted with 10 errors, 0 partial successes, and 0 warnings:[0m
[0m14:19:38.969545 [info ] [MainThread]: 
[0m14:19:38.970588 [error] [MainThread]: [31mFailure in test relationships_Album__ArtistId____ArtistId___ref_Artist_ (seeds\seed_properties.yml)[0m
[0m14:19:38.971524 [error] [MainThread]:   Got 347 results, configured to fail if != 0
[0m14:19:38.972143 [info ] [MainThread]: 
[0m14:19:38.972143 [info ] [MainThread]:   compiled code at target\compiled\chinook\seeds\seed_properties.yml\relationships_Album__ArtistId____ArtistId___ref_Artist_.sql
[0m14:19:38.973163 [info ] [MainThread]: 
[0m14:19:38.973163 [error] [MainThread]: [31mFailure in test relationships_Customer__SupportRepId____EmployeeId___ref_Employee_ (seeds\seed_properties.yml)[0m
[0m14:19:38.974685 [error] [MainThread]:   Got 59 results, configured to fail if != 0
[0m14:19:38.974685 [info ] [MainThread]: 
[0m14:19:38.975703 [info ] [MainThread]:   compiled code at target\compiled\chinook\seeds\seed_properties.yml\relationships_Customer_84088ad1929013d8d442349f4150f5c7.sql
[0m14:19:38.975703 [info ] [MainThread]: 
[0m14:19:38.976830 [error] [MainThread]: [31mFailure in test relationships_Invoice__CustomerId____CustomerId___ref_Customer_ (seeds\seed_properties.yml)[0m
[0m14:19:38.977840 [error] [MainThread]:   Got 412 results, configured to fail if != 0
[0m14:19:38.977840 [info ] [MainThread]: 
[0m14:19:38.977840 [info ] [MainThread]:   compiled code at target\compiled\chinook\seeds\seed_properties.yml\relationships_Invoice__CustomerId____CustomerId___ref_Customer_.sql
[0m14:19:38.978839 [info ] [MainThread]: 
[0m14:19:38.978839 [error] [MainThread]: [31mFailure in test relationships_InvoiceLine__InvoiceId____InvoiceId___ref_Invoice_ (seeds\seed_properties.yml)[0m
[0m14:19:38.979871 [error] [MainThread]:   Got 2240 results, configured to fail if != 0
[0m14:19:38.980873 [info ] [MainThread]: 
[0m14:19:38.980873 [info ] [MainThread]:   compiled code at target\compiled\chinook\seeds\seed_properties.yml\relationships_InvoiceLine_9bf877c574e3b6c2db830268ec9ae129.sql
[0m14:19:38.980873 [info ] [MainThread]: 
[0m14:19:38.981869 [error] [MainThread]: [31mFailure in test relationships_PlaylistTrack__PlaylistId____PlaylistId___ref_Playlist_ (seeds\seed_properties.yml)[0m
[0m14:19:38.982869 [error] [MainThread]:   Got 8715 results, configured to fail if != 0
[0m14:19:38.982869 [info ] [MainThread]: 
[0m14:19:38.983891 [info ] [MainThread]:   compiled code at target\compiled\chinook\seeds\seed_properties.yml\relationships_PlaylistTrack_5bdea6bd46f7818dea211417d6dc5f22.sql
[0m14:19:38.983891 [info ] [MainThread]: 
[0m14:19:38.984890 [error] [MainThread]: [31mFailure in test relationships_InvoiceLine__TrackId____TrackId___ref_Track_ (seeds\seed_properties.yml)[0m
[0m14:19:38.984890 [error] [MainThread]:   Got 2240 results, configured to fail if != 0
[0m14:19:38.984890 [info ] [MainThread]: 
[0m14:19:38.985892 [info ] [MainThread]:   compiled code at target\compiled\chinook\seeds\seed_properties.yml\relationships_InvoiceLine__TrackId____TrackId___ref_Track_.sql
[0m14:19:38.985892 [info ] [MainThread]: 
[0m14:19:38.986955 [error] [MainThread]: [31mFailure in test relationships_PlaylistTrack__TrackId____TrackId___ref_Track_ (seeds\seed_properties.yml)[0m
[0m14:19:38.986955 [error] [MainThread]:   Got 8715 results, configured to fail if != 0
[0m14:19:38.987956 [info ] [MainThread]: 
[0m14:19:38.987956 [info ] [MainThread]:   compiled code at target\compiled\chinook\seeds\seed_properties.yml\relationships_PlaylistTrack__TrackId____TrackId___ref_Track_.sql
[0m14:19:38.988953 [info ] [MainThread]: 
[0m14:19:38.988953 [error] [MainThread]: [31mFailure in test relationships_Track__AlbumId____AlbumId___ref_Album_ (seeds\seed_properties.yml)[0m
[0m14:19:38.989952 [error] [MainThread]:   Got 3503 results, configured to fail if != 0
[0m14:19:38.989952 [info ] [MainThread]: 
[0m14:19:38.990954 [info ] [MainThread]:   compiled code at target\compiled\chinook\seeds\seed_properties.yml\relationships_Track__AlbumId____AlbumId___ref_Album_.sql
[0m14:19:38.990954 [info ] [MainThread]: 
[0m14:19:38.990954 [error] [MainThread]: [31mFailure in test relationships_Track__GenreId____GenreId___ref_Genre_ (seeds\seed_properties.yml)[0m
[0m14:19:38.991954 [error] [MainThread]:   Got 3503 results, configured to fail if != 0
[0m14:19:38.991954 [info ] [MainThread]: 
[0m14:19:38.992955 [info ] [MainThread]:   compiled code at target\compiled\chinook\seeds\seed_properties.yml\relationships_Track__GenreId____GenreId___ref_Genre_.sql
[0m14:19:38.992955 [info ] [MainThread]: 
[0m14:19:38.992955 [error] [MainThread]: [31mFailure in test relationships_Track__MediaTypeId____MediaTypeId___ref_MediaType_ (seeds\seed_properties.yml)[0m
[0m14:19:38.993953 [error] [MainThread]:   Got 3503 results, configured to fail if != 0
[0m14:19:38.993953 [info ] [MainThread]: 
[0m14:19:38.994956 [info ] [MainThread]:   compiled code at target\compiled\chinook\seeds\seed_properties.yml\relationships_Track_4c587b70ba4710447ab4cfcfbe399480.sql
[0m14:19:38.994956 [info ] [MainThread]: 
[0m14:19:38.995953 [info ] [MainThread]: Done. PASS=46 WARN=0 ERROR=10 SKIP=3 NO-OP=0 TOTAL=59
[0m14:19:38.998332 [debug] [MainThread]: Command `dbt build` failed at 14:19:38.997326 after 136.53 seconds
[0m14:19:38.998332 [debug] [MainThread]: Sending event: {'category': 'dbt', 'action': 'invocation', 'label': 'end', 'context': [<snowplow_tracker.self_describing_json.SelfDescribingJson object at 0x000002350DDF6660>, <snowplow_tracker.self_describing_json.SelfDescribingJson object at 0x000002350DCD2A20>, <snowplow_tracker.self_describing_json.SelfDescribingJson object at 0x000002350F426660>]}
[0m14:19:38.998332 [debug] [MainThread]: Flushing usage events
[0m14:19:39.132125 [debug] [MainThread]: An error was encountered while trying to flush usage events
[0m14:34:44.235072 [debug] [MainThread]: Sending event: {'category': 'dbt', 'action': 'invocation', 'label': 'start', 'context': [<snowplow_tracker.self_describing_json.SelfDescribingJson object at 0x0000020674525430>, <snowplow_tracker.self_describing_json.SelfDescribingJson object at 0x0000020674526570>, <snowplow_tracker.self_describing_json.SelfDescribingJson object at 0x00000206743F4740>]}


============================== 14:34:44.243129 | f895e84d-a64e-4e85-985b-ce8373f64823 ==============================
[0m14:34:44.243129 [info ] [MainThread]: Running with dbt=1.11.2
[0m14:34:44.245143 [debug] [MainThread]: running dbt with arguments {'static_parser': 'True', 'no_print': 'None', 'version_check': 'True', 'target_path': 'None', 'warn_error_options': 'WarnErrorOptionsV2(error=[], warn=[], silence=[])', 'printer_width': '80', 'write_json': 'True', 'introspect': 'True', 'log_cache_events': 'False', 'empty': 'None', 'cache_selected_only': 'False', 'log_format': 'default', 'debug': 'False', 'fail_fast': 'False', 'profiles_dir': 'C:\\dbt-and-databricks\\06-chinook-schema', 'send_anonymous_usage_stats': 'True', 'quiet': 'False', 'warn_error': 'None', 'partial_parse': 'True', 'use_colors': 'True', 'invocation_command': 'dbt test', 'indirect_selection': 'eager', 'use_experimental_parser': 'False', 'log_path': 'C:\\dbt-and-databricks\\06-chinook-schema\\logs'}
[0m14:34:45.419305 [debug] [MainThread]: Spark adapter: Setting pyhive.hive logging to ERROR
[0m14:34:45.419305 [debug] [MainThread]: Spark adapter: Setting thrift.transport logging to ERROR
[0m14:34:45.419305 [debug] [MainThread]: Spark adapter: Setting thrift.protocol logging to ERROR
[0m14:34:47.186857 [debug] [MainThread]: Sending event: {'category': 'dbt', 'action': 'project_id', 'label': 'f895e84d-a64e-4e85-985b-ce8373f64823', 'context': [<snowplow_tracker.self_describing_json.SelfDescribingJson object at 0x0000020679F91CD0>]}
[0m14:34:47.276126 [debug] [MainThread]: Sending event: {'category': 'dbt', 'action': 'adapter_info', 'label': 'f895e84d-a64e-4e85-985b-ce8373f64823', 'context': [<snowplow_tracker.self_describing_json.SelfDescribingJson object at 0x000002067A46C920>]}
[0m14:34:47.276440 [info ] [MainThread]: Registered adapter: databricks=1.12.4
[0m14:34:47.774080 [debug] [MainThread]: checksum: 3d40d8bbe1bef07db1c24822f2dbfff8bc07f2a48ed4fe2658a40653aec0b54b, vars: {}, profile: , target: , version: 1.11.2
[0m14:34:53.111500 [debug] [MainThread]: Partial parsing enabled: 0 files deleted, 0 files added, 1 files changed.
[0m14:34:53.111500 [debug] [MainThread]: Partial parsing: updated file: chinook://seeds\InvoiceLine.csv
[0m14:34:53.111500 [debug] [MainThread]: Partial parsing: updated file: chinook://seeds\PlaylistTrack.csv
[0m14:34:53.111500 [debug] [MainThread]: Partial parsing: updated file: chinook://seeds\seed_properties.yml
[0m14:34:53.510450 [debug] [MainThread]: Sending event: {'category': 'dbt', 'action': 'load_project', 'label': 'f895e84d-a64e-4e85-985b-ce8373f64823', 'context': [<snowplow_tracker.self_describing_json.SelfDescribingJson object at 0x000002067BEA8800>]}
[0m14:34:53.610431 [debug] [MainThread]: Wrote artifact WritableManifest to C:\dbt-and-databricks\06-chinook-schema\target\manifest.json
[0m14:34:53.610431 [debug] [MainThread]: Wrote artifact SemanticManifest to C:\dbt-and-databricks\06-chinook-schema\target\semantic_manifest.json
[0m14:34:53.643774 [debug] [MainThread]: Sending event: {'category': 'dbt', 'action': 'resource_counts', 'label': 'f895e84d-a64e-4e85-985b-ce8373f64823', 'context': [<snowplow_tracker.self_describing_json.SelfDescribingJson object at 0x000002067B77D010>]}
[0m14:34:53.643774 [info ] [MainThread]: Found 10 models, 8 snapshots, 11 seeds, 30 data tests, 1064 macros
[0m14:34:53.643774 [debug] [MainThread]: Sending event: {'category': 'dbt', 'action': 'runnable_timing', 'label': 'f895e84d-a64e-4e85-985b-ce8373f64823', 'context': [<snowplow_tracker.self_describing_json.SelfDescribingJson object at 0x000002067BE3FF20>]}
[0m14:34:53.643774 [info ] [MainThread]: 
[0m14:34:53.643774 [info ] [MainThread]: Concurrency: 1 threads (target='dev')
[0m14:34:53.643774 [info ] [MainThread]: 
[0m14:34:53.643774 [debug] [MainThread]: Databricks adapter: DatabricksDBTConnection(session-id=None, name=master) - Creating connection
[0m14:34:53.643774 [debug] [MainThread]: Acquiring new databricks connection 'master'
[0m14:34:53.660493 [debug] [ThreadPool]: Databricks adapter: DatabricksDBTConnection(session-id=None, name=list_uc_sql_server_central_data_mart) - Creating connection
[0m14:34:53.661803 [debug] [ThreadPool]: Acquiring new databricks connection 'list_uc_sql_server_central_data_mart'
[0m14:34:53.665799 [debug] [ThreadPool]: Using databricks connection "list_uc_sql_server_central_data_mart"
[0m14:34:53.665799 [debug] [ThreadPool]: On list_uc_sql_server_central_data_mart: /* {"app": "dbt", "dbt_version": "1.11.2", "dbt_databricks_version": "1.12.4", "databricks_sql_connector_version": "4.1.3", "profile_name": "chinook", "target_name": "dev", "invocation_id": "f895e84d-a64e-4e85-985b-ce8373f64823", "connection_name": "list_uc_sql_server_central_data_mart"} */

    
SELECT
  table_name,
  if(table_type IN ('EXTERNAL', 'MANAGED', 'MANAGED_SHALLOW_CLONE', 'EXTERNAL_SHALLOW_CLONE'), 'table', lower(table_type)) AS table_type,
  lower(data_source_format) AS file_format,
  table_owner,
  if(
    table_type IN (
      'EXTERNAL',
      'MANAGED',
      'MANAGED_SHALLOW_CLONE',
      'EXTERNAL_SHALLOW_CLONE'
    ),
    lower(table_type),
    NULL
  ) AS databricks_table_type
FROM `system`.`information_schema`.`tables`
WHERE table_catalog = 'uc_sql_server_central'
  AND table_schema = 'data_mart'

  
[0m14:34:53.665799 [debug] [ThreadPool]: Opening a new connection, currently in state init
[0m14:34:54.313668 [debug] [ThreadPool]: Databricks adapter: Connection(session-id=01f1a0b3-aa0c-101a-b24e-bf3222c176ab) - Created
[0m14:35:03.255956 [debug] [ThreadPool]: SQL status: OK in 9.590 seconds
[0m14:35:03.266786 [debug] [ThreadPool]: Databricks adapter: Cursor(session-id=01f1a0b3-aa0c-101a-b24e-bf3222c176ab, command-id=01f1a0b3-aa24-138a-8b75-f502794088d0) - Closing
[0m14:35:03.395532 [debug] [ThreadPool]: On list_uc_sql_server_central_data_mart: Close
[0m14:35:03.396523 [debug] [ThreadPool]: Databricks adapter: Connection(session-id=01f1a0b3-aa0c-101a-b24e-bf3222c176ab) - Closing
[0m14:35:03.512873 [debug] [ThreadPool]: Databricks adapter: DatabricksDBTConnection(session-id=None, name=list_uc_sql_server_central_data_stage) - Creating connection
[0m14:35:03.514924 [debug] [ThreadPool]: Acquiring new databricks connection 'list_uc_sql_server_central_data_stage'
[0m14:35:03.522754 [debug] [ThreadPool]: Using databricks connection "list_uc_sql_server_central_data_stage"
[0m14:35:03.523740 [debug] [ThreadPool]: On list_uc_sql_server_central_data_stage: /* {"app": "dbt", "dbt_version": "1.11.2", "dbt_databricks_version": "1.12.4", "databricks_sql_connector_version": "4.1.3", "profile_name": "chinook", "target_name": "dev", "invocation_id": "f895e84d-a64e-4e85-985b-ce8373f64823", "connection_name": "list_uc_sql_server_central_data_stage"} */

    
SELECT
  table_name,
  if(table_type IN ('EXTERNAL', 'MANAGED', 'MANAGED_SHALLOW_CLONE', 'EXTERNAL_SHALLOW_CLONE'), 'table', lower(table_type)) AS table_type,
  lower(data_source_format) AS file_format,
  table_owner,
  if(
    table_type IN (
      'EXTERNAL',
      'MANAGED',
      'MANAGED_SHALLOW_CLONE',
      'EXTERNAL_SHALLOW_CLONE'
    ),
    lower(table_type),
    NULL
  ) AS databricks_table_type
FROM `system`.`information_schema`.`tables`
WHERE table_catalog = 'uc_sql_server_central'
  AND table_schema = 'data_stage'

  
[0m14:35:03.524738 [debug] [ThreadPool]: Opening a new connection, currently in state init
[0m14:35:03.841676 [debug] [ThreadPool]: Databricks adapter: Connection(session-id=01f1a0b3-afc2-1cef-8725-25fa81343493) - Created
[0m14:35:04.586263 [debug] [ThreadPool]: SQL status: OK in 1.060 seconds
[0m14:35:04.586263 [debug] [ThreadPool]: Databricks adapter: Cursor(session-id=01f1a0b3-afc2-1cef-8725-25fa81343493, command-id=01f1a0b3-afd3-18fd-8d94-cc592a3db4da) - Closing
[0m14:35:04.586263 [debug] [ThreadPool]: On list_uc_sql_server_central_data_stage: Close
[0m14:35:04.586263 [debug] [ThreadPool]: Databricks adapter: Connection(session-id=01f1a0b3-afc2-1cef-8725-25fa81343493) - Closing
[0m14:35:04.707734 [debug] [ThreadPool]: Databricks adapter: DatabricksDBTConnection(session-id=None, name=list_uc_sql_server_central_data_raw) - Creating connection
[0m14:35:04.709723 [debug] [ThreadPool]: Acquiring new databricks connection 'list_uc_sql_server_central_data_raw'
[0m14:35:04.714664 [debug] [ThreadPool]: Using databricks connection "list_uc_sql_server_central_data_raw"
[0m14:35:04.715649 [debug] [ThreadPool]: On list_uc_sql_server_central_data_raw: /* {"app": "dbt", "dbt_version": "1.11.2", "dbt_databricks_version": "1.12.4", "databricks_sql_connector_version": "4.1.3", "profile_name": "chinook", "target_name": "dev", "invocation_id": "f895e84d-a64e-4e85-985b-ce8373f64823", "connection_name": "list_uc_sql_server_central_data_raw"} */

    
SELECT
  table_name,
  if(table_type IN ('EXTERNAL', 'MANAGED', 'MANAGED_SHALLOW_CLONE', 'EXTERNAL_SHALLOW_CLONE'), 'table', lower(table_type)) AS table_type,
  lower(data_source_format) AS file_format,
  table_owner,
  if(
    table_type IN (
      'EXTERNAL',
      'MANAGED',
      'MANAGED_SHALLOW_CLONE',
      'EXTERNAL_SHALLOW_CLONE'
    ),
    lower(table_type),
    NULL
  ) AS databricks_table_type
FROM `system`.`information_schema`.`tables`
WHERE table_catalog = 'uc_sql_server_central'
  AND table_schema = 'data_raw'

  
[0m14:35:04.716665 [debug] [ThreadPool]: Opening a new connection, currently in state init
[0m14:35:05.032534 [debug] [ThreadPool]: Databricks adapter: Connection(session-id=01f1a0b3-b079-1f70-b99a-b25bbe8cfdad) - Created
[0m14:35:05.613252 [debug] [ThreadPool]: SQL status: OK in 0.900 seconds
[0m14:35:05.617252 [debug] [ThreadPool]: Databricks adapter: Cursor(session-id=01f1a0b3-b079-1f70-b99a-b25bbe8cfdad, command-id=01f1a0b3-b08a-15d8-a651-906012cd1cf8) - Closing
[0m14:35:05.619329 [debug] [ThreadPool]: On list_uc_sql_server_central_data_raw: Close
[0m14:35:05.619329 [debug] [ThreadPool]: Databricks adapter: Connection(session-id=01f1a0b3-b079-1f70-b99a-b25bbe8cfdad) - Closing
[0m14:35:05.736320 [debug] [ThreadPool]: Databricks adapter: DatabricksDBTConnection(session-id=None, name=list_uc_sql_server_central_data_snapshot) - Creating connection
[0m14:35:05.736320 [debug] [ThreadPool]: Acquiring new databricks connection 'list_uc_sql_server_central_data_snapshot'
[0m14:35:05.740916 [debug] [ThreadPool]: Using databricks connection "list_uc_sql_server_central_data_snapshot"
[0m14:35:05.740916 [debug] [ThreadPool]: On list_uc_sql_server_central_data_snapshot: /* {"app": "dbt", "dbt_version": "1.11.2", "dbt_databricks_version": "1.12.4", "databricks_sql_connector_version": "4.1.3", "profile_name": "chinook", "target_name": "dev", "invocation_id": "f895e84d-a64e-4e85-985b-ce8373f64823", "connection_name": "list_uc_sql_server_central_data_snapshot"} */

    
SELECT
  table_name,
  if(table_type IN ('EXTERNAL', 'MANAGED', 'MANAGED_SHALLOW_CLONE', 'EXTERNAL_SHALLOW_CLONE'), 'table', lower(table_type)) AS table_type,
  lower(data_source_format) AS file_format,
  table_owner,
  if(
    table_type IN (
      'EXTERNAL',
      'MANAGED',
      'MANAGED_SHALLOW_CLONE',
      'EXTERNAL_SHALLOW_CLONE'
    ),
    lower(table_type),
    NULL
  ) AS databricks_table_type
FROM `system`.`information_schema`.`tables`
WHERE table_catalog = 'uc_sql_server_central'
  AND table_schema = 'data_snapshot'

  
[0m14:35:05.753151 [debug] [ThreadPool]: Opening a new connection, currently in state init
[0m14:35:06.062146 [debug] [ThreadPool]: Databricks adapter: Connection(session-id=01f1a0b3-b115-115b-b95e-1790d923d6cf) - Created
[0m14:35:06.579451 [debug] [ThreadPool]: SQL status: OK in 0.830 seconds
[0m14:35:06.583450 [debug] [ThreadPool]: Databricks adapter: Cursor(session-id=01f1a0b3-b115-115b-b95e-1790d923d6cf, command-id=01f1a0b3-b126-1ccd-ad1c-88db9b75aaa5) - Closing
[0m14:35:06.585450 [debug] [ThreadPool]: On list_uc_sql_server_central_data_snapshot: Close
[0m14:35:06.585450 [debug] [ThreadPool]: Databricks adapter: Connection(session-id=01f1a0b3-b115-115b-b95e-1790d923d6cf) - Closing
[0m14:35:06.689893 [debug] [MainThread]: Sending event: {'category': 'dbt', 'action': 'runnable_timing', 'label': 'f895e84d-a64e-4e85-985b-ce8373f64823', 'context': [<snowplow_tracker.self_describing_json.SelfDescribingJson object at 0x000002067BA03E30>]}
[0m14:35:06.689893 [debug] [Thread-5 (]: Began running node test.chinook.not_null_Album__AlbumId_.9e0aa437b4
[0m14:35:06.705748 [info ] [Thread-5 (]: 1 of 30 START test not_null_Album__AlbumId_ .................................... [RUN]
[0m14:35:06.705748 [debug] [Thread-5 (]: Databricks adapter: DatabricksDBTConnection(session-id=None, name=test.chinook.not_null_Album__AlbumId_.9e0aa437b4) - Creating connection
[0m14:35:06.705748 [debug] [Thread-5 (]: Acquiring new databricks connection 'test.chinook.not_null_Album__AlbumId_.9e0aa437b4'
[0m14:35:06.705748 [debug] [Thread-5 (]: Began compiling node test.chinook.not_null_Album__AlbumId_.9e0aa437b4
[0m14:35:06.735131 [debug] [Thread-5 (]: Writing injected SQL for node "test.chinook.not_null_Album__AlbumId_.9e0aa437b4"
[0m14:35:06.736655 [debug] [Thread-5 (]: Began executing node test.chinook.not_null_Album__AlbumId_.9e0aa437b4
[0m14:35:06.759703 [debug] [Thread-5 (]: Writing runtime sql for node "test.chinook.not_null_Album__AlbumId_.9e0aa437b4"
[0m14:35:06.761930 [debug] [Thread-5 (]: Using databricks connection "test.chinook.not_null_Album__AlbumId_.9e0aa437b4"
[0m14:35:06.761930 [debug] [Thread-5 (]: On test.chinook.not_null_Album__AlbumId_.9e0aa437b4: /* {"app": "dbt", "dbt_version": "1.11.2", "dbt_databricks_version": "1.12.4", "databricks_sql_connector_version": "4.1.3", "profile_name": "chinook", "target_name": "dev", "invocation_id": "f895e84d-a64e-4e85-985b-ce8373f64823", "node_id": "test.chinook.not_null_Album__AlbumId_.9e0aa437b4"} */

    select
      count(*) as failures,
      count(*) != 0 as should_warn,
      count(*) != 0 as should_error
    from (
      
    
  
    
    



select `AlbumId`
from `uc_sql_server_central`.`data_raw`.`album01`
where `AlbumId` is null



  
  
      
    ) dbt_internal_test
[0m14:35:06.761930 [debug] [Thread-5 (]: Opening a new connection, currently in state init
[0m14:35:07.064223 [debug] [Thread-5 (]: Databricks adapter: Connection(session-id=01f1a0b3-b1ae-1b94-8895-8471717e5bfc) - Created
[0m14:35:08.858218 [debug] [Thread-5 (]: SQL status: OK in 2.100 seconds
[0m14:35:08.874091 [debug] [Thread-5 (]: Databricks adapter: Cursor(session-id=01f1a0b3-b1ae-1b94-8895-8471717e5bfc, command-id=01f1a0b3-b1be-10d6-b577-5d4ea64bfab0) - Closing
[0m14:35:08.883265 [debug] [Thread-5 (]: On test.chinook.not_null_Album__AlbumId_.9e0aa437b4: Close
[0m14:35:08.884422 [debug] [Thread-5 (]: Databricks adapter: Connection(session-id=01f1a0b3-b1ae-1b94-8895-8471717e5bfc) - Closing
[0m14:35:08.973559 [info ] [Thread-5 (]: 1 of 30 PASS not_null_Album__AlbumId_ .......................................... [[32mPASS[0m in 2.27s]
[0m14:35:08.989559 [debug] [Thread-5 (]: Finished running node test.chinook.not_null_Album__AlbumId_.9e0aa437b4
[0m14:35:08.989559 [debug] [Thread-5 (]: Began running node test.chinook.not_null_Artist__ArtistId_.8487e96cb3
[0m14:35:08.989559 [info ] [Thread-5 (]: 2 of 30 START test not_null_Artist__ArtistId_ .................................. [RUN]
[0m14:35:08.989559 [debug] [Thread-5 (]: Databricks adapter: DatabricksDBTConnection(session-id=None, name=test.chinook.not_null_Artist__ArtistId_.8487e96cb3) - Creating connection
[0m14:35:08.989559 [debug] [Thread-5 (]: Acquiring new databricks connection 'test.chinook.not_null_Artist__ArtistId_.8487e96cb3'
[0m14:35:08.989559 [debug] [Thread-5 (]: Began compiling node test.chinook.not_null_Artist__ArtistId_.8487e96cb3
[0m14:35:09.005529 [debug] [Thread-5 (]: Writing injected SQL for node "test.chinook.not_null_Artist__ArtistId_.8487e96cb3"
[0m14:35:09.007922 [debug] [Thread-5 (]: Began executing node test.chinook.not_null_Artist__ArtistId_.8487e96cb3
[0m14:35:09.014303 [debug] [Thread-5 (]: Writing runtime sql for node "test.chinook.not_null_Artist__ArtistId_.8487e96cb3"
[0m14:35:09.014303 [debug] [Thread-5 (]: Using databricks connection "test.chinook.not_null_Artist__ArtistId_.8487e96cb3"
[0m14:35:09.014303 [debug] [Thread-5 (]: On test.chinook.not_null_Artist__ArtistId_.8487e96cb3: /* {"app": "dbt", "dbt_version": "1.11.2", "dbt_databricks_version": "1.12.4", "databricks_sql_connector_version": "4.1.3", "profile_name": "chinook", "target_name": "dev", "invocation_id": "f895e84d-a64e-4e85-985b-ce8373f64823", "node_id": "test.chinook.not_null_Artist__ArtistId_.8487e96cb3"} */

    select
      count(*) as failures,
      count(*) != 0 as should_warn,
      count(*) != 0 as should_error
    from (
      
    
  
    
    



select `ArtistId`
from `uc_sql_server_central`.`data_raw`.`artist01`
where `ArtistId` is null



  
  
      
    ) dbt_internal_test
[0m14:35:09.014303 [debug] [Thread-5 (]: Opening a new connection, currently in state init
[0m14:35:09.317633 [debug] [Thread-5 (]: Databricks adapter: Connection(session-id=01f1a0b3-b307-1202-a360-8be07b89d7ce) - Created
[0m14:35:10.003707 [debug] [Thread-5 (]: SQL status: OK in 0.990 seconds
[0m14:35:10.003707 [debug] [Thread-5 (]: Databricks adapter: Cursor(session-id=01f1a0b3-b307-1202-a360-8be07b89d7ce, command-id=01f1a0b3-b317-1ddc-84cc-37b0ae282a5b) - Closing
[0m14:35:10.003707 [debug] [Thread-5 (]: On test.chinook.not_null_Artist__ArtistId_.8487e96cb3: Close
[0m14:35:10.003707 [debug] [Thread-5 (]: Databricks adapter: Connection(session-id=01f1a0b3-b307-1202-a360-8be07b89d7ce) - Closing
[0m14:35:10.101064 [info ] [Thread-5 (]: 2 of 30 PASS not_null_Artist__ArtistId_ ........................................ [[32mPASS[0m in 1.11s]
[0m14:35:10.101966 [debug] [Thread-5 (]: Finished running node test.chinook.not_null_Artist__ArtistId_.8487e96cb3
[0m14:35:10.103087 [debug] [Thread-5 (]: Began running node test.chinook.not_null_Customer__CustomerId_.bbb14ecc1f
[0m14:35:10.104087 [info ] [Thread-5 (]: 3 of 30 START test not_null_Customer__CustomerId_ .............................. [RUN]
[0m14:35:10.105098 [debug] [Thread-5 (]: Databricks adapter: DatabricksDBTConnection(session-id=None, name=test.chinook.not_null_Customer__CustomerId_.bbb14ecc1f) - Creating connection
[0m14:35:10.106098 [debug] [Thread-5 (]: Acquiring new databricks connection 'test.chinook.not_null_Customer__CustomerId_.bbb14ecc1f'
[0m14:35:10.107099 [debug] [Thread-5 (]: Began compiling node test.chinook.not_null_Customer__CustomerId_.bbb14ecc1f
[0m14:35:10.116510 [debug] [Thread-5 (]: Writing injected SQL for node "test.chinook.not_null_Customer__CustomerId_.bbb14ecc1f"
[0m14:35:10.116510 [debug] [Thread-5 (]: Began executing node test.chinook.not_null_Customer__CustomerId_.bbb14ecc1f
[0m14:35:10.206604 [debug] [Thread-5 (]: Writing runtime sql for node "test.chinook.not_null_Customer__CustomerId_.bbb14ecc1f"
[0m14:35:10.207487 [debug] [Thread-5 (]: Using databricks connection "test.chinook.not_null_Customer__CustomerId_.bbb14ecc1f"
[0m14:35:10.208613 [debug] [Thread-5 (]: On test.chinook.not_null_Customer__CustomerId_.bbb14ecc1f: /* {"app": "dbt", "dbt_version": "1.11.2", "dbt_databricks_version": "1.12.4", "databricks_sql_connector_version": "4.1.3", "profile_name": "chinook", "target_name": "dev", "invocation_id": "f895e84d-a64e-4e85-985b-ce8373f64823", "node_id": "test.chinook.not_null_Customer__CustomerId_.bbb14ecc1f"} */

    select
      count(*) as failures,
      count(*) != 0 as should_warn,
      count(*) != 0 as should_error
    from (
      
    
  
    
    



select `CustomerId`
from `uc_sql_server_central`.`data_raw`.`customer01`
where `CustomerId` is null



  
  
      
    ) dbt_internal_test
[0m14:35:10.208613 [debug] [Thread-5 (]: Opening a new connection, currently in state init
[0m14:35:10.486313 [debug] [Thread-5 (]: Databricks adapter: Connection(session-id=01f1a0b3-b3b9-1412-87b1-639f43865b57) - Created
[0m14:35:11.111352 [debug] [Thread-5 (]: SQL status: OK in 0.900 seconds
[0m14:35:11.111352 [debug] [Thread-5 (]: Databricks adapter: Cursor(session-id=01f1a0b3-b3b9-1412-87b1-639f43865b57, command-id=01f1a0b3-b3c8-1842-8064-b5309faefe4e) - Closing
[0m14:35:11.111352 [debug] [Thread-5 (]: On test.chinook.not_null_Customer__CustomerId_.bbb14ecc1f: Close
[0m14:35:11.111352 [debug] [Thread-5 (]: Databricks adapter: Connection(session-id=01f1a0b3-b3b9-1412-87b1-639f43865b57) - Closing
[0m14:35:11.207435 [info ] [Thread-5 (]: 3 of 30 PASS not_null_Customer__CustomerId_ .................................... [[32mPASS[0m in 1.10s]
[0m14:35:11.207435 [debug] [Thread-5 (]: Finished running node test.chinook.not_null_Customer__CustomerId_.bbb14ecc1f
[0m14:35:11.223560 [debug] [Thread-5 (]: Began running node test.chinook.not_null_Employee__EmployeeId_.134bde3252
[0m14:35:11.223560 [info ] [Thread-5 (]: 4 of 30 START test not_null_Employee__EmployeeId_ .............................. [RUN]
[0m14:35:11.223560 [debug] [Thread-5 (]: Databricks adapter: DatabricksDBTConnection(session-id=None, name=test.chinook.not_null_Employee__EmployeeId_.134bde3252) - Creating connection
[0m14:35:11.223560 [debug] [Thread-5 (]: Acquiring new databricks connection 'test.chinook.not_null_Employee__EmployeeId_.134bde3252'
[0m14:35:11.223560 [debug] [Thread-5 (]: Began compiling node test.chinook.not_null_Employee__EmployeeId_.134bde3252
[0m14:35:11.223560 [debug] [Thread-5 (]: Writing injected SQL for node "test.chinook.not_null_Employee__EmployeeId_.134bde3252"
[0m14:35:11.239741 [debug] [Thread-5 (]: Began executing node test.chinook.not_null_Employee__EmployeeId_.134bde3252
[0m14:35:11.247098 [debug] [Thread-5 (]: Writing runtime sql for node "test.chinook.not_null_Employee__EmployeeId_.134bde3252"
[0m14:35:11.249223 [debug] [Thread-5 (]: Using databricks connection "test.chinook.not_null_Employee__EmployeeId_.134bde3252"
[0m14:35:11.251803 [debug] [Thread-5 (]: On test.chinook.not_null_Employee__EmployeeId_.134bde3252: /* {"app": "dbt", "dbt_version": "1.11.2", "dbt_databricks_version": "1.12.4", "databricks_sql_connector_version": "4.1.3", "profile_name": "chinook", "target_name": "dev", "invocation_id": "f895e84d-a64e-4e85-985b-ce8373f64823", "node_id": "test.chinook.not_null_Employee__EmployeeId_.134bde3252"} */

    select
      count(*) as failures,
      count(*) != 0 as should_warn,
      count(*) != 0 as should_error
    from (
      
    
  
    
    



select `EmployeeId`
from `uc_sql_server_central`.`data_raw`.`employee01`
where `EmployeeId` is null



  
  
      
    ) dbt_internal_test
[0m14:35:11.251803 [debug] [Thread-5 (]: Opening a new connection, currently in state init
[0m14:35:11.537335 [debug] [Thread-5 (]: Databricks adapter: Connection(session-id=01f1a0b3-b45d-1162-a4a5-3aaff716f222) - Created
[0m14:35:12.093941 [debug] [Thread-5 (]: SQL status: OK in 0.840 seconds
[0m14:35:12.093941 [debug] [Thread-5 (]: Databricks adapter: Cursor(session-id=01f1a0b3-b45d-1162-a4a5-3aaff716f222, command-id=01f1a0b3-b46c-181d-9626-a8e3feb1e043) - Closing
[0m14:35:12.093941 [debug] [Thread-5 (]: On test.chinook.not_null_Employee__EmployeeId_.134bde3252: Close
[0m14:35:12.093941 [debug] [Thread-5 (]: Databricks adapter: Connection(session-id=01f1a0b3-b45d-1162-a4a5-3aaff716f222) - Closing
[0m14:35:12.192267 [info ] [Thread-5 (]: 4 of 30 PASS not_null_Employee__EmployeeId_ .................................... [[32mPASS[0m in 0.97s]
[0m14:35:12.193706 [debug] [Thread-5 (]: Finished running node test.chinook.not_null_Employee__EmployeeId_.134bde3252
[0m14:35:12.193706 [debug] [Thread-5 (]: Began running node test.chinook.not_null_Genre__GenreId_.bbc29084c9
[0m14:35:12.195639 [info ] [Thread-5 (]: 5 of 30 START test not_null_Genre__GenreId_ .................................... [RUN]
[0m14:35:12.196664 [debug] [Thread-5 (]: Databricks adapter: DatabricksDBTConnection(session-id=None, name=test.chinook.not_null_Genre__GenreId_.bbc29084c9) - Creating connection
[0m14:35:12.197778 [debug] [Thread-5 (]: Acquiring new databricks connection 'test.chinook.not_null_Genre__GenreId_.bbc29084c9'
[0m14:35:12.197778 [debug] [Thread-5 (]: Began compiling node test.chinook.not_null_Genre__GenreId_.bbc29084c9
[0m14:35:12.209009 [debug] [Thread-5 (]: Writing injected SQL for node "test.chinook.not_null_Genre__GenreId_.bbc29084c9"
[0m14:35:12.210914 [debug] [Thread-5 (]: Began executing node test.chinook.not_null_Genre__GenreId_.bbc29084c9
[0m14:35:12.214078 [debug] [Thread-5 (]: Writing runtime sql for node "test.chinook.not_null_Genre__GenreId_.bbc29084c9"
[0m14:35:12.216096 [debug] [Thread-5 (]: Using databricks connection "test.chinook.not_null_Genre__GenreId_.bbc29084c9"
[0m14:35:12.216096 [debug] [Thread-5 (]: On test.chinook.not_null_Genre__GenreId_.bbc29084c9: /* {"app": "dbt", "dbt_version": "1.11.2", "dbt_databricks_version": "1.12.4", "databricks_sql_connector_version": "4.1.3", "profile_name": "chinook", "target_name": "dev", "invocation_id": "f895e84d-a64e-4e85-985b-ce8373f64823", "node_id": "test.chinook.not_null_Genre__GenreId_.bbc29084c9"} */

    select
      count(*) as failures,
      count(*) != 0 as should_warn,
      count(*) != 0 as should_error
    from (
      
    
  
    
    



select `GenreId`
from `uc_sql_server_central`.`data_raw`.`genre01`
where `GenreId` is null



  
  
      
    ) dbt_internal_test
[0m14:35:12.216096 [debug] [Thread-5 (]: Opening a new connection, currently in state init
[0m14:35:12.497464 [debug] [Thread-5 (]: Databricks adapter: Connection(session-id=01f1a0b3-b4ee-1f47-aea7-14c6f2bf55e4) - Created
[0m14:35:13.045129 [debug] [Thread-5 (]: SQL status: OK in 0.830 seconds
[0m14:35:13.045129 [debug] [Thread-5 (]: Databricks adapter: Cursor(session-id=01f1a0b3-b4ee-1f47-aea7-14c6f2bf55e4, command-id=01f1a0b3-b4fc-170d-bac1-897d06aa6803) - Closing
[0m14:35:13.045129 [debug] [Thread-5 (]: On test.chinook.not_null_Genre__GenreId_.bbc29084c9: Close
[0m14:35:13.045129 [debug] [Thread-5 (]: Databricks adapter: Connection(session-id=01f1a0b3-b4ee-1f47-aea7-14c6f2bf55e4) - Closing
[0m14:35:13.144235 [info ] [Thread-5 (]: 5 of 30 PASS not_null_Genre__GenreId_ .......................................... [[32mPASS[0m in 0.95s]
[0m14:35:13.144235 [debug] [Thread-5 (]: Finished running node test.chinook.not_null_Genre__GenreId_.bbc29084c9
[0m14:35:13.144235 [debug] [Thread-5 (]: Began running node test.chinook.not_null_InvoiceLine__InvoiceLineId_.b03d4c937c
[0m14:35:13.144235 [info ] [Thread-5 (]: 6 of 30 START test not_null_InvoiceLine__InvoiceLineId_ ........................ [RUN]
[0m14:35:13.153098 [debug] [Thread-5 (]: Databricks adapter: DatabricksDBTConnection(session-id=None, name=test.chinook.not_null_InvoiceLine__InvoiceLineId_.b03d4c937c) - Creating connection
[0m14:35:13.153098 [debug] [Thread-5 (]: Acquiring new databricks connection 'test.chinook.not_null_InvoiceLine__InvoiceLineId_.b03d4c937c'
[0m14:35:13.153098 [debug] [Thread-5 (]: Began compiling node test.chinook.not_null_InvoiceLine__InvoiceLineId_.b03d4c937c
[0m14:35:13.167917 [debug] [Thread-5 (]: Writing injected SQL for node "test.chinook.not_null_InvoiceLine__InvoiceLineId_.b03d4c937c"
[0m14:35:13.176654 [debug] [Thread-5 (]: Began executing node test.chinook.not_null_InvoiceLine__InvoiceLineId_.b03d4c937c
[0m14:35:13.183502 [debug] [Thread-5 (]: Writing runtime sql for node "test.chinook.not_null_InvoiceLine__InvoiceLineId_.b03d4c937c"
[0m14:35:13.183502 [debug] [Thread-5 (]: Using databricks connection "test.chinook.not_null_InvoiceLine__InvoiceLineId_.b03d4c937c"
[0m14:35:13.183502 [debug] [Thread-5 (]: On test.chinook.not_null_InvoiceLine__InvoiceLineId_.b03d4c937c: /* {"app": "dbt", "dbt_version": "1.11.2", "dbt_databricks_version": "1.12.4", "databricks_sql_connector_version": "4.1.3", "profile_name": "chinook", "target_name": "dev", "invocation_id": "f895e84d-a64e-4e85-985b-ce8373f64823", "node_id": "test.chinook.not_null_InvoiceLine__InvoiceLineId_.b03d4c937c"} */

    select
      count(*) as failures,
      count(*) != 0 as should_warn,
      count(*) != 0 as should_error
    from (
      
    
  
    
    



select `InvoiceLineId`
from `uc_sql_server_central`.`data_raw`.`invoiceline01`
where `InvoiceLineId` is null



  
  
      
    ) dbt_internal_test
[0m14:35:13.183502 [debug] [Thread-5 (]: Opening a new connection, currently in state init
[0m14:35:13.453734 [debug] [Thread-5 (]: Databricks adapter: Connection(session-id=01f1a0b3-b580-1da2-ba3b-b7c90ef9a366) - Created
[0m14:35:13.938701 [debug] [Thread-5 (]: SQL status: OK in 0.760 seconds
[0m14:35:13.941775 [debug] [Thread-5 (]: Databricks adapter: Cursor(session-id=01f1a0b3-b580-1da2-ba3b-b7c90ef9a366, command-id=01f1a0b3-b58d-1dae-bc9e-3e6dedb9f309) - Closing
[0m14:35:13.943390 [debug] [Thread-5 (]: On test.chinook.not_null_InvoiceLine__InvoiceLineId_.b03d4c937c: Close
[0m14:35:13.943390 [debug] [Thread-5 (]: Databricks adapter: Connection(session-id=01f1a0b3-b580-1da2-ba3b-b7c90ef9a366) - Closing
[0m14:35:14.038299 [info ] [Thread-5 (]: 6 of 30 PASS not_null_InvoiceLine__InvoiceLineId_ .............................. [[32mPASS[0m in 0.89s]
[0m14:35:14.054120 [debug] [Thread-5 (]: Finished running node test.chinook.not_null_InvoiceLine__InvoiceLineId_.b03d4c937c
[0m14:35:14.055177 [debug] [Thread-5 (]: Began running node test.chinook.not_null_Invoice__InvoiceId_.e27afccb10
[0m14:35:14.055177 [info ] [Thread-5 (]: 7 of 30 START test not_null_Invoice__InvoiceId_ ................................ [RUN]
[0m14:35:14.055177 [debug] [Thread-5 (]: Databricks adapter: DatabricksDBTConnection(session-id=None, name=test.chinook.not_null_Invoice__InvoiceId_.e27afccb10) - Creating connection
[0m14:35:14.055177 [debug] [Thread-5 (]: Acquiring new databricks connection 'test.chinook.not_null_Invoice__InvoiceId_.e27afccb10'
[0m14:35:14.055177 [debug] [Thread-5 (]: Began compiling node test.chinook.not_null_Invoice__InvoiceId_.e27afccb10
[0m14:35:14.055177 [debug] [Thread-5 (]: Writing injected SQL for node "test.chinook.not_null_Invoice__InvoiceId_.e27afccb10"
[0m14:35:14.072218 [debug] [Thread-5 (]: Began executing node test.chinook.not_null_Invoice__InvoiceId_.e27afccb10
[0m14:35:14.076548 [debug] [Thread-5 (]: Writing runtime sql for node "test.chinook.not_null_Invoice__InvoiceId_.e27afccb10"
[0m14:35:14.080464 [debug] [Thread-5 (]: Using databricks connection "test.chinook.not_null_Invoice__InvoiceId_.e27afccb10"
[0m14:35:14.080464 [debug] [Thread-5 (]: On test.chinook.not_null_Invoice__InvoiceId_.e27afccb10: /* {"app": "dbt", "dbt_version": "1.11.2", "dbt_databricks_version": "1.12.4", "databricks_sql_connector_version": "4.1.3", "profile_name": "chinook", "target_name": "dev", "invocation_id": "f895e84d-a64e-4e85-985b-ce8373f64823", "node_id": "test.chinook.not_null_Invoice__InvoiceId_.e27afccb10"} */

    select
      count(*) as failures,
      count(*) != 0 as should_warn,
      count(*) != 0 as should_error
    from (
      
    
  
    
    



select `InvoiceId`
from `uc_sql_server_central`.`data_raw`.`invoice01`
where `InvoiceId` is null



  
  
      
    ) dbt_internal_test
[0m14:35:14.080464 [debug] [Thread-5 (]: Opening a new connection, currently in state init
[0m14:35:14.376630 [debug] [Thread-5 (]: Databricks adapter: Connection(session-id=01f1a0b3-b60c-14a5-8b42-87746073cc15) - Created
[0m14:35:14.891120 [debug] [Thread-5 (]: SQL status: OK in 0.810 seconds
[0m14:35:14.891120 [debug] [Thread-5 (]: Databricks adapter: Cursor(session-id=01f1a0b3-b60c-14a5-8b42-87746073cc15, command-id=01f1a0b3-b61c-1c90-8c1f-248a8800ec58) - Closing
[0m14:35:14.891120 [debug] [Thread-5 (]: On test.chinook.not_null_Invoice__InvoiceId_.e27afccb10: Close
[0m14:35:14.891120 [debug] [Thread-5 (]: Databricks adapter: Connection(session-id=01f1a0b3-b60c-14a5-8b42-87746073cc15) - Closing
[0m14:35:14.986637 [info ] [Thread-5 (]: 7 of 30 PASS not_null_Invoice__InvoiceId_ ...................................... [[32mPASS[0m in 0.93s]
[0m14:35:14.986637 [debug] [Thread-5 (]: Finished running node test.chinook.not_null_Invoice__InvoiceId_.e27afccb10
[0m14:35:14.986637 [debug] [Thread-5 (]: Began running node test.chinook.not_null_MediaType__MediaTypeId_.2eda38646b
[0m14:35:14.986637 [info ] [Thread-5 (]: 8 of 30 START test not_null_MediaType__MediaTypeId_ ............................ [RUN]
[0m14:35:14.986637 [debug] [Thread-5 (]: Databricks adapter: DatabricksDBTConnection(session-id=None, name=test.chinook.not_null_MediaType__MediaTypeId_.2eda38646b) - Creating connection
[0m14:35:14.986637 [debug] [Thread-5 (]: Acquiring new databricks connection 'test.chinook.not_null_MediaType__MediaTypeId_.2eda38646b'
[0m14:35:14.986637 [debug] [Thread-5 (]: Began compiling node test.chinook.not_null_MediaType__MediaTypeId_.2eda38646b
[0m14:35:15.011308 [debug] [Thread-5 (]: Writing injected SQL for node "test.chinook.not_null_MediaType__MediaTypeId_.2eda38646b"
[0m14:35:15.011308 [debug] [Thread-5 (]: Began executing node test.chinook.not_null_MediaType__MediaTypeId_.2eda38646b
[0m14:35:15.020463 [debug] [Thread-5 (]: Writing runtime sql for node "test.chinook.not_null_MediaType__MediaTypeId_.2eda38646b"
[0m14:35:15.022473 [debug] [Thread-5 (]: Using databricks connection "test.chinook.not_null_MediaType__MediaTypeId_.2eda38646b"
[0m14:35:15.024484 [debug] [Thread-5 (]: On test.chinook.not_null_MediaType__MediaTypeId_.2eda38646b: /* {"app": "dbt", "dbt_version": "1.11.2", "dbt_databricks_version": "1.12.4", "databricks_sql_connector_version": "4.1.3", "profile_name": "chinook", "target_name": "dev", "invocation_id": "f895e84d-a64e-4e85-985b-ce8373f64823", "node_id": "test.chinook.not_null_MediaType__MediaTypeId_.2eda38646b"} */

    select
      count(*) as failures,
      count(*) != 0 as should_warn,
      count(*) != 0 as should_error
    from (
      
    
  
    
    



select `MediaTypeId`
from `uc_sql_server_central`.`data_raw`.`mediatype01`
where `MediaTypeId` is null



  
  
      
    ) dbt_internal_test
[0m14:35:15.024484 [debug] [Thread-5 (]: Opening a new connection, currently in state init
[0m14:35:15.316698 [debug] [Thread-5 (]: Databricks adapter: Connection(session-id=01f1a0b3-b69b-109e-a661-a7879dcf6a23) - Created
[0m14:35:15.795172 [debug] [Thread-5 (]: SQL status: OK in 0.770 seconds
[0m14:35:15.795172 [debug] [Thread-5 (]: Databricks adapter: Cursor(session-id=01f1a0b3-b69b-109e-a661-a7879dcf6a23, command-id=01f1a0b3-b6ad-1661-b406-70c161c503ec) - Closing
[0m14:35:15.795172 [debug] [Thread-5 (]: On test.chinook.not_null_MediaType__MediaTypeId_.2eda38646b: Close
[0m14:35:15.795172 [debug] [Thread-5 (]: Databricks adapter: Connection(session-id=01f1a0b3-b69b-109e-a661-a7879dcf6a23) - Closing
[0m14:35:15.906885 [info ] [Thread-5 (]: 8 of 30 PASS not_null_MediaType__MediaTypeId_ .................................. [[32mPASS[0m in 0.92s]
[0m14:35:15.906885 [debug] [Thread-5 (]: Finished running node test.chinook.not_null_MediaType__MediaTypeId_.2eda38646b
[0m14:35:15.922812 [debug] [Thread-5 (]: Began running node test.chinook.not_null_Playlist__PlaylistId_.d2edff8e7d
[0m14:35:15.922812 [info ] [Thread-5 (]: 9 of 30 START test not_null_Playlist__PlaylistId_ .............................. [RUN]
[0m14:35:15.922812 [debug] [Thread-5 (]: Databricks adapter: DatabricksDBTConnection(session-id=None, name=test.chinook.not_null_Playlist__PlaylistId_.d2edff8e7d) - Creating connection
[0m14:35:15.922812 [debug] [Thread-5 (]: Acquiring new databricks connection 'test.chinook.not_null_Playlist__PlaylistId_.d2edff8e7d'
[0m14:35:15.922812 [debug] [Thread-5 (]: Began compiling node test.chinook.not_null_Playlist__PlaylistId_.d2edff8e7d
[0m14:35:15.938711 [debug] [Thread-5 (]: Writing injected SQL for node "test.chinook.not_null_Playlist__PlaylistId_.d2edff8e7d"
[0m14:35:15.942690 [debug] [Thread-5 (]: Began executing node test.chinook.not_null_Playlist__PlaylistId_.d2edff8e7d
[0m14:35:15.949852 [debug] [Thread-5 (]: Writing runtime sql for node "test.chinook.not_null_Playlist__PlaylistId_.d2edff8e7d"
[0m14:35:15.949852 [debug] [Thread-5 (]: Using databricks connection "test.chinook.not_null_Playlist__PlaylistId_.d2edff8e7d"
[0m14:35:15.949852 [debug] [Thread-5 (]: On test.chinook.not_null_Playlist__PlaylistId_.d2edff8e7d: /* {"app": "dbt", "dbt_version": "1.11.2", "dbt_databricks_version": "1.12.4", "databricks_sql_connector_version": "4.1.3", "profile_name": "chinook", "target_name": "dev", "invocation_id": "f895e84d-a64e-4e85-985b-ce8373f64823", "node_id": "test.chinook.not_null_Playlist__PlaylistId_.d2edff8e7d"} */

    select
      count(*) as failures,
      count(*) != 0 as should_warn,
      count(*) != 0 as should_error
    from (
      
    
  
    
    



select `PlaylistId`
from `uc_sql_server_central`.`data_raw`.`playlist01`
where `PlaylistId` is null



  
  
      
    ) dbt_internal_test
[0m14:35:15.949852 [debug] [Thread-5 (]: Opening a new connection, currently in state init
[0m14:35:16.283692 [debug] [Thread-5 (]: Databricks adapter: Connection(session-id=01f1a0b3-b72c-1da3-9eb5-87e88434e26c) - Created
[0m14:35:16.761396 [debug] [Thread-5 (]: SQL status: OK in 0.810 seconds
[0m14:35:16.777319 [debug] [Thread-5 (]: Databricks adapter: Cursor(session-id=01f1a0b3-b72c-1da3-9eb5-87e88434e26c, command-id=01f1a0b3-b73d-1c7d-bdd9-f045f3233da7) - Closing
[0m14:35:16.777319 [debug] [Thread-5 (]: On test.chinook.not_null_Playlist__PlaylistId_.d2edff8e7d: Close
[0m14:35:16.779341 [debug] [Thread-5 (]: Databricks adapter: Connection(session-id=01f1a0b3-b72c-1da3-9eb5-87e88434e26c) - Closing
[0m14:35:16.873721 [info ] [Thread-5 (]: 9 of 30 PASS not_null_Playlist__PlaylistId_ .................................... [[32mPASS[0m in 0.95s]
[0m14:35:16.873721 [debug] [Thread-5 (]: Finished running node test.chinook.not_null_Playlist__PlaylistId_.d2edff8e7d
[0m14:35:16.873721 [debug] [Thread-5 (]: Began running node test.chinook.not_null_Track__TrackId_.bd96e40b55
[0m14:35:16.873721 [info ] [Thread-5 (]: 10 of 30 START test not_null_Track__TrackId_ ................................... [RUN]
[0m14:35:16.873721 [debug] [Thread-5 (]: Databricks adapter: DatabricksDBTConnection(session-id=None, name=test.chinook.not_null_Track__TrackId_.bd96e40b55) - Creating connection
[0m14:35:16.873721 [debug] [Thread-5 (]: Acquiring new databricks connection 'test.chinook.not_null_Track__TrackId_.bd96e40b55'
[0m14:35:16.873721 [debug] [Thread-5 (]: Began compiling node test.chinook.not_null_Track__TrackId_.bd96e40b55
[0m14:35:16.897980 [debug] [Thread-5 (]: Writing injected SQL for node "test.chinook.not_null_Track__TrackId_.bd96e40b55"
[0m14:35:16.897980 [debug] [Thread-5 (]: Began executing node test.chinook.not_null_Track__TrackId_.bd96e40b55
[0m14:35:16.910916 [debug] [Thread-5 (]: Writing runtime sql for node "test.chinook.not_null_Track__TrackId_.bd96e40b55"
[0m14:35:16.910916 [debug] [Thread-5 (]: Using databricks connection "test.chinook.not_null_Track__TrackId_.bd96e40b55"
[0m14:35:16.910916 [debug] [Thread-5 (]: On test.chinook.not_null_Track__TrackId_.bd96e40b55: /* {"app": "dbt", "dbt_version": "1.11.2", "dbt_databricks_version": "1.12.4", "databricks_sql_connector_version": "4.1.3", "profile_name": "chinook", "target_name": "dev", "invocation_id": "f895e84d-a64e-4e85-985b-ce8373f64823", "node_id": "test.chinook.not_null_Track__TrackId_.bd96e40b55"} */

    select
      count(*) as failures,
      count(*) != 0 as should_warn,
      count(*) != 0 as should_error
    from (
      
    
  
    
    



select `TrackId`
from `uc_sql_server_central`.`data_raw`.`track01`
where `TrackId` is null



  
  
      
    ) dbt_internal_test
[0m14:35:16.910916 [debug] [Thread-5 (]: Opening a new connection, currently in state init
[0m14:35:17.167658 [debug] [Thread-5 (]: Databricks adapter: Connection(session-id=01f1a0b3-b7b9-19de-9bfc-3cf61a50d305) - Created
[0m14:35:17.727934 [debug] [Thread-5 (]: SQL status: OK in 0.820 seconds
[0m14:35:17.743758 [debug] [Thread-5 (]: Databricks adapter: Cursor(session-id=01f1a0b3-b7b9-19de-9bfc-3cf61a50d305, command-id=01f1a0b3-b7c7-1014-a2d3-5dfbd86f667b) - Closing
[0m14:35:17.743758 [debug] [Thread-5 (]: On test.chinook.not_null_Track__TrackId_.bd96e40b55: Close
[0m14:35:17.743758 [debug] [Thread-5 (]: Databricks adapter: Connection(session-id=01f1a0b3-b7b9-19de-9bfc-3cf61a50d305) - Closing
[0m14:35:17.840166 [info ] [Thread-5 (]: 10 of 30 PASS not_null_Track__TrackId_ ......................................... [[32mPASS[0m in 0.97s]
[0m14:35:17.840166 [debug] [Thread-5 (]: Finished running node test.chinook.not_null_Track__TrackId_.bd96e40b55
[0m14:35:17.840166 [debug] [Thread-5 (]: Began running node test.chinook.relationships_Album__ArtistId____ArtistId___ref_Artist_.b875f15435
[0m14:35:17.840166 [info ] [Thread-5 (]: 11 of 30 START test relationships_Album__ArtistId____ArtistId___ref_Artist_ .... [RUN]
[0m14:35:17.840166 [debug] [Thread-5 (]: Databricks adapter: DatabricksDBTConnection(session-id=None, name=test.chinook.relationships_Album__ArtistId____ArtistId___ref_Artist_.b875f15435) - Creating connection
[0m14:35:17.840166 [debug] [Thread-5 (]: Acquiring new databricks connection 'test.chinook.relationships_Album__ArtistId____ArtistId___ref_Artist_.b875f15435'
[0m14:35:17.840166 [debug] [Thread-5 (]: Began compiling node test.chinook.relationships_Album__ArtistId____ArtistId___ref_Artist_.b875f15435
[0m14:35:17.866745 [debug] [Thread-5 (]: Writing injected SQL for node "test.chinook.relationships_Album__ArtistId____ArtistId___ref_Artist_.b875f15435"
[0m14:35:17.866745 [debug] [Thread-5 (]: Began executing node test.chinook.relationships_Album__ArtistId____ArtistId___ref_Artist_.b875f15435
[0m14:35:17.877310 [debug] [Thread-5 (]: Writing runtime sql for node "test.chinook.relationships_Album__ArtistId____ArtistId___ref_Artist_.b875f15435"
[0m14:35:17.877310 [debug] [Thread-5 (]: Using databricks connection "test.chinook.relationships_Album__ArtistId____ArtistId___ref_Artist_.b875f15435"
[0m14:35:17.877310 [debug] [Thread-5 (]: On test.chinook.relationships_Album__ArtistId____ArtistId___ref_Artist_.b875f15435: /* {"app": "dbt", "dbt_version": "1.11.2", "dbt_databricks_version": "1.12.4", "databricks_sql_connector_version": "4.1.3", "profile_name": "chinook", "target_name": "dev", "invocation_id": "f895e84d-a64e-4e85-985b-ce8373f64823", "node_id": "test.chinook.relationships_Album__ArtistId____ArtistId___ref_Artist_.b875f15435"} */

    select
      count(*) as failures,
      count(*) != 0 as should_warn,
      count(*) != 0 as should_error
    from (
      
    
  
    
    

with child as (
    select `ArtistId` as from_field
    from `uc_sql_server_central`.`data_raw`.`album01`
    where `ArtistId` is not null
),

parent as (
    select "ArtistId" as to_field
    from `uc_sql_server_central`.`data_raw`.`artist01`
)

select
    from_field

from child
left join parent
    on child.from_field = parent.to_field

where parent.to_field is null



  
  
      
    ) dbt_internal_test
[0m14:35:17.877310 [debug] [Thread-5 (]: Opening a new connection, currently in state init
[0m14:35:18.195633 [debug] [Thread-5 (]: Databricks adapter: Connection(session-id=01f1a0b3-b850-1b6b-97c9-a0e9e8f4fafa) - Created
[0m14:35:21.818382 [debug] [Thread-5 (]: SQL status: OK in 3.940 seconds
[0m14:35:21.834465 [debug] [Thread-5 (]: Databricks adapter: Cursor(session-id=01f1a0b3-b850-1b6b-97c9-a0e9e8f4fafa, command-id=01f1a0b3-b861-11eb-8c4e-04f49ba50012) - Closing
[0m14:35:21.834465 [debug] [Thread-5 (]: On test.chinook.relationships_Album__ArtistId____ArtistId___ref_Artist_.b875f15435: Close
[0m14:35:21.834465 [debug] [Thread-5 (]: Databricks adapter: Connection(session-id=01f1a0b3-b850-1b6b-97c9-a0e9e8f4fafa) - Closing
[0m14:35:21.946444 [error] [Thread-5 (]: 11 of 30 FAIL 347 relationships_Album__ArtistId____ArtistId___ref_Artist_ ...... [[31mFAIL 347[0m in 4.11s]
[0m14:35:21.946444 [debug] [Thread-5 (]: Finished running node test.chinook.relationships_Album__ArtistId____ArtistId___ref_Artist_.b875f15435
[0m14:35:21.946444 [debug] [Thread-5 (]: Began running node test.chinook.relationships_Customer__SupportRepId____EmployeeId___ref_Employee_.a462d45b21
[0m14:35:21.946444 [info ] [Thread-5 (]: 12 of 30 START test relationships_Customer__SupportRepId____EmployeeId___ref_Employee_  [RUN]
[0m14:35:21.946444 [debug] [Thread-5 (]: Databricks adapter: DatabricksDBTConnection(session-id=None, name=test.chinook.relationships_Customer__SupportRepId____EmployeeId___ref_Employee_.a462d45b21) - Creating connection
[0m14:35:21.946444 [debug] [Thread-5 (]: Acquiring new databricks connection 'test.chinook.relationships_Customer__SupportRepId____EmployeeId___ref_Employee_.a462d45b21'
[0m14:35:21.946444 [debug] [Thread-5 (]: Began compiling node test.chinook.relationships_Customer__SupportRepId____EmployeeId___ref_Employee_.a462d45b21
[0m14:35:21.973744 [debug] [Thread-5 (]: Writing injected SQL for node "test.chinook.relationships_Customer__SupportRepId____EmployeeId___ref_Employee_.a462d45b21"
[0m14:35:21.976971 [debug] [Thread-5 (]: Began executing node test.chinook.relationships_Customer__SupportRepId____EmployeeId___ref_Employee_.a462d45b21
[0m14:35:21.978592 [debug] [Thread-5 (]: Writing runtime sql for node "test.chinook.relationships_Customer__SupportRepId____EmployeeId___ref_Employee_.a462d45b21"
[0m14:35:21.978592 [debug] [Thread-5 (]: Using databricks connection "test.chinook.relationships_Customer__SupportRepId____EmployeeId___ref_Employee_.a462d45b21"
[0m14:35:21.978592 [debug] [Thread-5 (]: On test.chinook.relationships_Customer__SupportRepId____EmployeeId___ref_Employee_.a462d45b21: /* {"app": "dbt", "dbt_version": "1.11.2", "dbt_databricks_version": "1.12.4", "databricks_sql_connector_version": "4.1.3", "profile_name": "chinook", "target_name": "dev", "invocation_id": "f895e84d-a64e-4e85-985b-ce8373f64823", "node_id": "test.chinook.relationships_Customer__SupportRepId____EmployeeId___ref_Employee_.a462d45b21"} */

    select
      count(*) as failures,
      count(*) != 0 as should_warn,
      count(*) != 0 as should_error
    from (
      
    
  
    
    

with child as (
    select `SupportRepId` as from_field
    from `uc_sql_server_central`.`data_raw`.`customer01`
    where `SupportRepId` is not null
),

parent as (
    select `EmployeeId` as to_field
    from `uc_sql_server_central`.`data_raw`.`employee01`
)

select
    from_field

from child
left join parent
    on child.from_field = parent.to_field

where parent.to_field is null



  
  
      
    ) dbt_internal_test
[0m14:35:21.978592 [debug] [Thread-5 (]: Opening a new connection, currently in state init
[0m14:35:22.234575 [debug] [Thread-5 (]: Databricks adapter: Connection(session-id=01f1a0b3-babc-1b58-b4a6-c97974a513fd) - Created
[0m14:35:23.014145 [debug] [Thread-5 (]: SQL status: OK in 1.040 seconds
[0m14:35:23.014145 [debug] [Thread-5 (]: Databricks adapter: Cursor(session-id=01f1a0b3-babc-1b58-b4a6-c97974a513fd, command-id=01f1a0b3-baca-131b-8f1b-0e29a458f2f1) - Closing
[0m14:35:23.014145 [debug] [Thread-5 (]: On test.chinook.relationships_Customer__SupportRepId____EmployeeId___ref_Employee_.a462d45b21: Close
[0m14:35:23.014145 [debug] [Thread-5 (]: Databricks adapter: Connection(session-id=01f1a0b3-babc-1b58-b4a6-c97974a513fd) - Closing
[0m14:35:23.115827 [info ] [Thread-5 (]: 12 of 30 PASS relationships_Customer__SupportRepId____EmployeeId___ref_Employee_  [[32mPASS[0m in 1.17s]
[0m14:35:23.118140 [debug] [Thread-5 (]: Finished running node test.chinook.relationships_Customer__SupportRepId____EmployeeId___ref_Employee_.a462d45b21
[0m14:35:23.118140 [debug] [Thread-5 (]: Began running node test.chinook.relationships_InvoiceLine__InvoiceId____InvoiceId___ref_Invoice_.7ec79b40e0
[0m14:35:23.119340 [info ] [Thread-5 (]: 13 of 30 START test relationships_InvoiceLine__InvoiceId____InvoiceId___ref_Invoice_  [RUN]
[0m14:35:23.121410 [debug] [Thread-5 (]: Databricks adapter: DatabricksDBTConnection(session-id=None, name=test.chinook.relationships_InvoiceLine__InvoiceId____InvoiceId___ref_Invoice_.7ec79b40e0) - Creating connection
[0m14:35:23.122363 [debug] [Thread-5 (]: Acquiring new databricks connection 'test.chinook.relationships_InvoiceLine__InvoiceId____InvoiceId___ref_Invoice_.7ec79b40e0'
[0m14:35:23.123362 [debug] [Thread-5 (]: Began compiling node test.chinook.relationships_InvoiceLine__InvoiceId____InvoiceId___ref_Invoice_.7ec79b40e0
[0m14:35:23.139870 [debug] [Thread-5 (]: Writing injected SQL for node "test.chinook.relationships_InvoiceLine__InvoiceId____InvoiceId___ref_Invoice_.7ec79b40e0"
[0m14:35:23.143506 [debug] [Thread-5 (]: Began executing node test.chinook.relationships_InvoiceLine__InvoiceId____InvoiceId___ref_Invoice_.7ec79b40e0
[0m14:35:23.149851 [debug] [Thread-5 (]: Writing runtime sql for node "test.chinook.relationships_InvoiceLine__InvoiceId____InvoiceId___ref_Invoice_.7ec79b40e0"
[0m14:35:23.151312 [debug] [Thread-5 (]: Using databricks connection "test.chinook.relationships_InvoiceLine__InvoiceId____InvoiceId___ref_Invoice_.7ec79b40e0"
[0m14:35:23.151312 [debug] [Thread-5 (]: On test.chinook.relationships_InvoiceLine__InvoiceId____InvoiceId___ref_Invoice_.7ec79b40e0: /* {"app": "dbt", "dbt_version": "1.11.2", "dbt_databricks_version": "1.12.4", "databricks_sql_connector_version": "4.1.3", "profile_name": "chinook", "target_name": "dev", "invocation_id": "f895e84d-a64e-4e85-985b-ce8373f64823", "node_id": "test.chinook.relationships_InvoiceLine__InvoiceId____InvoiceId___ref_Invoice_.7ec79b40e0"} */

    select
      count(*) as failures,
      count(*) != 0 as should_warn,
      count(*) != 0 as should_error
    from (
      
    
  
    
    

with child as (
    select `InvoiceId` as from_field
    from `uc_sql_server_central`.`data_raw`.`invoiceline01`
    where `InvoiceId` is not null
),

parent as (
    select `InvoiceId` as to_field
    from `uc_sql_server_central`.`data_raw`.`invoice01`
)

select
    from_field

from child
left join parent
    on child.from_field = parent.to_field

where parent.to_field is null



  
  
      
    ) dbt_internal_test
[0m14:35:23.151312 [debug] [Thread-5 (]: Opening a new connection, currently in state init
[0m14:35:23.441001 [debug] [Thread-5 (]: Databricks adapter: Connection(session-id=01f1a0b3-bb74-140c-a7a2-77beafbefe04) - Created
[0m14:35:24.245535 [debug] [Thread-5 (]: SQL status: OK in 1.090 seconds
[0m14:35:24.245535 [debug] [Thread-5 (]: Databricks adapter: Cursor(session-id=01f1a0b3-bb74-140c-a7a2-77beafbefe04, command-id=01f1a0b3-bb81-1964-9304-6a794f40a2a0) - Closing
[0m14:35:24.245535 [debug] [Thread-5 (]: On test.chinook.relationships_InvoiceLine__InvoiceId____InvoiceId___ref_Invoice_.7ec79b40e0: Close
[0m14:35:24.245535 [debug] [Thread-5 (]: Databricks adapter: Connection(session-id=01f1a0b3-bb74-140c-a7a2-77beafbefe04) - Closing
[0m14:35:24.341351 [info ] [Thread-5 (]: 13 of 30 PASS relationships_InvoiceLine__InvoiceId____InvoiceId___ref_Invoice_ . [[32mPASS[0m in 1.22s]
[0m14:35:24.357489 [debug] [Thread-5 (]: Finished running node test.chinook.relationships_InvoiceLine__InvoiceId____InvoiceId___ref_Invoice_.7ec79b40e0
[0m14:35:24.357489 [debug] [Thread-5 (]: Began running node test.chinook.relationships_InvoiceLine__TrackId____TrackId___ref_Track_.57b8be85a8
[0m14:35:24.357489 [info ] [Thread-5 (]: 14 of 30 START test relationships_InvoiceLine__TrackId____TrackId___ref_Track_ . [RUN]
[0m14:35:24.357489 [debug] [Thread-5 (]: Databricks adapter: DatabricksDBTConnection(session-id=None, name=test.chinook.relationships_InvoiceLine__TrackId____TrackId___ref_Track_.57b8be85a8) - Creating connection
[0m14:35:24.357489 [debug] [Thread-5 (]: Acquiring new databricks connection 'test.chinook.relationships_InvoiceLine__TrackId____TrackId___ref_Track_.57b8be85a8'
[0m14:35:24.357489 [debug] [Thread-5 (]: Began compiling node test.chinook.relationships_InvoiceLine__TrackId____TrackId___ref_Track_.57b8be85a8
[0m14:35:24.373322 [debug] [Thread-5 (]: Writing injected SQL for node "test.chinook.relationships_InvoiceLine__TrackId____TrackId___ref_Track_.57b8be85a8"
[0m14:35:24.378706 [debug] [Thread-5 (]: Began executing node test.chinook.relationships_InvoiceLine__TrackId____TrackId___ref_Track_.57b8be85a8
[0m14:35:24.383878 [debug] [Thread-5 (]: Writing runtime sql for node "test.chinook.relationships_InvoiceLine__TrackId____TrackId___ref_Track_.57b8be85a8"
[0m14:35:24.383878 [debug] [Thread-5 (]: Using databricks connection "test.chinook.relationships_InvoiceLine__TrackId____TrackId___ref_Track_.57b8be85a8"
[0m14:35:24.383878 [debug] [Thread-5 (]: On test.chinook.relationships_InvoiceLine__TrackId____TrackId___ref_Track_.57b8be85a8: /* {"app": "dbt", "dbt_version": "1.11.2", "dbt_databricks_version": "1.12.4", "databricks_sql_connector_version": "4.1.3", "profile_name": "chinook", "target_name": "dev", "invocation_id": "f895e84d-a64e-4e85-985b-ce8373f64823", "node_id": "test.chinook.relationships_InvoiceLine__TrackId____TrackId___ref_Track_.57b8be85a8"} */

    select
      count(*) as failures,
      count(*) != 0 as should_warn,
      count(*) != 0 as should_error
    from (
      
    
  
    
    

with child as (
    select `TrackId` as from_field
    from `uc_sql_server_central`.`data_raw`.`invoiceline01`
    where `TrackId` is not null
),

parent as (
    select `TrackId` as to_field
    from `uc_sql_server_central`.`data_raw`.`track01`
)

select
    from_field

from child
left join parent
    on child.from_field = parent.to_field

where parent.to_field is null



  
  
      
    ) dbt_internal_test
[0m14:35:24.383878 [debug] [Thread-5 (]: Opening a new connection, currently in state init
[0m14:35:24.684983 [debug] [Thread-5 (]: Databricks adapter: Connection(session-id=01f1a0b3-bc33-11e6-8d87-513b45efb589) - Created
[0m14:35:25.561818 [debug] [Thread-5 (]: SQL status: OK in 1.180 seconds
[0m14:35:25.561818 [debug] [Thread-5 (]: Databricks adapter: Cursor(session-id=01f1a0b3-bc33-11e6-8d87-513b45efb589, command-id=01f1a0b3-bc41-14df-8f70-7b2587b433a7) - Closing
[0m14:35:25.561818 [debug] [Thread-5 (]: On test.chinook.relationships_InvoiceLine__TrackId____TrackId___ref_Track_.57b8be85a8: Close
[0m14:35:25.561818 [debug] [Thread-5 (]: Databricks adapter: Connection(session-id=01f1a0b3-bc33-11e6-8d87-513b45efb589) - Closing
[0m14:35:25.657449 [info ] [Thread-5 (]: 14 of 30 PASS relationships_InvoiceLine__TrackId____TrackId___ref_Track_ ....... [[32mPASS[0m in 1.30s]
[0m14:35:25.657449 [debug] [Thread-5 (]: Finished running node test.chinook.relationships_InvoiceLine__TrackId____TrackId___ref_Track_.57b8be85a8
[0m14:35:25.657449 [debug] [Thread-5 (]: Began running node test.chinook.relationships_Invoice__CustomerId____CustomerId___ref_Customer_.d6b882ada2
[0m14:35:25.657449 [info ] [Thread-5 (]: 15 of 30 START test relationships_Invoice__CustomerId____CustomerId___ref_Customer_  [RUN]
[0m14:35:25.657449 [debug] [Thread-5 (]: Databricks adapter: DatabricksDBTConnection(session-id=None, name=test.chinook.relationships_Invoice__CustomerId____CustomerId___ref_Customer_.d6b882ada2) - Creating connection
[0m14:35:25.668336 [debug] [Thread-5 (]: Acquiring new databricks connection 'test.chinook.relationships_Invoice__CustomerId____CustomerId___ref_Customer_.d6b882ada2'
[0m14:35:25.668336 [debug] [Thread-5 (]: Began compiling node test.chinook.relationships_Invoice__CustomerId____CustomerId___ref_Customer_.d6b882ada2
[0m14:35:25.688239 [debug] [Thread-5 (]: Writing injected SQL for node "test.chinook.relationships_Invoice__CustomerId____CustomerId___ref_Customer_.d6b882ada2"
[0m14:35:25.688239 [debug] [Thread-5 (]: Began executing node test.chinook.relationships_Invoice__CustomerId____CustomerId___ref_Customer_.d6b882ada2
[0m14:35:25.694665 [debug] [Thread-5 (]: Writing runtime sql for node "test.chinook.relationships_Invoice__CustomerId____CustomerId___ref_Customer_.d6b882ada2"
[0m14:35:25.694665 [debug] [Thread-5 (]: Using databricks connection "test.chinook.relationships_Invoice__CustomerId____CustomerId___ref_Customer_.d6b882ada2"
[0m14:35:25.694665 [debug] [Thread-5 (]: On test.chinook.relationships_Invoice__CustomerId____CustomerId___ref_Customer_.d6b882ada2: /* {"app": "dbt", "dbt_version": "1.11.2", "dbt_databricks_version": "1.12.4", "databricks_sql_connector_version": "4.1.3", "profile_name": "chinook", "target_name": "dev", "invocation_id": "f895e84d-a64e-4e85-985b-ce8373f64823", "node_id": "test.chinook.relationships_Invoice__CustomerId____CustomerId___ref_Customer_.d6b882ada2"} */

    select
      count(*) as failures,
      count(*) != 0 as should_warn,
      count(*) != 0 as should_error
    from (
      
    
  
    
    

with child as (
    select `CustomerId` as from_field
    from `uc_sql_server_central`.`data_raw`.`invoice01`
    where `CustomerId` is not null
),

parent as (
    select `CustomerId` as to_field
    from `uc_sql_server_central`.`data_raw`.`customer01`
)

select
    from_field

from child
left join parent
    on child.from_field = parent.to_field

where parent.to_field is null



  
  
      
    ) dbt_internal_test
[0m14:35:25.694665 [debug] [Thread-5 (]: Opening a new connection, currently in state init
[0m14:35:26.015615 [debug] [Thread-5 (]: Databricks adapter: Connection(session-id=01f1a0b3-bcfa-1672-9125-aa43726ca6da) - Created
[0m14:35:26.831389 [debug] [Thread-5 (]: SQL status: OK in 1.140 seconds
[0m14:35:26.831389 [debug] [Thread-5 (]: Databricks adapter: Cursor(session-id=01f1a0b3-bcfa-1672-9125-aa43726ca6da, command-id=01f1a0b3-bd0d-12e5-a484-5aedf21fc908) - Closing
[0m14:35:26.831389 [debug] [Thread-5 (]: On test.chinook.relationships_Invoice__CustomerId____CustomerId___ref_Customer_.d6b882ada2: Close
[0m14:35:26.831389 [debug] [Thread-5 (]: Databricks adapter: Connection(session-id=01f1a0b3-bcfa-1672-9125-aa43726ca6da) - Closing
[0m14:35:26.943083 [info ] [Thread-5 (]: 15 of 30 PASS relationships_Invoice__CustomerId____CustomerId___ref_Customer_ .. [[32mPASS[0m in 1.29s]
[0m14:35:26.943083 [debug] [Thread-5 (]: Finished running node test.chinook.relationships_Invoice__CustomerId____CustomerId___ref_Customer_.d6b882ada2
[0m14:35:26.943083 [debug] [Thread-5 (]: Began running node test.chinook.relationships_PlaylistTrack__PlaylistId____PlaylistId___ref_Playlist_.63d0045b04
[0m14:35:26.943083 [info ] [Thread-5 (]: 16 of 30 START test relationships_PlaylistTrack__PlaylistId____PlaylistId___ref_Playlist_  [RUN]
[0m14:35:26.943083 [debug] [Thread-5 (]: Databricks adapter: DatabricksDBTConnection(session-id=None, name=test.chinook.relationships_PlaylistTrack__PlaylistId____PlaylistId___ref_Playlist_.63d0045b04) - Creating connection
[0m14:35:26.943083 [debug] [Thread-5 (]: Acquiring new databricks connection 'test.chinook.relationships_PlaylistTrack__PlaylistId____PlaylistId___ref_Playlist_.63d0045b04'
[0m14:35:26.943083 [debug] [Thread-5 (]: Began compiling node test.chinook.relationships_PlaylistTrack__PlaylistId____PlaylistId___ref_Playlist_.63d0045b04
[0m14:35:26.961795 [debug] [Thread-5 (]: Writing injected SQL for node "test.chinook.relationships_PlaylistTrack__PlaylistId____PlaylistId___ref_Playlist_.63d0045b04"
[0m14:35:26.964914 [debug] [Thread-5 (]: Began executing node test.chinook.relationships_PlaylistTrack__PlaylistId____PlaylistId___ref_Playlist_.63d0045b04
[0m14:35:26.972216 [debug] [Thread-5 (]: Writing runtime sql for node "test.chinook.relationships_PlaylistTrack__PlaylistId____PlaylistId___ref_Playlist_.63d0045b04"
[0m14:35:26.976850 [debug] [Thread-5 (]: Using databricks connection "test.chinook.relationships_PlaylistTrack__PlaylistId____PlaylistId___ref_Playlist_.63d0045b04"
[0m14:35:26.978345 [debug] [Thread-5 (]: On test.chinook.relationships_PlaylistTrack__PlaylistId____PlaylistId___ref_Playlist_.63d0045b04: /* {"app": "dbt", "dbt_version": "1.11.2", "dbt_databricks_version": "1.12.4", "databricks_sql_connector_version": "4.1.3", "profile_name": "chinook", "target_name": "dev", "invocation_id": "f895e84d-a64e-4e85-985b-ce8373f64823", "node_id": "test.chinook.relationships_PlaylistTrack__PlaylistId____PlaylistId___ref_Playlist_.63d0045b04"} */

    select
      count(*) as failures,
      count(*) != 0 as should_warn,
      count(*) != 0 as should_error
    from (
      
    
  
    
    

with child as (
    select `PlaylistId` as from_field
    from `uc_sql_server_central`.`data_raw`.`playlisttrack01`
    where `PlaylistId` is not null
),

parent as (
    select `PlaylistId` as to_field
    from `uc_sql_server_central`.`data_raw`.`playlist01`
)

select
    from_field

from child
left join parent
    on child.from_field = parent.to_field

where parent.to_field is null



  
  
      
    ) dbt_internal_test
[0m14:35:26.978345 [debug] [Thread-5 (]: Opening a new connection, currently in state init
[0m14:35:27.313813 [debug] [Thread-5 (]: Databricks adapter: Connection(session-id=01f1a0b3-bdc3-10b1-aed5-7e92894ed6df) - Created
[0m14:35:28.112669 [debug] [Thread-5 (]: SQL status: OK in 1.130 seconds
[0m14:35:28.128789 [debug] [Thread-5 (]: Databricks adapter: Cursor(session-id=01f1a0b3-bdc3-10b1-aed5-7e92894ed6df, command-id=01f1a0b3-bdcf-181b-a2d9-c273a1c61c06) - Closing
[0m14:35:28.128789 [debug] [Thread-5 (]: On test.chinook.relationships_PlaylistTrack__PlaylistId____PlaylistId___ref_Playlist_.63d0045b04: Close
[0m14:35:28.128789 [debug] [Thread-5 (]: Databricks adapter: Connection(session-id=01f1a0b3-bdc3-10b1-aed5-7e92894ed6df) - Closing
[0m14:35:28.256762 [info ] [Thread-5 (]: 16 of 30 PASS relationships_PlaylistTrack__PlaylistId____PlaylistId___ref_Playlist_  [[32mPASS[0m in 1.31s]
[0m14:35:28.256762 [debug] [Thread-5 (]: Finished running node test.chinook.relationships_PlaylistTrack__PlaylistId____PlaylistId___ref_Playlist_.63d0045b04
[0m14:35:28.256762 [debug] [Thread-5 (]: Began running node test.chinook.relationships_PlaylistTrack__TrackId____TrackId___ref_Track_.958a9190a0
[0m14:35:28.256762 [info ] [Thread-5 (]: 17 of 30 START test relationships_PlaylistTrack__TrackId____TrackId___ref_Track_  [RUN]
[0m14:35:28.256762 [debug] [Thread-5 (]: Databricks adapter: DatabricksDBTConnection(session-id=None, name=test.chinook.relationships_PlaylistTrack__TrackId____TrackId___ref_Track_.958a9190a0) - Creating connection
[0m14:35:28.256762 [debug] [Thread-5 (]: Acquiring new databricks connection 'test.chinook.relationships_PlaylistTrack__TrackId____TrackId___ref_Track_.958a9190a0'
[0m14:35:28.256762 [debug] [Thread-5 (]: Began compiling node test.chinook.relationships_PlaylistTrack__TrackId____TrackId___ref_Track_.958a9190a0
[0m14:35:28.278111 [debug] [Thread-5 (]: Writing injected SQL for node "test.chinook.relationships_PlaylistTrack__TrackId____TrackId___ref_Track_.958a9190a0"
[0m14:35:28.281187 [debug] [Thread-5 (]: Began executing node test.chinook.relationships_PlaylistTrack__TrackId____TrackId___ref_Track_.958a9190a0
[0m14:35:28.283186 [debug] [Thread-5 (]: Writing runtime sql for node "test.chinook.relationships_PlaylistTrack__TrackId____TrackId___ref_Track_.958a9190a0"
[0m14:35:28.283186 [debug] [Thread-5 (]: Using databricks connection "test.chinook.relationships_PlaylistTrack__TrackId____TrackId___ref_Track_.958a9190a0"
[0m14:35:28.283186 [debug] [Thread-5 (]: On test.chinook.relationships_PlaylistTrack__TrackId____TrackId___ref_Track_.958a9190a0: /* {"app": "dbt", "dbt_version": "1.11.2", "dbt_databricks_version": "1.12.4", "databricks_sql_connector_version": "4.1.3", "profile_name": "chinook", "target_name": "dev", "invocation_id": "f895e84d-a64e-4e85-985b-ce8373f64823", "node_id": "test.chinook.relationships_PlaylistTrack__TrackId____TrackId___ref_Track_.958a9190a0"} */

    select
      count(*) as failures,
      count(*) != 0 as should_warn,
      count(*) != 0 as should_error
    from (
      
    
  
    
    

with child as (
    select `TrackId` as from_field
    from `uc_sql_server_central`.`data_raw`.`playlisttrack01`
    where `TrackId` is not null
),

parent as (
    select `TrackId` as to_field
    from `uc_sql_server_central`.`data_raw`.`track01`
)

select
    from_field

from child
left join parent
    on child.from_field = parent.to_field

where parent.to_field is null



  
  
      
    ) dbt_internal_test
[0m14:35:28.293949 [debug] [Thread-5 (]: Opening a new connection, currently in state init
[0m14:35:28.519032 [debug] [Thread-5 (]: Databricks adapter: Connection(session-id=01f1a0b3-be7e-13a5-a618-384204da997a) - Created
[0m14:35:29.250312 [debug] [Thread-5 (]: SQL status: OK in 0.960 seconds
[0m14:35:29.253272 [debug] [Thread-5 (]: Databricks adapter: Cursor(session-id=01f1a0b3-be7e-13a5-a618-384204da997a, command-id=01f1a0b3-be8b-115c-b579-6d9c277be9c6) - Closing
[0m14:35:29.253272 [debug] [Thread-5 (]: On test.chinook.relationships_PlaylistTrack__TrackId____TrackId___ref_Track_.958a9190a0: Close
[0m14:35:29.254277 [debug] [Thread-5 (]: Databricks adapter: Connection(session-id=01f1a0b3-be7e-13a5-a618-384204da997a) - Closing
[0m14:35:29.325229 [info ] [Thread-5 (]: 17 of 30 PASS relationships_PlaylistTrack__TrackId____TrackId___ref_Track_ ..... [[32mPASS[0m in 1.07s]
[0m14:35:29.341304 [debug] [Thread-5 (]: Finished running node test.chinook.relationships_PlaylistTrack__TrackId____TrackId___ref_Track_.958a9190a0
[0m14:35:29.341304 [debug] [Thread-5 (]: Began running node test.chinook.relationships_Track__AlbumId____AlbumId___ref_Album_.0f235b58b6
[0m14:35:29.341304 [info ] [Thread-5 (]: 18 of 30 START test relationships_Track__AlbumId____AlbumId___ref_Album_ ....... [RUN]
[0m14:35:29.341304 [debug] [Thread-5 (]: Databricks adapter: DatabricksDBTConnection(session-id=None, name=test.chinook.relationships_Track__AlbumId____AlbumId___ref_Album_.0f235b58b6) - Creating connection
[0m14:35:29.341304 [debug] [Thread-5 (]: Acquiring new databricks connection 'test.chinook.relationships_Track__AlbumId____AlbumId___ref_Album_.0f235b58b6'
[0m14:35:29.341304 [debug] [Thread-5 (]: Began compiling node test.chinook.relationships_Track__AlbumId____AlbumId___ref_Album_.0f235b58b6
[0m14:35:29.361554 [debug] [Thread-5 (]: Writing injected SQL for node "test.chinook.relationships_Track__AlbumId____AlbumId___ref_Album_.0f235b58b6"
[0m14:35:29.364819 [debug] [Thread-5 (]: Began executing node test.chinook.relationships_Track__AlbumId____AlbumId___ref_Album_.0f235b58b6
[0m14:35:29.367757 [debug] [Thread-5 (]: Writing runtime sql for node "test.chinook.relationships_Track__AlbumId____AlbumId___ref_Album_.0f235b58b6"
[0m14:35:29.367757 [debug] [Thread-5 (]: Using databricks connection "test.chinook.relationships_Track__AlbumId____AlbumId___ref_Album_.0f235b58b6"
[0m14:35:29.367757 [debug] [Thread-5 (]: On test.chinook.relationships_Track__AlbumId____AlbumId___ref_Album_.0f235b58b6: /* {"app": "dbt", "dbt_version": "1.11.2", "dbt_databricks_version": "1.12.4", "databricks_sql_connector_version": "4.1.3", "profile_name": "chinook", "target_name": "dev", "invocation_id": "f895e84d-a64e-4e85-985b-ce8373f64823", "node_id": "test.chinook.relationships_Track__AlbumId____AlbumId___ref_Album_.0f235b58b6"} */

    select
      count(*) as failures,
      count(*) != 0 as should_warn,
      count(*) != 0 as should_error
    from (
      
    
  
    
    

with child as (
    select `AlbumId` as from_field
    from `uc_sql_server_central`.`data_raw`.`track01`
    where `AlbumId` is not null
),

parent as (
    select `AlbumId` as to_field
    from `uc_sql_server_central`.`data_raw`.`album01`
)

select
    from_field

from child
left join parent
    on child.from_field = parent.to_field

where parent.to_field is null



  
  
      
    ) dbt_internal_test
[0m14:35:29.367757 [debug] [Thread-5 (]: Opening a new connection, currently in state init
[0m14:35:29.779509 [debug] [Thread-5 (]: Databricks adapter: Connection(session-id=01f1a0b3-bf3b-1230-936b-ac99755ce205) - Created
[0m14:35:30.471554 [debug] [Thread-5 (]: SQL status: OK in 1.100 seconds
[0m14:35:30.475666 [debug] [Thread-5 (]: Databricks adapter: Cursor(session-id=01f1a0b3-bf3b-1230-936b-ac99755ce205, command-id=01f1a0b3-bf48-11f3-b623-4988b925cb66) - Closing
[0m14:35:30.477135 [debug] [Thread-5 (]: On test.chinook.relationships_Track__AlbumId____AlbumId___ref_Album_.0f235b58b6: Close
[0m14:35:30.478996 [debug] [Thread-5 (]: Databricks adapter: Connection(session-id=01f1a0b3-bf3b-1230-936b-ac99755ce205) - Closing
[0m14:35:30.561159 [info ] [Thread-5 (]: 18 of 30 PASS relationships_Track__AlbumId____AlbumId___ref_Album_ ............. [[32mPASS[0m in 1.22s]
[0m14:35:30.563185 [debug] [Thread-5 (]: Finished running node test.chinook.relationships_Track__AlbumId____AlbumId___ref_Album_.0f235b58b6
[0m14:35:30.563911 [debug] [Thread-5 (]: Began running node test.chinook.relationships_Track__GenreId____GenreId___ref_Genre_.7b640f3eb6
[0m14:35:30.565020 [info ] [Thread-5 (]: 19 of 30 START test relationships_Track__GenreId____GenreId___ref_Genre_ ....... [RUN]
[0m14:35:30.566024 [debug] [Thread-5 (]: Databricks adapter: DatabricksDBTConnection(session-id=None, name=test.chinook.relationships_Track__GenreId____GenreId___ref_Genre_.7b640f3eb6) - Creating connection
[0m14:35:30.567030 [debug] [Thread-5 (]: Acquiring new databricks connection 'test.chinook.relationships_Track__GenreId____GenreId___ref_Genre_.7b640f3eb6'
[0m14:35:30.568031 [debug] [Thread-5 (]: Began compiling node test.chinook.relationships_Track__GenreId____GenreId___ref_Genre_.7b640f3eb6
[0m14:35:30.582098 [debug] [Thread-5 (]: Writing injected SQL for node "test.chinook.relationships_Track__GenreId____GenreId___ref_Genre_.7b640f3eb6"
[0m14:35:30.584103 [debug] [Thread-5 (]: Began executing node test.chinook.relationships_Track__GenreId____GenreId___ref_Genre_.7b640f3eb6
[0m14:35:30.584103 [debug] [Thread-5 (]: Writing runtime sql for node "test.chinook.relationships_Track__GenreId____GenreId___ref_Genre_.7b640f3eb6"
[0m14:35:30.584103 [debug] [Thread-5 (]: Using databricks connection "test.chinook.relationships_Track__GenreId____GenreId___ref_Genre_.7b640f3eb6"
[0m14:35:30.584103 [debug] [Thread-5 (]: On test.chinook.relationships_Track__GenreId____GenreId___ref_Genre_.7b640f3eb6: /* {"app": "dbt", "dbt_version": "1.11.2", "dbt_databricks_version": "1.12.4", "databricks_sql_connector_version": "4.1.3", "profile_name": "chinook", "target_name": "dev", "invocation_id": "f895e84d-a64e-4e85-985b-ce8373f64823", "node_id": "test.chinook.relationships_Track__GenreId____GenreId___ref_Genre_.7b640f3eb6"} */

    select
      count(*) as failures,
      count(*) != 0 as should_warn,
      count(*) != 0 as should_error
    from (
      
    
  
    
    

with child as (
    select `GenreId` as from_field
    from `uc_sql_server_central`.`data_raw`.`track01`
    where `GenreId` is not null
),

parent as (
    select `GenreId` as to_field
    from `uc_sql_server_central`.`data_raw`.`genre01`
)

select
    from_field

from child
left join parent
    on child.from_field = parent.to_field

where parent.to_field is null



  
  
      
    ) dbt_internal_test
[0m14:35:30.584103 [debug] [Thread-5 (]: Opening a new connection, currently in state init
[0m14:35:30.900521 [debug] [Thread-5 (]: Databricks adapter: Connection(session-id=01f1a0b3-bfe7-16fc-8e51-e8aeeb242af4) - Created
[0m14:35:31.633044 [debug] [Thread-5 (]: SQL status: OK in 1.050 seconds
[0m14:35:31.633044 [debug] [Thread-5 (]: Databricks adapter: Cursor(session-id=01f1a0b3-bfe7-16fc-8e51-e8aeeb242af4, command-id=01f1a0b3-bff9-156c-909a-1415c9afaf35) - Closing
[0m14:35:31.633044 [debug] [Thread-5 (]: On test.chinook.relationships_Track__GenreId____GenreId___ref_Genre_.7b640f3eb6: Close
[0m14:35:31.633044 [debug] [Thread-5 (]: Databricks adapter: Connection(session-id=01f1a0b3-bfe7-16fc-8e51-e8aeeb242af4) - Closing
[0m14:35:31.728644 [info ] [Thread-5 (]: 19 of 30 PASS relationships_Track__GenreId____GenreId___ref_Genre_ ............. [[32mPASS[0m in 1.16s]
[0m14:35:31.728644 [debug] [Thread-5 (]: Finished running node test.chinook.relationships_Track__GenreId____GenreId___ref_Genre_.7b640f3eb6
[0m14:35:31.728644 [debug] [Thread-5 (]: Began running node test.chinook.relationships_Track__MediaTypeId____MediaTypeId___ref_MediaType_.c87b11bb31
[0m14:35:31.728644 [info ] [Thread-5 (]: 20 of 30 START test relationships_Track__MediaTypeId____MediaTypeId___ref_MediaType_  [RUN]
[0m14:35:31.744837 [debug] [Thread-5 (]: Databricks adapter: DatabricksDBTConnection(session-id=None, name=test.chinook.relationships_Track__MediaTypeId____MediaTypeId___ref_MediaType_.c87b11bb31) - Creating connection
[0m14:35:31.744837 [debug] [Thread-5 (]: Acquiring new databricks connection 'test.chinook.relationships_Track__MediaTypeId____MediaTypeId___ref_MediaType_.c87b11bb31'
[0m14:35:31.744837 [debug] [Thread-5 (]: Began compiling node test.chinook.relationships_Track__MediaTypeId____MediaTypeId___ref_MediaType_.c87b11bb31
[0m14:35:31.744837 [debug] [Thread-5 (]: Writing injected SQL for node "test.chinook.relationships_Track__MediaTypeId____MediaTypeId___ref_MediaType_.c87b11bb31"
[0m14:35:31.760752 [debug] [Thread-5 (]: Began executing node test.chinook.relationships_Track__MediaTypeId____MediaTypeId___ref_MediaType_.c87b11bb31
[0m14:35:31.768665 [debug] [Thread-5 (]: Writing runtime sql for node "test.chinook.relationships_Track__MediaTypeId____MediaTypeId___ref_MediaType_.c87b11bb31"
[0m14:35:31.769365 [debug] [Thread-5 (]: Using databricks connection "test.chinook.relationships_Track__MediaTypeId____MediaTypeId___ref_MediaType_.c87b11bb31"
[0m14:35:31.769365 [debug] [Thread-5 (]: On test.chinook.relationships_Track__MediaTypeId____MediaTypeId___ref_MediaType_.c87b11bb31: /* {"app": "dbt", "dbt_version": "1.11.2", "dbt_databricks_version": "1.12.4", "databricks_sql_connector_version": "4.1.3", "profile_name": "chinook", "target_name": "dev", "invocation_id": "f895e84d-a64e-4e85-985b-ce8373f64823", "node_id": "test.chinook.relationships_Track__MediaTypeId____MediaTypeId___ref_MediaType_.c87b11bb31"} */

    select
      count(*) as failures,
      count(*) != 0 as should_warn,
      count(*) != 0 as should_error
    from (
      
    
  
    
    

with child as (
    select `MediaTypeId` as from_field
    from `uc_sql_server_central`.`data_raw`.`track01`
    where `MediaTypeId` is not null
),

parent as (
    select `MediaTypeId` as to_field
    from `uc_sql_server_central`.`data_raw`.`mediatype01`
)

select
    from_field

from child
left join parent
    on child.from_field = parent.to_field

where parent.to_field is null



  
  
      
    ) dbt_internal_test
[0m14:35:31.769365 [debug] [Thread-5 (]: Opening a new connection, currently in state init
[0m14:35:32.051704 [debug] [Thread-5 (]: Databricks adapter: Connection(session-id=01f1a0b3-c098-1b94-b004-a609a279bcb9) - Created
[0m14:35:32.755933 [debug] [Thread-5 (]: SQL status: OK in 0.990 seconds
[0m14:35:32.755933 [debug] [Thread-5 (]: Databricks adapter: Cursor(session-id=01f1a0b3-c098-1b94-b004-a609a279bcb9, command-id=01f1a0b3-c0a5-1bd8-a230-8be0c3ef000d) - Closing
[0m14:35:32.755933 [debug] [Thread-5 (]: On test.chinook.relationships_Track__MediaTypeId____MediaTypeId___ref_MediaType_.c87b11bb31: Close
[0m14:35:32.755933 [debug] [Thread-5 (]: Databricks adapter: Connection(session-id=01f1a0b3-c098-1b94-b004-a609a279bcb9) - Closing
[0m14:35:32.854417 [info ] [Thread-5 (]: 20 of 30 PASS relationships_Track__MediaTypeId____MediaTypeId___ref_MediaType_ . [[32mPASS[0m in 1.13s]
[0m14:35:32.856433 [debug] [Thread-5 (]: Finished running node test.chinook.relationships_Track__MediaTypeId____MediaTypeId___ref_MediaType_.c87b11bb31
[0m14:35:32.856433 [debug] [Thread-5 (]: Began running node test.chinook.unique_Album__AlbumId_.92e0934510
[0m14:35:32.856433 [info ] [Thread-5 (]: 21 of 30 START test unique_Album__AlbumId_ ..................................... [RUN]
[0m14:35:32.858446 [debug] [Thread-5 (]: Databricks adapter: DatabricksDBTConnection(session-id=None, name=test.chinook.unique_Album__AlbumId_.92e0934510) - Creating connection
[0m14:35:32.858446 [debug] [Thread-5 (]: Acquiring new databricks connection 'test.chinook.unique_Album__AlbumId_.92e0934510'
[0m14:35:32.860458 [debug] [Thread-5 (]: Began compiling node test.chinook.unique_Album__AlbumId_.92e0934510
[0m14:35:32.876741 [debug] [Thread-5 (]: Writing injected SQL for node "test.chinook.unique_Album__AlbumId_.92e0934510"
[0m14:35:32.876741 [debug] [Thread-5 (]: Began executing node test.chinook.unique_Album__AlbumId_.92e0934510
[0m14:35:32.876741 [debug] [Thread-5 (]: Writing runtime sql for node "test.chinook.unique_Album__AlbumId_.92e0934510"
[0m14:35:32.876741 [debug] [Thread-5 (]: Using databricks connection "test.chinook.unique_Album__AlbumId_.92e0934510"
[0m14:35:32.890898 [debug] [Thread-5 (]: On test.chinook.unique_Album__AlbumId_.92e0934510: /* {"app": "dbt", "dbt_version": "1.11.2", "dbt_databricks_version": "1.12.4", "databricks_sql_connector_version": "4.1.3", "profile_name": "chinook", "target_name": "dev", "invocation_id": "f895e84d-a64e-4e85-985b-ce8373f64823", "node_id": "test.chinook.unique_Album__AlbumId_.92e0934510"} */

    select
      count(*) as failures,
      count(*) != 0 as should_warn,
      count(*) != 0 as should_error
    from (
      
    
  
    
    

select
    `AlbumId` as unique_field,
    count(*) as n_records

from `uc_sql_server_central`.`data_raw`.`album01`
where `AlbumId` is not null
group by `AlbumId`
having count(*) > 1



  
  
      
    ) dbt_internal_test
[0m14:35:32.890898 [debug] [Thread-5 (]: Opening a new connection, currently in state init
[0m14:35:33.167219 [debug] [Thread-5 (]: Databricks adapter: Connection(session-id=01f1a0b3-c140-1e9b-8458-9a48d4659fc1) - Created
[0m14:35:33.644881 [debug] [Thread-5 (]: SQL status: OK in 0.750 seconds
[0m14:35:33.644881 [debug] [Thread-5 (]: Databricks adapter: Cursor(session-id=01f1a0b3-c140-1e9b-8458-9a48d4659fc1, command-id=01f1a0b3-c14c-1556-ba8c-313e6775a1c2) - Closing
[0m14:35:33.644881 [debug] [Thread-5 (]: On test.chinook.unique_Album__AlbumId_.92e0934510: Close
[0m14:35:33.644881 [debug] [Thread-5 (]: Databricks adapter: Connection(session-id=01f1a0b3-c140-1e9b-8458-9a48d4659fc1) - Closing
[0m14:35:33.740766 [info ] [Thread-5 (]: 21 of 30 PASS unique_Album__AlbumId_ ........................................... [[32mPASS[0m in 0.88s]
[0m14:35:33.740766 [debug] [Thread-5 (]: Finished running node test.chinook.unique_Album__AlbumId_.92e0934510
[0m14:35:33.740766 [debug] [Thread-5 (]: Began running node test.chinook.unique_Artist__ArtistId_.9c9a7785d0
[0m14:35:33.740766 [info ] [Thread-5 (]: 22 of 30 START test unique_Artist__ArtistId_ ................................... [RUN]
[0m14:35:33.740766 [debug] [Thread-5 (]: Databricks adapter: DatabricksDBTConnection(session-id=None, name=test.chinook.unique_Artist__ArtistId_.9c9a7785d0) - Creating connection
[0m14:35:33.740766 [debug] [Thread-5 (]: Acquiring new databricks connection 'test.chinook.unique_Artist__ArtistId_.9c9a7785d0'
[0m14:35:33.740766 [debug] [Thread-5 (]: Began compiling node test.chinook.unique_Artist__ArtistId_.9c9a7785d0
[0m14:35:33.756625 [debug] [Thread-5 (]: Writing injected SQL for node "test.chinook.unique_Artist__ArtistId_.9c9a7785d0"
[0m14:35:33.760959 [debug] [Thread-5 (]: Began executing node test.chinook.unique_Artist__ArtistId_.9c9a7785d0
[0m14:35:33.765973 [debug] [Thread-5 (]: Writing runtime sql for node "test.chinook.unique_Artist__ArtistId_.9c9a7785d0"
[0m14:35:33.765973 [debug] [Thread-5 (]: Using databricks connection "test.chinook.unique_Artist__ArtistId_.9c9a7785d0"
[0m14:35:33.765973 [debug] [Thread-5 (]: On test.chinook.unique_Artist__ArtistId_.9c9a7785d0: /* {"app": "dbt", "dbt_version": "1.11.2", "dbt_databricks_version": "1.12.4", "databricks_sql_connector_version": "4.1.3", "profile_name": "chinook", "target_name": "dev", "invocation_id": "f895e84d-a64e-4e85-985b-ce8373f64823", "node_id": "test.chinook.unique_Artist__ArtistId_.9c9a7785d0"} */

    select
      count(*) as failures,
      count(*) != 0 as should_warn,
      count(*) != 0 as should_error
    from (
      
    
  
    
    

select
    `ArtistId` as unique_field,
    count(*) as n_records

from `uc_sql_server_central`.`data_raw`.`artist01`
where `ArtistId` is not null
group by `ArtistId`
having count(*) > 1



  
  
      
    ) dbt_internal_test
[0m14:35:33.765973 [debug] [Thread-5 (]: Opening a new connection, currently in state init
[0m14:35:34.034836 [debug] [Thread-5 (]: Databricks adapter: Connection(session-id=01f1a0b3-c1c5-15b7-9b88-c45a4b069487) - Created
[0m14:35:34.482533 [debug] [Thread-5 (]: SQL status: OK in 0.720 seconds
[0m14:35:34.482533 [debug] [Thread-5 (]: Databricks adapter: Cursor(session-id=01f1a0b3-c1c5-15b7-9b88-c45a4b069487, command-id=01f1a0b3-c1d2-107f-bf3d-729374c59337) - Closing
[0m14:35:34.482533 [debug] [Thread-5 (]: On test.chinook.unique_Artist__ArtistId_.9c9a7785d0: Close
[0m14:35:34.482533 [debug] [Thread-5 (]: Databricks adapter: Connection(session-id=01f1a0b3-c1c5-15b7-9b88-c45a4b069487) - Closing
[0m14:35:34.611094 [info ] [Thread-5 (]: 22 of 30 PASS unique_Artist__ArtistId_ ......................................... [[32mPASS[0m in 0.87s]
[0m14:35:34.612661 [debug] [Thread-5 (]: Finished running node test.chinook.unique_Artist__ArtistId_.9c9a7785d0
[0m14:35:34.612661 [debug] [Thread-5 (]: Began running node test.chinook.unique_Customer__CustomerId_.3bdb538ef1
[0m14:35:34.612661 [info ] [Thread-5 (]: 23 of 30 START test unique_Customer__CustomerId_ ............................... [RUN]
[0m14:35:34.612661 [debug] [Thread-5 (]: Databricks adapter: DatabricksDBTConnection(session-id=None, name=test.chinook.unique_Customer__CustomerId_.3bdb538ef1) - Creating connection
[0m14:35:34.612661 [debug] [Thread-5 (]: Acquiring new databricks connection 'test.chinook.unique_Customer__CustomerId_.3bdb538ef1'
[0m14:35:34.612661 [debug] [Thread-5 (]: Began compiling node test.chinook.unique_Customer__CustomerId_.3bdb538ef1
[0m14:35:34.628989 [debug] [Thread-5 (]: Writing injected SQL for node "test.chinook.unique_Customer__CustomerId_.3bdb538ef1"
[0m14:35:34.631152 [debug] [Thread-5 (]: Began executing node test.chinook.unique_Customer__CustomerId_.3bdb538ef1
[0m14:35:34.636126 [debug] [Thread-5 (]: Writing runtime sql for node "test.chinook.unique_Customer__CustomerId_.3bdb538ef1"
[0m14:35:34.636126 [debug] [Thread-5 (]: Using databricks connection "test.chinook.unique_Customer__CustomerId_.3bdb538ef1"
[0m14:35:34.636126 [debug] [Thread-5 (]: On test.chinook.unique_Customer__CustomerId_.3bdb538ef1: /* {"app": "dbt", "dbt_version": "1.11.2", "dbt_databricks_version": "1.12.4", "databricks_sql_connector_version": "4.1.3", "profile_name": "chinook", "target_name": "dev", "invocation_id": "f895e84d-a64e-4e85-985b-ce8373f64823", "node_id": "test.chinook.unique_Customer__CustomerId_.3bdb538ef1"} */

    select
      count(*) as failures,
      count(*) != 0 as should_warn,
      count(*) != 0 as should_error
    from (
      
    
  
    
    

select
    `CustomerId` as unique_field,
    count(*) as n_records

from `uc_sql_server_central`.`data_raw`.`customer01`
where `CustomerId` is not null
group by `CustomerId`
having count(*) > 1



  
  
      
    ) dbt_internal_test
[0m14:35:34.636126 [debug] [Thread-5 (]: Opening a new connection, currently in state init
[0m14:35:34.885047 [debug] [Thread-5 (]: Databricks adapter: Connection(session-id=01f1a0b3-c249-1656-9a7c-a3307ca7b79f) - Created
[0m14:35:35.318028 [debug] [Thread-5 (]: SQL status: OK in 0.680 seconds
[0m14:35:35.320041 [debug] [Thread-5 (]: Databricks adapter: Cursor(session-id=01f1a0b3-c249-1656-9a7c-a3307ca7b79f, command-id=01f1a0b3-c255-1552-9401-22ead6162e84) - Closing
[0m14:35:35.320041 [debug] [Thread-5 (]: On test.chinook.unique_Customer__CustomerId_.3bdb538ef1: Close
[0m14:35:35.320041 [debug] [Thread-5 (]: Databricks adapter: Connection(session-id=01f1a0b3-c249-1656-9a7c-a3307ca7b79f) - Closing
[0m14:35:35.403338 [info ] [Thread-5 (]: 23 of 30 PASS unique_Customer__CustomerId_ ..................................... [[32mPASS[0m in 0.79s]
[0m14:35:35.405351 [debug] [Thread-5 (]: Finished running node test.chinook.unique_Customer__CustomerId_.3bdb538ef1
[0m14:35:35.405351 [debug] [Thread-5 (]: Began running node test.chinook.unique_Employee__EmployeeId_.70fbb1b3af
[0m14:35:35.407364 [info ] [Thread-5 (]: 24 of 30 START test unique_Employee__EmployeeId_ ............................... [RUN]
[0m14:35:35.407364 [debug] [Thread-5 (]: Databricks adapter: DatabricksDBTConnection(session-id=None, name=test.chinook.unique_Employee__EmployeeId_.70fbb1b3af) - Creating connection
[0m14:35:35.409376 [debug] [Thread-5 (]: Acquiring new databricks connection 'test.chinook.unique_Employee__EmployeeId_.70fbb1b3af'
[0m14:35:35.409376 [debug] [Thread-5 (]: Began compiling node test.chinook.unique_Employee__EmployeeId_.70fbb1b3af
[0m14:35:35.417259 [debug] [Thread-5 (]: Writing injected SQL for node "test.chinook.unique_Employee__EmployeeId_.70fbb1b3af"
[0m14:35:35.418546 [debug] [Thread-5 (]: Began executing node test.chinook.unique_Employee__EmployeeId_.70fbb1b3af
[0m14:35:35.418546 [debug] [Thread-5 (]: Writing runtime sql for node "test.chinook.unique_Employee__EmployeeId_.70fbb1b3af"
[0m14:35:35.418546 [debug] [Thread-5 (]: Using databricks connection "test.chinook.unique_Employee__EmployeeId_.70fbb1b3af"
[0m14:35:35.418546 [debug] [Thread-5 (]: On test.chinook.unique_Employee__EmployeeId_.70fbb1b3af: /* {"app": "dbt", "dbt_version": "1.11.2", "dbt_databricks_version": "1.12.4", "databricks_sql_connector_version": "4.1.3", "profile_name": "chinook", "target_name": "dev", "invocation_id": "f895e84d-a64e-4e85-985b-ce8373f64823", "node_id": "test.chinook.unique_Employee__EmployeeId_.70fbb1b3af"} */

    select
      count(*) as failures,
      count(*) != 0 as should_warn,
      count(*) != 0 as should_error
    from (
      
    
  
    
    

select
    `EmployeeId` as unique_field,
    count(*) as n_records

from `uc_sql_server_central`.`data_raw`.`employee01`
where `EmployeeId` is not null
group by `EmployeeId`
having count(*) > 1



  
  
      
    ) dbt_internal_test
[0m14:35:35.418546 [debug] [Thread-5 (]: Opening a new connection, currently in state init
[0m14:35:35.734181 [debug] [Thread-5 (]: Databricks adapter: Connection(session-id=01f1a0b3-c2c8-1a84-9493-8905f6b4135e) - Created
[0m14:35:36.228527 [debug] [Thread-5 (]: SQL status: OK in 0.810 seconds
[0m14:35:36.244454 [debug] [Thread-5 (]: Databricks adapter: Cursor(session-id=01f1a0b3-c2c8-1a84-9493-8905f6b4135e, command-id=01f1a0b3-c2d7-1292-bea6-dc8c60b04bcf) - Closing
[0m14:35:36.244454 [debug] [Thread-5 (]: On test.chinook.unique_Employee__EmployeeId_.70fbb1b3af: Close
[0m14:35:36.244454 [debug] [Thread-5 (]: Databricks adapter: Connection(session-id=01f1a0b3-c2c8-1a84-9493-8905f6b4135e) - Closing
[0m14:35:36.339469 [info ] [Thread-5 (]: 24 of 30 PASS unique_Employee__EmployeeId_ ..................................... [[32mPASS[0m in 0.93s]
[0m14:35:36.339469 [debug] [Thread-5 (]: Finished running node test.chinook.unique_Employee__EmployeeId_.70fbb1b3af
[0m14:35:36.339469 [debug] [Thread-5 (]: Began running node test.chinook.unique_Genre__GenreId_.e0d0e99ed0
[0m14:35:36.339469 [info ] [Thread-5 (]: 25 of 30 START test unique_Genre__GenreId_ ..................................... [RUN]
[0m14:35:36.339469 [debug] [Thread-5 (]: Databricks adapter: DatabricksDBTConnection(session-id=None, name=test.chinook.unique_Genre__GenreId_.e0d0e99ed0) - Creating connection
[0m14:35:36.339469 [debug] [Thread-5 (]: Acquiring new databricks connection 'test.chinook.unique_Genre__GenreId_.e0d0e99ed0'
[0m14:35:36.339469 [debug] [Thread-5 (]: Began compiling node test.chinook.unique_Genre__GenreId_.e0d0e99ed0
[0m14:35:36.363425 [debug] [Thread-5 (]: Writing injected SQL for node "test.chinook.unique_Genre__GenreId_.e0d0e99ed0"
[0m14:35:36.366050 [debug] [Thread-5 (]: Began executing node test.chinook.unique_Genre__GenreId_.e0d0e99ed0
[0m14:35:36.366050 [debug] [Thread-5 (]: Writing runtime sql for node "test.chinook.unique_Genre__GenreId_.e0d0e99ed0"
[0m14:35:36.377871 [debug] [Thread-5 (]: Using databricks connection "test.chinook.unique_Genre__GenreId_.e0d0e99ed0"
[0m14:35:36.380953 [debug] [Thread-5 (]: On test.chinook.unique_Genre__GenreId_.e0d0e99ed0: /* {"app": "dbt", "dbt_version": "1.11.2", "dbt_databricks_version": "1.12.4", "databricks_sql_connector_version": "4.1.3", "profile_name": "chinook", "target_name": "dev", "invocation_id": "f895e84d-a64e-4e85-985b-ce8373f64823", "node_id": "test.chinook.unique_Genre__GenreId_.e0d0e99ed0"} */

    select
      count(*) as failures,
      count(*) != 0 as should_warn,
      count(*) != 0 as should_error
    from (
      
    
  
    
    

select
    `GenreId` as unique_field,
    count(*) as n_records

from `uc_sql_server_central`.`data_raw`.`genre01`
where `GenreId` is not null
group by `GenreId`
having count(*) > 1



  
  
      
    ) dbt_internal_test
[0m14:35:36.380953 [debug] [Thread-5 (]: Opening a new connection, currently in state init
[0m14:35:36.698885 [debug] [Thread-5 (]: Databricks adapter: Connection(session-id=01f1a0b3-c35c-1a32-be2d-fa104e29e893) - Created
[0m14:35:37.145235 [debug] [Thread-5 (]: SQL status: OK in 0.760 seconds
[0m14:35:37.145235 [debug] [Thread-5 (]: Databricks adapter: Cursor(session-id=01f1a0b3-c35c-1a32-be2d-fa104e29e893, command-id=01f1a0b3-c368-1090-b327-dda361ca8aa9) - Closing
[0m14:35:37.145235 [debug] [Thread-5 (]: On test.chinook.unique_Genre__GenreId_.e0d0e99ed0: Close
[0m14:35:37.145235 [debug] [Thread-5 (]: Databricks adapter: Connection(session-id=01f1a0b3-c35c-1a32-be2d-fa104e29e893) - Closing
[0m14:35:37.257278 [info ] [Thread-5 (]: 25 of 30 PASS unique_Genre__GenreId_ ........................................... [[32mPASS[0m in 0.92s]
[0m14:35:37.257278 [debug] [Thread-5 (]: Finished running node test.chinook.unique_Genre__GenreId_.e0d0e99ed0
[0m14:35:37.257278 [debug] [Thread-5 (]: Began running node test.chinook.unique_InvoiceLine__InvoiceLineId_.1b9368c027
[0m14:35:37.257278 [info ] [Thread-5 (]: 26 of 30 START test unique_InvoiceLine__InvoiceLineId_ ......................... [RUN]
[0m14:35:37.257278 [debug] [Thread-5 (]: Databricks adapter: DatabricksDBTConnection(session-id=None, name=test.chinook.unique_InvoiceLine__InvoiceLineId_.1b9368c027) - Creating connection
[0m14:35:37.257278 [debug] [Thread-5 (]: Acquiring new databricks connection 'test.chinook.unique_InvoiceLine__InvoiceLineId_.1b9368c027'
[0m14:35:37.257278 [debug] [Thread-5 (]: Began compiling node test.chinook.unique_InvoiceLine__InvoiceLineId_.1b9368c027
[0m14:35:37.282486 [debug] [Thread-5 (]: Writing injected SQL for node "test.chinook.unique_InvoiceLine__InvoiceLineId_.1b9368c027"
[0m14:35:37.282486 [debug] [Thread-5 (]: Began executing node test.chinook.unique_InvoiceLine__InvoiceLineId_.1b9368c027
[0m14:35:37.286486 [debug] [Thread-5 (]: Writing runtime sql for node "test.chinook.unique_InvoiceLine__InvoiceLineId_.1b9368c027"
[0m14:35:37.294286 [debug] [Thread-5 (]: Using databricks connection "test.chinook.unique_InvoiceLine__InvoiceLineId_.1b9368c027"
[0m14:35:37.294286 [debug] [Thread-5 (]: On test.chinook.unique_InvoiceLine__InvoiceLineId_.1b9368c027: /* {"app": "dbt", "dbt_version": "1.11.2", "dbt_databricks_version": "1.12.4", "databricks_sql_connector_version": "4.1.3", "profile_name": "chinook", "target_name": "dev", "invocation_id": "f895e84d-a64e-4e85-985b-ce8373f64823", "node_id": "test.chinook.unique_InvoiceLine__InvoiceLineId_.1b9368c027"} */

    select
      count(*) as failures,
      count(*) != 0 as should_warn,
      count(*) != 0 as should_error
    from (
      
    
  
    
    

select
    `InvoiceLineId` as unique_field,
    count(*) as n_records

from `uc_sql_server_central`.`data_raw`.`invoiceline01`
where `InvoiceLineId` is not null
group by `InvoiceLineId`
having count(*) > 1



  
  
      
    ) dbt_internal_test
[0m14:35:37.294286 [debug] [Thread-5 (]: Opening a new connection, currently in state init
[0m14:35:37.619474 [debug] [Thread-5 (]: Databricks adapter: Connection(session-id=01f1a0b3-c3e8-1543-b413-234023dfca56) - Created
[0m14:35:38.155712 [debug] [Thread-5 (]: SQL status: OK in 0.860 seconds
[0m14:35:38.155712 [debug] [Thread-5 (]: Databricks adapter: Cursor(session-id=01f1a0b3-c3e8-1543-b413-234023dfca56, command-id=01f1a0b3-c3f4-13a3-abaa-63196503fa17) - Closing
[0m14:35:38.171808 [debug] [Thread-5 (]: On test.chinook.unique_InvoiceLine__InvoiceLineId_.1b9368c027: Close
[0m14:35:38.171808 [debug] [Thread-5 (]: Databricks adapter: Connection(session-id=01f1a0b3-c3e8-1543-b413-234023dfca56) - Closing
[0m14:35:38.267460 [info ] [Thread-5 (]: 26 of 30 PASS unique_InvoiceLine__InvoiceLineId_ ............................... [[32mPASS[0m in 1.01s]
[0m14:35:38.267460 [debug] [Thread-5 (]: Finished running node test.chinook.unique_InvoiceLine__InvoiceLineId_.1b9368c027
[0m14:35:38.267460 [debug] [Thread-5 (]: Began running node test.chinook.unique_Invoice__InvoiceId_.9a5483c93a
[0m14:35:38.267460 [info ] [Thread-5 (]: 27 of 30 START test unique_Invoice__InvoiceId_ ................................. [RUN]
[0m14:35:38.267460 [debug] [Thread-5 (]: Databricks adapter: DatabricksDBTConnection(session-id=None, name=test.chinook.unique_Invoice__InvoiceId_.9a5483c93a) - Creating connection
[0m14:35:38.267460 [debug] [Thread-5 (]: Acquiring new databricks connection 'test.chinook.unique_Invoice__InvoiceId_.9a5483c93a'
[0m14:35:38.267460 [debug] [Thread-5 (]: Began compiling node test.chinook.unique_Invoice__InvoiceId_.9a5483c93a
[0m14:35:38.287848 [debug] [Thread-5 (]: Writing injected SQL for node "test.chinook.unique_Invoice__InvoiceId_.9a5483c93a"
[0m14:35:38.291179 [debug] [Thread-5 (]: Began executing node test.chinook.unique_Invoice__InvoiceId_.9a5483c93a
[0m14:35:38.295606 [debug] [Thread-5 (]: Writing runtime sql for node "test.chinook.unique_Invoice__InvoiceId_.9a5483c93a"
[0m14:35:38.295606 [debug] [Thread-5 (]: Using databricks connection "test.chinook.unique_Invoice__InvoiceId_.9a5483c93a"
[0m14:35:38.295606 [debug] [Thread-5 (]: On test.chinook.unique_Invoice__InvoiceId_.9a5483c93a: /* {"app": "dbt", "dbt_version": "1.11.2", "dbt_databricks_version": "1.12.4", "databricks_sql_connector_version": "4.1.3", "profile_name": "chinook", "target_name": "dev", "invocation_id": "f895e84d-a64e-4e85-985b-ce8373f64823", "node_id": "test.chinook.unique_Invoice__InvoiceId_.9a5483c93a"} */

    select
      count(*) as failures,
      count(*) != 0 as should_warn,
      count(*) != 0 as should_error
    from (
      
    
  
    
    

select
    `InvoiceId` as unique_field,
    count(*) as n_records

from `uc_sql_server_central`.`data_raw`.`invoice01`
where `InvoiceId` is not null
group by `InvoiceId`
having count(*) > 1



  
  
      
    ) dbt_internal_test
[0m14:35:38.295606 [debug] [Thread-5 (]: Opening a new connection, currently in state init
[0m14:35:38.631593 [debug] [Thread-5 (]: Databricks adapter: Connection(session-id=01f1a0b3-c483-13b6-9e87-500040c96e48) - Created
[0m14:35:39.061681 [debug] [Thread-5 (]: SQL status: OK in 0.770 seconds
[0m14:35:39.077584 [debug] [Thread-5 (]: Databricks adapter: Cursor(session-id=01f1a0b3-c483-13b6-9e87-500040c96e48, command-id=01f1a0b3-c48f-1dbb-99e0-d29ed105ac75) - Closing
[0m14:35:39.077584 [debug] [Thread-5 (]: On test.chinook.unique_Invoice__InvoiceId_.9a5483c93a: Close
[0m14:35:39.077584 [debug] [Thread-5 (]: Databricks adapter: Connection(session-id=01f1a0b3-c483-13b6-9e87-500040c96e48) - Closing
[0m14:35:39.172775 [info ] [Thread-5 (]: 27 of 30 PASS unique_Invoice__InvoiceId_ ....................................... [[32mPASS[0m in 0.91s]
[0m14:35:39.172775 [debug] [Thread-5 (]: Finished running node test.chinook.unique_Invoice__InvoiceId_.9a5483c93a
[0m14:35:39.172775 [debug] [Thread-5 (]: Began running node test.chinook.unique_MediaType__MediaTypeId_.7a39d2dae4
[0m14:35:39.172775 [info ] [Thread-5 (]: 28 of 30 START test unique_MediaType__MediaTypeId_ ............................. [RUN]
[0m14:35:39.172775 [debug] [Thread-5 (]: Databricks adapter: DatabricksDBTConnection(session-id=None, name=test.chinook.unique_MediaType__MediaTypeId_.7a39d2dae4) - Creating connection
[0m14:35:39.172775 [debug] [Thread-5 (]: Acquiring new databricks connection 'test.chinook.unique_MediaType__MediaTypeId_.7a39d2dae4'
[0m14:35:39.188766 [debug] [Thread-5 (]: Began compiling node test.chinook.unique_MediaType__MediaTypeId_.7a39d2dae4
[0m14:35:39.198558 [debug] [Thread-5 (]: Writing injected SQL for node "test.chinook.unique_MediaType__MediaTypeId_.7a39d2dae4"
[0m14:35:39.198558 [debug] [Thread-5 (]: Began executing node test.chinook.unique_MediaType__MediaTypeId_.7a39d2dae4
[0m14:35:39.211272 [debug] [Thread-5 (]: Writing runtime sql for node "test.chinook.unique_MediaType__MediaTypeId_.7a39d2dae4"
[0m14:35:39.216580 [debug] [Thread-5 (]: Using databricks connection "test.chinook.unique_MediaType__MediaTypeId_.7a39d2dae4"
[0m14:35:39.218604 [debug] [Thread-5 (]: On test.chinook.unique_MediaType__MediaTypeId_.7a39d2dae4: /* {"app": "dbt", "dbt_version": "1.11.2", "dbt_databricks_version": "1.12.4", "databricks_sql_connector_version": "4.1.3", "profile_name": "chinook", "target_name": "dev", "invocation_id": "f895e84d-a64e-4e85-985b-ce8373f64823", "node_id": "test.chinook.unique_MediaType__MediaTypeId_.7a39d2dae4"} */

    select
      count(*) as failures,
      count(*) != 0 as should_warn,
      count(*) != 0 as should_error
    from (
      
    
  
    
    

select
    `MediaTypeId` as unique_field,
    count(*) as n_records

from `uc_sql_server_central`.`data_raw`.`mediatype01`
where `MediaTypeId` is not null
group by `MediaTypeId`
having count(*) > 1



  
  
      
    ) dbt_internal_test
[0m14:35:39.218604 [debug] [Thread-5 (]: Opening a new connection, currently in state init
[0m14:35:39.546315 [debug] [Thread-5 (]: Databricks adapter: Connection(session-id=01f1a0b3-c510-1dcc-88be-cc25f805ce51) - Created
[0m14:35:39.959933 [debug] [Thread-5 (]: SQL status: OK in 0.740 seconds
[0m14:35:39.959933 [debug] [Thread-5 (]: Databricks adapter: Cursor(session-id=01f1a0b3-c510-1dcc-88be-cc25f805ce51, command-id=01f1a0b3-c51c-1c37-aab4-b59ea984be10) - Closing
[0m14:35:39.959933 [debug] [Thread-5 (]: On test.chinook.unique_MediaType__MediaTypeId_.7a39d2dae4: Close
[0m14:35:39.959933 [debug] [Thread-5 (]: Databricks adapter: Connection(session-id=01f1a0b3-c510-1dcc-88be-cc25f805ce51) - Closing
[0m14:35:40.039651 [info ] [Thread-5 (]: 28 of 30 PASS unique_MediaType__MediaTypeId_ ................................... [[32mPASS[0m in 0.87s]
[0m14:35:40.055766 [debug] [Thread-5 (]: Finished running node test.chinook.unique_MediaType__MediaTypeId_.7a39d2dae4
[0m14:35:40.055766 [debug] [Thread-5 (]: Began running node test.chinook.unique_Playlist__PlaylistId_.6bc6f41a44
[0m14:35:40.055766 [info ] [Thread-5 (]: 29 of 30 START test unique_Playlist__PlaylistId_ ............................... [RUN]
[0m14:35:40.055766 [debug] [Thread-5 (]: Databricks adapter: DatabricksDBTConnection(session-id=None, name=test.chinook.unique_Playlist__PlaylistId_.6bc6f41a44) - Creating connection
[0m14:35:40.055766 [debug] [Thread-5 (]: Acquiring new databricks connection 'test.chinook.unique_Playlist__PlaylistId_.6bc6f41a44'
[0m14:35:40.055766 [debug] [Thread-5 (]: Began compiling node test.chinook.unique_Playlist__PlaylistId_.6bc6f41a44
[0m14:35:40.055766 [debug] [Thread-5 (]: Writing injected SQL for node "test.chinook.unique_Playlist__PlaylistId_.6bc6f41a44"
[0m14:35:40.073586 [debug] [Thread-5 (]: Began executing node test.chinook.unique_Playlist__PlaylistId_.6bc6f41a44
[0m14:35:40.078733 [debug] [Thread-5 (]: Writing runtime sql for node "test.chinook.unique_Playlist__PlaylistId_.6bc6f41a44"
[0m14:35:40.079452 [debug] [Thread-5 (]: Using databricks connection "test.chinook.unique_Playlist__PlaylistId_.6bc6f41a44"
[0m14:35:40.081464 [debug] [Thread-5 (]: On test.chinook.unique_Playlist__PlaylistId_.6bc6f41a44: /* {"app": "dbt", "dbt_version": "1.11.2", "dbt_databricks_version": "1.12.4", "databricks_sql_connector_version": "4.1.3", "profile_name": "chinook", "target_name": "dev", "invocation_id": "f895e84d-a64e-4e85-985b-ce8373f64823", "node_id": "test.chinook.unique_Playlist__PlaylistId_.6bc6f41a44"} */

    select
      count(*) as failures,
      count(*) != 0 as should_warn,
      count(*) != 0 as should_error
    from (
      
    
  
    
    

select
    `PlaylistId` as unique_field,
    count(*) as n_records

from `uc_sql_server_central`.`data_raw`.`playlist01`
where `PlaylistId` is not null
group by `PlaylistId`
having count(*) > 1



  
  
      
    ) dbt_internal_test
[0m14:35:40.081464 [debug] [Thread-5 (]: Opening a new connection, currently in state init
[0m14:35:40.335315 [debug] [Thread-5 (]: Databricks adapter: Connection(session-id=01f1a0b3-c589-1892-89f0-8dfe55f059e8) - Created
[0m14:35:40.857022 [debug] [Thread-5 (]: SQL status: OK in 0.780 seconds
[0m14:35:40.859033 [debug] [Thread-5 (]: Databricks adapter: Cursor(session-id=01f1a0b3-c589-1892-89f0-8dfe55f059e8, command-id=01f1a0b3-c595-1381-85c0-2a7087e100da) - Closing
[0m14:35:40.859033 [debug] [Thread-5 (]: On test.chinook.unique_Playlist__PlaylistId_.6bc6f41a44: Close
[0m14:35:40.860790 [debug] [Thread-5 (]: Databricks adapter: Connection(session-id=01f1a0b3-c589-1892-89f0-8dfe55f059e8) - Closing
[0m14:35:40.955858 [info ] [Thread-5 (]: 29 of 30 PASS unique_Playlist__PlaylistId_ ..................................... [[32mPASS[0m in 0.90s]
[0m14:35:40.955858 [debug] [Thread-5 (]: Finished running node test.chinook.unique_Playlist__PlaylistId_.6bc6f41a44
[0m14:35:40.955858 [debug] [Thread-5 (]: Began running node test.chinook.unique_Track__TrackId_.fe4679734d
[0m14:35:40.955858 [info ] [Thread-5 (]: 30 of 30 START test unique_Track__TrackId_ ..................................... [RUN]
[0m14:35:40.955858 [debug] [Thread-5 (]: Databricks adapter: DatabricksDBTConnection(session-id=None, name=test.chinook.unique_Track__TrackId_.fe4679734d) - Creating connection
[0m14:35:40.955858 [debug] [Thread-5 (]: Acquiring new databricks connection 'test.chinook.unique_Track__TrackId_.fe4679734d'
[0m14:35:40.955858 [debug] [Thread-5 (]: Began compiling node test.chinook.unique_Track__TrackId_.fe4679734d
[0m14:35:40.975593 [debug] [Thread-5 (]: Writing injected SQL for node "test.chinook.unique_Track__TrackId_.fe4679734d"
[0m14:35:40.979350 [debug] [Thread-5 (]: Began executing node test.chinook.unique_Track__TrackId_.fe4679734d
[0m14:35:40.980341 [debug] [Thread-5 (]: Writing runtime sql for node "test.chinook.unique_Track__TrackId_.fe4679734d"
[0m14:35:40.980341 [debug] [Thread-5 (]: Using databricks connection "test.chinook.unique_Track__TrackId_.fe4679734d"
[0m14:35:40.980341 [debug] [Thread-5 (]: On test.chinook.unique_Track__TrackId_.fe4679734d: /* {"app": "dbt", "dbt_version": "1.11.2", "dbt_databricks_version": "1.12.4", "databricks_sql_connector_version": "4.1.3", "profile_name": "chinook", "target_name": "dev", "invocation_id": "f895e84d-a64e-4e85-985b-ce8373f64823", "node_id": "test.chinook.unique_Track__TrackId_.fe4679734d"} */

    select
      count(*) as failures,
      count(*) != 0 as should_warn,
      count(*) != 0 as should_error
    from (
      
    
  
    
    

select
    `TrackId` as unique_field,
    count(*) as n_records

from `uc_sql_server_central`.`data_raw`.`track01`
where `TrackId` is not null
group by `TrackId`
having count(*) > 1



  
  
      
    ) dbt_internal_test
[0m14:35:40.980341 [debug] [Thread-5 (]: Opening a new connection, currently in state init
[0m14:35:41.284883 [debug] [Thread-5 (]: Databricks adapter: Connection(session-id=01f1a0b3-c613-1cbd-87dc-63cf94124762) - Created
[0m14:35:41.763826 [debug] [Thread-5 (]: SQL status: OK in 0.780 seconds
[0m14:35:41.763826 [debug] [Thread-5 (]: Databricks adapter: Cursor(session-id=01f1a0b3-c613-1cbd-87dc-63cf94124762, command-id=01f1a0b3-c623-140f-afa7-4fbe128549a5) - Closing
[0m14:35:41.763826 [debug] [Thread-5 (]: On test.chinook.unique_Track__TrackId_.fe4679734d: Close
[0m14:35:41.763826 [debug] [Thread-5 (]: Databricks adapter: Connection(session-id=01f1a0b3-c613-1cbd-87dc-63cf94124762) - Closing
[0m14:35:41.859824 [info ] [Thread-5 (]: 30 of 30 PASS unique_Track__TrackId_ ........................................... [[32mPASS[0m in 0.90s]
[0m14:35:41.859824 [debug] [Thread-5 (]: Finished running node test.chinook.unique_Track__TrackId_.fe4679734d
[0m14:35:41.875544 [debug] [MainThread]: Databricks adapter: DatabricksDBTConnection(session-id=None, name=master) - Creating connection
[0m14:35:41.875544 [debug] [MainThread]: Acquiring new databricks connection 'master'
[0m14:35:41.875544 [info ] [MainThread]: 
[0m14:35:41.875544 [info ] [MainThread]: Finished running 30 data tests in 0 hours 0 minutes and 48.23 seconds (48.23s).
[0m14:35:41.887410 [debug] [MainThread]: Command end result
[0m14:35:41.949037 [debug] [MainThread]: Wrote artifact WritableManifest to C:\dbt-and-databricks\06-chinook-schema\target\manifest.json
[0m14:35:41.953038 [debug] [MainThread]: Wrote artifact SemanticManifest to C:\dbt-and-databricks\06-chinook-schema\target\semantic_manifest.json
[0m14:35:41.959032 [debug] [MainThread]: Wrote artifact RunExecutionResult to C:\dbt-and-databricks\06-chinook-schema\target\run_results.json
[0m14:35:41.959032 [info ] [MainThread]: 
[0m14:35:41.959979 [info ] [MainThread]: [31mCompleted with 1 error, 0 partial successes, and 0 warnings:[0m
[0m14:35:41.959979 [info ] [MainThread]: 
[0m14:35:41.961041 [error] [MainThread]: [31mFailure in test relationships_Album__ArtistId____ArtistId___ref_Artist_ (seeds\seed_properties.yml)[0m
[0m14:35:41.961041 [error] [MainThread]:   Got 347 results, configured to fail if != 0
[0m14:35:41.961041 [info ] [MainThread]: 
[0m14:35:41.961041 [info ] [MainThread]:   compiled code at target\compiled\chinook\seeds\seed_properties.yml\relationships_Album__ArtistId____ArtistId___ref_Artist_.sql
[0m14:35:41.961041 [info ] [MainThread]: 
[0m14:35:41.961041 [info ] [MainThread]: Done. PASS=29 WARN=0 ERROR=1 SKIP=0 NO-OP=0 TOTAL=30
[0m14:35:41.961041 [debug] [MainThread]: Command `dbt test` failed at 14:35:41.961041 after 58.25 seconds
[0m14:35:41.961041 [debug] [MainThread]: Sending event: {'category': 'dbt', 'action': 'invocation', 'label': 'end', 'context': [<snowplow_tracker.self_describing_json.SelfDescribingJson object at 0x0000020675E86600>, <snowplow_tracker.self_describing_json.SelfDescribingJson object at 0x00000206746A1460>, <snowplow_tracker.self_describing_json.SelfDescribingJson object at 0x000002067418F4A0>]}
[0m14:35:41.961041 [debug] [MainThread]: Flushing usage events
[0m14:35:42.156864 [debug] [MainThread]: An error was encountered while trying to flush usage events
[0m14:36:16.515582 [debug] [MainThread]: Sending event: {'category': 'dbt', 'action': 'invocation', 'label': 'start', 'context': [<snowplow_tracker.self_describing_json.SelfDescribingJson object at 0x000002D2062A84A0>, <snowplow_tracker.self_describing_json.SelfDescribingJson object at 0x000002D2088BB470>, <snowplow_tracker.self_describing_json.SelfDescribingJson object at 0x000002D209456660>]}


============================== 14:36:16.535067 | 81a905c2-80fa-47a4-935b-1455ce34662c ==============================
[0m14:36:16.535067 [info ] [MainThread]: Running with dbt=1.11.2
[0m14:36:16.535067 [debug] [MainThread]: running dbt with arguments {'static_parser': 'True', 'no_print': 'None', 'version_check': 'True', 'target_path': 'None', 'warn_error_options': 'WarnErrorOptionsV2(error=[], warn=[], silence=[])', 'printer_width': '80', 'write_json': 'True', 'empty': 'None', 'log_cache_events': 'False', 'introspect': 'True', 'cache_selected_only': 'False', 'log_format': 'default', 'debug': 'False', 'fail_fast': 'False', 'partial_parse': 'True', 'send_anonymous_usage_stats': 'True', 'quiet': 'False', 'warn_error': 'None', 'profiles_dir': 'C:\\dbt-and-databricks\\06-chinook-schema', 'invocation_command': 'dbt test', 'use_colors': 'True', 'indirect_selection': 'eager', 'use_experimental_parser': 'False', 'log_path': 'C:\\dbt-and-databricks\\06-chinook-schema\\logs'}
[0m14:36:20.217499 [debug] [MainThread]: Spark adapter: Setting pyhive.hive logging to ERROR
[0m14:36:20.228095 [debug] [MainThread]: Spark adapter: Setting thrift.transport logging to ERROR
[0m14:36:20.228095 [debug] [MainThread]: Spark adapter: Setting thrift.protocol logging to ERROR
[0m14:36:22.925230 [debug] [MainThread]: Sending event: {'category': 'dbt', 'action': 'project_id', 'label': '81a905c2-80fa-47a4-935b-1455ce34662c', 'context': [<snowplow_tracker.self_describing_json.SelfDescribingJson object at 0x000002D20DC74320>]}
[0m14:36:23.007683 [debug] [MainThread]: Sending event: {'category': 'dbt', 'action': 'adapter_info', 'label': '81a905c2-80fa-47a4-935b-1455ce34662c', 'context': [<snowplow_tracker.self_describing_json.SelfDescribingJson object at 0x000002D20ED0C800>]}
[0m14:36:23.007683 [info ] [MainThread]: Registered adapter: databricks=1.12.4
[0m14:36:24.038342 [debug] [MainThread]: checksum: 3d40d8bbe1bef07db1c24822f2dbfff8bc07f2a48ed4fe2658a40653aec0b54b, vars: {}, profile: , target: , version: 1.11.2
[0m14:36:25.335594 [debug] [MainThread]: Partial parsing enabled: 0 files deleted, 0 files added, 1 files changed.
[0m14:36:25.336594 [debug] [MainThread]: Partial parsing: updated file: chinook://seeds\InvoiceLine.csv
[0m14:36:25.337594 [debug] [MainThread]: Partial parsing: updated file: chinook://seeds\PlaylistTrack.csv
[0m14:36:25.338594 [debug] [MainThread]: Partial parsing: updated file: chinook://seeds\Track.csv
[0m14:36:25.338594 [debug] [MainThread]: Partial parsing: updated file: chinook://seeds\seed_properties.yml
[0m14:36:26.078810 [debug] [MainThread]: Sending event: {'category': 'dbt', 'action': 'load_project', 'label': '81a905c2-80fa-47a4-935b-1455ce34662c', 'context': [<snowplow_tracker.self_describing_json.SelfDescribingJson object at 0x000002D210261FA0>]}
[0m14:36:26.275064 [debug] [MainThread]: Wrote artifact WritableManifest to C:\dbt-and-databricks\06-chinook-schema\target\manifest.json
[0m14:36:26.282061 [debug] [MainThread]: Wrote artifact SemanticManifest to C:\dbt-and-databricks\06-chinook-schema\target\semantic_manifest.json
[0m14:36:26.330637 [debug] [MainThread]: Sending event: {'category': 'dbt', 'action': 'resource_counts', 'label': '81a905c2-80fa-47a4-935b-1455ce34662c', 'context': [<snowplow_tracker.self_describing_json.SelfDescribingJson object at 0x000002D2106042C0>]}
[0m14:36:26.331638 [info ] [MainThread]: Found 10 models, 8 snapshots, 11 seeds, 30 data tests, 1064 macros
[0m14:36:26.332629 [debug] [MainThread]: Sending event: {'category': 'dbt', 'action': 'runnable_timing', 'label': '81a905c2-80fa-47a4-935b-1455ce34662c', 'context': [<snowplow_tracker.self_describing_json.SelfDescribingJson object at 0x000002D2107B5790>]}
[0m14:36:26.338628 [info ] [MainThread]: 
[0m14:36:26.339630 [info ] [MainThread]: Concurrency: 1 threads (target='dev')
[0m14:36:26.340630 [info ] [MainThread]: 
[0m14:36:26.341637 [debug] [MainThread]: Databricks adapter: DatabricksDBTConnection(session-id=None, name=master) - Creating connection
[0m14:36:26.342642 [debug] [MainThread]: Acquiring new databricks connection 'master'
[0m14:36:26.353640 [debug] [ThreadPool]: Databricks adapter: DatabricksDBTConnection(session-id=None, name=list_uc_sql_server_central_data_snapshot) - Creating connection
[0m14:36:26.354625 [debug] [ThreadPool]: Acquiring new databricks connection 'list_uc_sql_server_central_data_snapshot'
[0m14:36:26.371634 [debug] [ThreadPool]: Using databricks connection "list_uc_sql_server_central_data_snapshot"
[0m14:36:26.371634 [debug] [ThreadPool]: On list_uc_sql_server_central_data_snapshot: /* {"app": "dbt", "dbt_version": "1.11.2", "dbt_databricks_version": "1.12.4", "databricks_sql_connector_version": "4.1.3", "profile_name": "chinook", "target_name": "dev", "invocation_id": "81a905c2-80fa-47a4-935b-1455ce34662c", "connection_name": "list_uc_sql_server_central_data_snapshot"} */

    
SELECT
  table_name,
  if(table_type IN ('EXTERNAL', 'MANAGED', 'MANAGED_SHALLOW_CLONE', 'EXTERNAL_SHALLOW_CLONE'), 'table', lower(table_type)) AS table_type,
  lower(data_source_format) AS file_format,
  table_owner,
  if(
    table_type IN (
      'EXTERNAL',
      'MANAGED',
      'MANAGED_SHALLOW_CLONE',
      'EXTERNAL_SHALLOW_CLONE'
    ),
    lower(table_type),
    NULL
  ) AS databricks_table_type
FROM `system`.`information_schema`.`tables`
WHERE table_catalog = 'uc_sql_server_central'
  AND table_schema = 'data_snapshot'

  
[0m14:36:26.373102 [debug] [ThreadPool]: Opening a new connection, currently in state init
[0m14:36:26.810276 [debug] [ThreadPool]: Databricks adapter: Connection(session-id=01f1a0b3-e139-1f72-b075-6041bf891f8a) - Created
[0m14:36:27.369708 [debug] [ThreadPool]: SQL status: OK in 1.000 seconds
[0m14:36:27.379956 [debug] [ThreadPool]: Databricks adapter: Cursor(session-id=01f1a0b3-e139-1f72-b075-6041bf891f8a, command-id=01f1a0b3-e14c-108e-9f6f-7ce0d3868c67) - Closing
[0m14:36:27.380959 [debug] [ThreadPool]: On list_uc_sql_server_central_data_snapshot: Close
[0m14:36:27.381963 [debug] [ThreadPool]: Databricks adapter: Connection(session-id=01f1a0b3-e139-1f72-b075-6041bf891f8a) - Closing
[0m14:36:27.484470 [debug] [ThreadPool]: Databricks adapter: DatabricksDBTConnection(session-id=None, name=list_uc_sql_server_central_data_mart) - Creating connection
[0m14:36:27.490465 [debug] [ThreadPool]: Acquiring new databricks connection 'list_uc_sql_server_central_data_mart'
[0m14:36:27.500911 [debug] [ThreadPool]: Using databricks connection "list_uc_sql_server_central_data_mart"
[0m14:36:27.502914 [debug] [ThreadPool]: On list_uc_sql_server_central_data_mart: /* {"app": "dbt", "dbt_version": "1.11.2", "dbt_databricks_version": "1.12.4", "databricks_sql_connector_version": "4.1.3", "profile_name": "chinook", "target_name": "dev", "invocation_id": "81a905c2-80fa-47a4-935b-1455ce34662c", "connection_name": "list_uc_sql_server_central_data_mart"} */

    
SELECT
  table_name,
  if(table_type IN ('EXTERNAL', 'MANAGED', 'MANAGED_SHALLOW_CLONE', 'EXTERNAL_SHALLOW_CLONE'), 'table', lower(table_type)) AS table_type,
  lower(data_source_format) AS file_format,
  table_owner,
  if(
    table_type IN (
      'EXTERNAL',
      'MANAGED',
      'MANAGED_SHALLOW_CLONE',
      'EXTERNAL_SHALLOW_CLONE'
    ),
    lower(table_type),
    NULL
  ) AS databricks_table_type
FROM `system`.`information_schema`.`tables`
WHERE table_catalog = 'uc_sql_server_central'
  AND table_schema = 'data_mart'

  
[0m14:36:27.504915 [debug] [ThreadPool]: Opening a new connection, currently in state init
[0m14:36:27.910010 [debug] [ThreadPool]: Databricks adapter: Connection(session-id=01f1a0b3-e1e1-1f87-b5de-adf6ca335b8b) - Created
[0m14:36:28.393515 [debug] [ThreadPool]: SQL status: OK in 0.890 seconds
[0m14:36:28.395534 [debug] [ThreadPool]: Databricks adapter: Cursor(session-id=01f1a0b3-e1e1-1f87-b5de-adf6ca335b8b, command-id=01f1a0b3-e1ee-1a73-a59f-c359c1c81d78) - Closing
[0m14:36:28.397095 [debug] [ThreadPool]: On list_uc_sql_server_central_data_mart: Close
[0m14:36:28.397095 [debug] [ThreadPool]: Databricks adapter: Connection(session-id=01f1a0b3-e1e1-1f87-b5de-adf6ca335b8b) - Closing
[0m14:36:28.483295 [debug] [ThreadPool]: Databricks adapter: DatabricksDBTConnection(session-id=None, name=list_uc_sql_server_central_data_stage) - Creating connection
[0m14:36:28.484292 [debug] [ThreadPool]: Acquiring new databricks connection 'list_uc_sql_server_central_data_stage'
[0m14:36:28.487284 [debug] [ThreadPool]: Using databricks connection "list_uc_sql_server_central_data_stage"
[0m14:36:28.488284 [debug] [ThreadPool]: On list_uc_sql_server_central_data_stage: /* {"app": "dbt", "dbt_version": "1.11.2", "dbt_databricks_version": "1.12.4", "databricks_sql_connector_version": "4.1.3", "profile_name": "chinook", "target_name": "dev", "invocation_id": "81a905c2-80fa-47a4-935b-1455ce34662c", "connection_name": "list_uc_sql_server_central_data_stage"} */

    
SELECT
  table_name,
  if(table_type IN ('EXTERNAL', 'MANAGED', 'MANAGED_SHALLOW_CLONE', 'EXTERNAL_SHALLOW_CLONE'), 'table', lower(table_type)) AS table_type,
  lower(data_source_format) AS file_format,
  table_owner,
  if(
    table_type IN (
      'EXTERNAL',
      'MANAGED',
      'MANAGED_SHALLOW_CLONE',
      'EXTERNAL_SHALLOW_CLONE'
    ),
    lower(table_type),
    NULL
  ) AS databricks_table_type
FROM `system`.`information_schema`.`tables`
WHERE table_catalog = 'uc_sql_server_central'
  AND table_schema = 'data_stage'

  
[0m14:36:28.488284 [debug] [ThreadPool]: Opening a new connection, currently in state init
[0m14:36:28.913240 [debug] [ThreadPool]: Databricks adapter: Connection(session-id=01f1a0b3-e27a-1c10-b3d9-25eba237327f) - Created
[0m14:36:29.409620 [debug] [ThreadPool]: SQL status: OK in 0.920 seconds
[0m14:36:29.418642 [debug] [ThreadPool]: Databricks adapter: Cursor(session-id=01f1a0b3-e27a-1c10-b3d9-25eba237327f, command-id=01f1a0b3-e287-1b83-95f6-dafa8b519c0a) - Closing
[0m14:36:29.420720 [debug] [ThreadPool]: On list_uc_sql_server_central_data_stage: Close
[0m14:36:29.421673 [debug] [ThreadPool]: Databricks adapter: Connection(session-id=01f1a0b3-e27a-1c10-b3d9-25eba237327f) - Closing
[0m14:36:29.523721 [debug] [ThreadPool]: Databricks adapter: DatabricksDBTConnection(session-id=None, name=list_uc_sql_server_central_data_raw) - Creating connection
[0m14:36:29.523721 [debug] [ThreadPool]: Acquiring new databricks connection 'list_uc_sql_server_central_data_raw'
[0m14:36:29.540365 [debug] [ThreadPool]: Using databricks connection "list_uc_sql_server_central_data_raw"
[0m14:36:29.541955 [debug] [ThreadPool]: On list_uc_sql_server_central_data_raw: /* {"app": "dbt", "dbt_version": "1.11.2", "dbt_databricks_version": "1.12.4", "databricks_sql_connector_version": "4.1.3", "profile_name": "chinook", "target_name": "dev", "invocation_id": "81a905c2-80fa-47a4-935b-1455ce34662c", "connection_name": "list_uc_sql_server_central_data_raw"} */

    
SELECT
  table_name,
  if(table_type IN ('EXTERNAL', 'MANAGED', 'MANAGED_SHALLOW_CLONE', 'EXTERNAL_SHALLOW_CLONE'), 'table', lower(table_type)) AS table_type,
  lower(data_source_format) AS file_format,
  table_owner,
  if(
    table_type IN (
      'EXTERNAL',
      'MANAGED',
      'MANAGED_SHALLOW_CLONE',
      'EXTERNAL_SHALLOW_CLONE'
    ),
    lower(table_type),
    NULL
  ) AS databricks_table_type
FROM `system`.`information_schema`.`tables`
WHERE table_catalog = 'uc_sql_server_central'
  AND table_schema = 'data_raw'

  
[0m14:36:29.543519 [debug] [ThreadPool]: Opening a new connection, currently in state init
[0m14:36:30.009591 [debug] [ThreadPool]: Databricks adapter: Connection(session-id=01f1a0b3-e322-169e-ac6d-f220e06af8ad) - Created
[0m14:36:30.489813 [debug] [ThreadPool]: SQL status: OK in 0.950 seconds
[0m14:36:30.489813 [debug] [ThreadPool]: Databricks adapter: Cursor(session-id=01f1a0b3-e322-169e-ac6d-f220e06af8ad, command-id=01f1a0b3-e32f-17bb-b312-3daa0888d3db) - Closing
[0m14:36:30.489813 [debug] [ThreadPool]: On list_uc_sql_server_central_data_raw: Close
[0m14:36:30.489813 [debug] [ThreadPool]: Databricks adapter: Connection(session-id=01f1a0b3-e322-169e-ac6d-f220e06af8ad) - Closing
[0m14:36:30.603314 [debug] [MainThread]: Sending event: {'category': 'dbt', 'action': 'runnable_timing', 'label': '81a905c2-80fa-47a4-935b-1455ce34662c', 'context': [<snowplow_tracker.self_describing_json.SelfDescribingJson object at 0x000002D2106C4170>]}
[0m14:36:30.629084 [debug] [Thread-5 (]: Began running node test.chinook.not_null_Album__AlbumId_.9e0aa437b4
[0m14:36:30.634086 [info ] [Thread-5 (]: 1 of 30 START test not_null_Album__AlbumId_ .................................... [RUN]
[0m14:36:30.637079 [debug] [Thread-5 (]: Databricks adapter: DatabricksDBTConnection(session-id=None, name=test.chinook.not_null_Album__AlbumId_.9e0aa437b4) - Creating connection
[0m14:36:30.639628 [debug] [Thread-5 (]: Acquiring new databricks connection 'test.chinook.not_null_Album__AlbumId_.9e0aa437b4'
[0m14:36:30.640630 [debug] [Thread-5 (]: Began compiling node test.chinook.not_null_Album__AlbumId_.9e0aa437b4
[0m14:36:30.669531 [debug] [Thread-5 (]: Writing injected SQL for node "test.chinook.not_null_Album__AlbumId_.9e0aa437b4"
[0m14:36:30.673176 [debug] [Thread-5 (]: Began executing node test.chinook.not_null_Album__AlbumId_.9e0aa437b4
[0m14:36:30.710518 [debug] [Thread-5 (]: Writing runtime sql for node "test.chinook.not_null_Album__AlbumId_.9e0aa437b4"
[0m14:36:30.710518 [debug] [Thread-5 (]: Using databricks connection "test.chinook.not_null_Album__AlbumId_.9e0aa437b4"
[0m14:36:30.715607 [debug] [Thread-5 (]: On test.chinook.not_null_Album__AlbumId_.9e0aa437b4: /* {"app": "dbt", "dbt_version": "1.11.2", "dbt_databricks_version": "1.12.4", "databricks_sql_connector_version": "4.1.3", "profile_name": "chinook", "target_name": "dev", "invocation_id": "81a905c2-80fa-47a4-935b-1455ce34662c", "node_id": "test.chinook.not_null_Album__AlbumId_.9e0aa437b4"} */

    select
      count(*) as failures,
      count(*) != 0 as should_warn,
      count(*) != 0 as should_error
    from (
      
    
  
    
    



select `AlbumId`
from `uc_sql_server_central`.`data_raw`.`album01`
where `AlbumId` is null



  
  
      
    ) dbt_internal_test
[0m14:36:30.715607 [debug] [Thread-5 (]: Opening a new connection, currently in state init
[0m14:36:31.038721 [debug] [Thread-5 (]: Databricks adapter: Connection(session-id=01f1a0b3-e3c0-1127-ba81-b9c3f2d0e6c3) - Created
[0m14:36:31.340808 [debug] [Thread-5 (]: SQL status: OK in 0.630 seconds
[0m14:36:31.349206 [debug] [Thread-5 (]: Databricks adapter: Cursor(session-id=01f1a0b3-e3c0-1127-ba81-b9c3f2d0e6c3, command-id=01f1a0b3-e3cb-1d36-9e4b-ddda8c97a2cb) - Closing
[0m14:36:31.360289 [debug] [Thread-5 (]: On test.chinook.not_null_Album__AlbumId_.9e0aa437b4: Close
[0m14:36:31.362726 [debug] [Thread-5 (]: Databricks adapter: Connection(session-id=01f1a0b3-e3c0-1127-ba81-b9c3f2d0e6c3) - Closing
[0m14:36:31.456467 [info ] [Thread-5 (]: 1 of 30 PASS not_null_Album__AlbumId_ .......................................... [[32mPASS[0m in 0.82s]
[0m14:36:31.458475 [debug] [Thread-5 (]: Finished running node test.chinook.not_null_Album__AlbumId_.9e0aa437b4
[0m14:36:31.458475 [debug] [Thread-5 (]: Began running node test.chinook.not_null_Artist__ArtistId_.8487e96cb3
[0m14:36:31.458475 [info ] [Thread-5 (]: 2 of 30 START test not_null_Artist__ArtistId_ .................................. [RUN]
[0m14:36:31.461171 [debug] [Thread-5 (]: Databricks adapter: DatabricksDBTConnection(session-id=None, name=test.chinook.not_null_Artist__ArtistId_.8487e96cb3) - Creating connection
[0m14:36:31.463280 [debug] [Thread-5 (]: Acquiring new databricks connection 'test.chinook.not_null_Artist__ArtistId_.8487e96cb3'
[0m14:36:31.463280 [debug] [Thread-5 (]: Began compiling node test.chinook.not_null_Artist__ArtistId_.8487e96cb3
[0m14:36:31.469323 [debug] [Thread-5 (]: Writing injected SQL for node "test.chinook.not_null_Artist__ArtistId_.8487e96cb3"
[0m14:36:31.471333 [debug] [Thread-5 (]: Began executing node test.chinook.not_null_Artist__ArtistId_.8487e96cb3
[0m14:36:31.477006 [debug] [Thread-5 (]: Writing runtime sql for node "test.chinook.not_null_Artist__ArtistId_.8487e96cb3"
[0m14:36:31.477006 [debug] [Thread-5 (]: Using databricks connection "test.chinook.not_null_Artist__ArtistId_.8487e96cb3"
[0m14:36:31.477006 [debug] [Thread-5 (]: On test.chinook.not_null_Artist__ArtistId_.8487e96cb3: /* {"app": "dbt", "dbt_version": "1.11.2", "dbt_databricks_version": "1.12.4", "databricks_sql_connector_version": "4.1.3", "profile_name": "chinook", "target_name": "dev", "invocation_id": "81a905c2-80fa-47a4-935b-1455ce34662c", "node_id": "test.chinook.not_null_Artist__ArtistId_.8487e96cb3"} */

    select
      count(*) as failures,
      count(*) != 0 as should_warn,
      count(*) != 0 as should_error
    from (
      
    
  
    
    



select `ArtistId`
from `uc_sql_server_central`.`data_raw`.`artist01`
where `ArtistId` is null



  
  
      
    ) dbt_internal_test
[0m14:36:31.480734 [debug] [Thread-5 (]: Opening a new connection, currently in state init
[0m14:36:31.811001 [debug] [Thread-5 (]: Databricks adapter: Connection(session-id=01f1a0b3-e435-1c73-8586-837d77c7083b) - Created
[0m14:36:32.078264 [debug] [Thread-5 (]: SQL status: OK in 0.600 seconds
[0m14:36:32.078264 [debug] [Thread-5 (]: Databricks adapter: Cursor(session-id=01f1a0b3-e435-1c73-8586-837d77c7083b, command-id=01f1a0b3-e441-1b86-a598-db019b72ffba) - Closing
[0m14:36:32.091260 [debug] [Thread-5 (]: On test.chinook.not_null_Artist__ArtistId_.8487e96cb3: Close
[0m14:36:32.091260 [debug] [Thread-5 (]: Databricks adapter: Connection(session-id=01f1a0b3-e435-1c73-8586-837d77c7083b) - Closing
[0m14:36:32.211024 [info ] [Thread-5 (]: 2 of 30 PASS not_null_Artist__ArtistId_ ........................................ [[32mPASS[0m in 0.75s]
[0m14:36:32.226974 [debug] [Thread-5 (]: Finished running node test.chinook.not_null_Artist__ArtistId_.8487e96cb3
[0m14:36:32.226974 [debug] [Thread-5 (]: Began running node test.chinook.not_null_Customer__CustomerId_.bbb14ecc1f
[0m14:36:32.226974 [info ] [Thread-5 (]: 3 of 30 START test not_null_Customer__CustomerId_ .............................. [RUN]
[0m14:36:32.226974 [debug] [Thread-5 (]: Databricks adapter: DatabricksDBTConnection(session-id=None, name=test.chinook.not_null_Customer__CustomerId_.bbb14ecc1f) - Creating connection
[0m14:36:32.226974 [debug] [Thread-5 (]: Acquiring new databricks connection 'test.chinook.not_null_Customer__CustomerId_.bbb14ecc1f'
[0m14:36:32.226974 [debug] [Thread-5 (]: Began compiling node test.chinook.not_null_Customer__CustomerId_.bbb14ecc1f
[0m14:36:32.226974 [debug] [Thread-5 (]: Writing injected SQL for node "test.chinook.not_null_Customer__CustomerId_.bbb14ecc1f"
[0m14:36:32.226974 [debug] [Thread-5 (]: Began executing node test.chinook.not_null_Customer__CustomerId_.bbb14ecc1f
[0m14:36:32.242160 [debug] [Thread-5 (]: Writing runtime sql for node "test.chinook.not_null_Customer__CustomerId_.bbb14ecc1f"
[0m14:36:32.242160 [debug] [Thread-5 (]: Using databricks connection "test.chinook.not_null_Customer__CustomerId_.bbb14ecc1f"
[0m14:36:32.242160 [debug] [Thread-5 (]: On test.chinook.not_null_Customer__CustomerId_.bbb14ecc1f: /* {"app": "dbt", "dbt_version": "1.11.2", "dbt_databricks_version": "1.12.4", "databricks_sql_connector_version": "4.1.3", "profile_name": "chinook", "target_name": "dev", "invocation_id": "81a905c2-80fa-47a4-935b-1455ce34662c", "node_id": "test.chinook.not_null_Customer__CustomerId_.bbb14ecc1f"} */

    select
      count(*) as failures,
      count(*) != 0 as should_warn,
      count(*) != 0 as should_error
    from (
      
    
  
    
    



select `CustomerId`
from `uc_sql_server_central`.`data_raw`.`customer01`
where `CustomerId` is null



  
  
      
    ) dbt_internal_test
[0m14:36:32.242160 [debug] [Thread-5 (]: Opening a new connection, currently in state init
[0m14:36:32.641042 [debug] [Thread-5 (]: Databricks adapter: Connection(session-id=01f1a0b3-e4af-1950-aaf7-2a461fd95624) - Created
[0m14:36:32.878685 [debug] [Thread-5 (]: SQL status: OK in 0.640 seconds
[0m14:36:32.878685 [debug] [Thread-5 (]: Databricks adapter: Cursor(session-id=01f1a0b3-e4af-1950-aaf7-2a461fd95624, command-id=01f1a0b3-e4bf-1946-ba76-16a3bd9bf5a3) - Closing
[0m14:36:32.878685 [debug] [Thread-5 (]: On test.chinook.not_null_Customer__CustomerId_.bbb14ecc1f: Close
[0m14:36:32.878685 [debug] [Thread-5 (]: Databricks adapter: Connection(session-id=01f1a0b3-e4af-1950-aaf7-2a461fd95624) - Closing
[0m14:36:32.978334 [info ] [Thread-5 (]: 3 of 30 PASS not_null_Customer__CustomerId_ .................................... [[32mPASS[0m in 0.75s]
[0m14:36:32.978334 [debug] [Thread-5 (]: Finished running node test.chinook.not_null_Customer__CustomerId_.bbb14ecc1f
[0m14:36:32.978334 [debug] [Thread-5 (]: Began running node test.chinook.not_null_Employee__EmployeeId_.134bde3252
[0m14:36:32.978334 [info ] [Thread-5 (]: 4 of 30 START test not_null_Employee__EmployeeId_ .............................. [RUN]
[0m14:36:32.978334 [debug] [Thread-5 (]: Databricks adapter: DatabricksDBTConnection(session-id=None, name=test.chinook.not_null_Employee__EmployeeId_.134bde3252) - Creating connection
[0m14:36:32.978334 [debug] [Thread-5 (]: Acquiring new databricks connection 'test.chinook.not_null_Employee__EmployeeId_.134bde3252'
[0m14:36:32.978334 [debug] [Thread-5 (]: Began compiling node test.chinook.not_null_Employee__EmployeeId_.134bde3252
[0m14:36:33.012612 [debug] [Thread-5 (]: Writing injected SQL for node "test.chinook.not_null_Employee__EmployeeId_.134bde3252"
[0m14:36:33.012612 [debug] [Thread-5 (]: Began executing node test.chinook.not_null_Employee__EmployeeId_.134bde3252
[0m14:36:33.026975 [debug] [Thread-5 (]: Writing runtime sql for node "test.chinook.not_null_Employee__EmployeeId_.134bde3252"
[0m14:36:33.032750 [debug] [Thread-5 (]: Using databricks connection "test.chinook.not_null_Employee__EmployeeId_.134bde3252"
[0m14:36:33.034704 [debug] [Thread-5 (]: On test.chinook.not_null_Employee__EmployeeId_.134bde3252: /* {"app": "dbt", "dbt_version": "1.11.2", "dbt_databricks_version": "1.12.4", "databricks_sql_connector_version": "4.1.3", "profile_name": "chinook", "target_name": "dev", "invocation_id": "81a905c2-80fa-47a4-935b-1455ce34662c", "node_id": "test.chinook.not_null_Employee__EmployeeId_.134bde3252"} */

    select
      count(*) as failures,
      count(*) != 0 as should_warn,
      count(*) != 0 as should_error
    from (
      
    
  
    
    



select `EmployeeId`
from `uc_sql_server_central`.`data_raw`.`employee01`
where `EmployeeId` is null



  
  
      
    ) dbt_internal_test
[0m14:36:33.036797 [debug] [Thread-5 (]: Opening a new connection, currently in state init
[0m14:36:33.498385 [debug] [Thread-5 (]: Databricks adapter: Connection(session-id=01f1a0b3-e534-1102-a576-0ec4c1de1733) - Created
[0m14:36:33.779886 [debug] [Thread-5 (]: SQL status: OK in 0.740 seconds
[0m14:36:33.787444 [debug] [Thread-5 (]: Databricks adapter: Cursor(session-id=01f1a0b3-e534-1102-a576-0ec4c1de1733, command-id=01f1a0b3-e543-1932-aaa1-2c77f327180f) - Closing
[0m14:36:33.789441 [debug] [Thread-5 (]: On test.chinook.not_null_Employee__EmployeeId_.134bde3252: Close
[0m14:36:33.789441 [debug] [Thread-5 (]: Databricks adapter: Connection(session-id=01f1a0b3-e534-1102-a576-0ec4c1de1733) - Closing
[0m14:36:33.887158 [info ] [Thread-5 (]: 4 of 30 PASS not_null_Employee__EmployeeId_ .................................... [[32mPASS[0m in 0.91s]
[0m14:36:33.889161 [debug] [Thread-5 (]: Finished running node test.chinook.not_null_Employee__EmployeeId_.134bde3252
[0m14:36:33.890158 [debug] [Thread-5 (]: Began running node test.chinook.not_null_Genre__GenreId_.bbc29084c9
[0m14:36:33.891155 [info ] [Thread-5 (]: 5 of 30 START test not_null_Genre__GenreId_ .................................... [RUN]
[0m14:36:33.892155 [debug] [Thread-5 (]: Databricks adapter: DatabricksDBTConnection(session-id=None, name=test.chinook.not_null_Genre__GenreId_.bbc29084c9) - Creating connection
[0m14:36:33.893158 [debug] [Thread-5 (]: Acquiring new databricks connection 'test.chinook.not_null_Genre__GenreId_.bbc29084c9'
[0m14:36:33.894157 [debug] [Thread-5 (]: Began compiling node test.chinook.not_null_Genre__GenreId_.bbc29084c9
[0m14:36:33.904999 [debug] [Thread-5 (]: Writing injected SQL for node "test.chinook.not_null_Genre__GenreId_.bbc29084c9"
[0m14:36:33.906948 [debug] [Thread-5 (]: Began executing node test.chinook.not_null_Genre__GenreId_.bbc29084c9
[0m14:36:33.911949 [debug] [Thread-5 (]: Writing runtime sql for node "test.chinook.not_null_Genre__GenreId_.bbc29084c9"
[0m14:36:33.911949 [debug] [Thread-5 (]: Using databricks connection "test.chinook.not_null_Genre__GenreId_.bbc29084c9"
[0m14:36:33.911949 [debug] [Thread-5 (]: On test.chinook.not_null_Genre__GenreId_.bbc29084c9: /* {"app": "dbt", "dbt_version": "1.11.2", "dbt_databricks_version": "1.12.4", "databricks_sql_connector_version": "4.1.3", "profile_name": "chinook", "target_name": "dev", "invocation_id": "81a905c2-80fa-47a4-935b-1455ce34662c", "node_id": "test.chinook.not_null_Genre__GenreId_.bbc29084c9"} */

    select
      count(*) as failures,
      count(*) != 0 as should_warn,
      count(*) != 0 as should_error
    from (
      
    
  
    
    



select `GenreId`
from `uc_sql_server_central`.`data_raw`.`genre01`
where `GenreId` is null



  
  
      
    ) dbt_internal_test
[0m14:36:33.911949 [debug] [Thread-5 (]: Opening a new connection, currently in state init
[0m14:36:34.272736 [debug] [Thread-5 (]: Databricks adapter: Connection(session-id=01f1a0b3-e5ac-1900-87c6-819be84e05b6) - Created
[0m14:36:34.530047 [debug] [Thread-5 (]: SQL status: OK in 0.620 seconds
[0m14:36:34.532047 [debug] [Thread-5 (]: Databricks adapter: Cursor(session-id=01f1a0b3-e5ac-1900-87c6-819be84e05b6, command-id=01f1a0b3-e5b8-1272-850b-c730dc0e5af1) - Closing
[0m14:36:34.533114 [debug] [Thread-5 (]: On test.chinook.not_null_Genre__GenreId_.bbc29084c9: Close
[0m14:36:34.534111 [debug] [Thread-5 (]: Databricks adapter: Connection(session-id=01f1a0b3-e5ac-1900-87c6-819be84e05b6) - Closing
[0m14:36:34.630289 [info ] [Thread-5 (]: 5 of 30 PASS not_null_Genre__GenreId_ .......................................... [[32mPASS[0m in 0.74s]
[0m14:36:34.632275 [debug] [Thread-5 (]: Finished running node test.chinook.not_null_Genre__GenreId_.bbc29084c9
[0m14:36:34.634362 [debug] [Thread-5 (]: Began running node test.chinook.not_null_InvoiceLine__InvoiceLineId_.b03d4c937c
[0m14:36:34.635345 [info ] [Thread-5 (]: 6 of 30 START test not_null_InvoiceLine__InvoiceLineId_ ........................ [RUN]
[0m14:36:34.638295 [debug] [Thread-5 (]: Databricks adapter: DatabricksDBTConnection(session-id=None, name=test.chinook.not_null_InvoiceLine__InvoiceLineId_.b03d4c937c) - Creating connection
[0m14:36:34.639299 [debug] [Thread-5 (]: Acquiring new databricks connection 'test.chinook.not_null_InvoiceLine__InvoiceLineId_.b03d4c937c'
[0m14:36:34.641294 [debug] [Thread-5 (]: Began compiling node test.chinook.not_null_InvoiceLine__InvoiceLineId_.b03d4c937c
[0m14:36:34.648232 [debug] [Thread-5 (]: Writing injected SQL for node "test.chinook.not_null_InvoiceLine__InvoiceLineId_.b03d4c937c"
[0m14:36:34.648232 [debug] [Thread-5 (]: Began executing node test.chinook.not_null_InvoiceLine__InvoiceLineId_.b03d4c937c
[0m14:36:34.662638 [debug] [Thread-5 (]: Writing runtime sql for node "test.chinook.not_null_InvoiceLine__InvoiceLineId_.b03d4c937c"
[0m14:36:34.662638 [debug] [Thread-5 (]: Using databricks connection "test.chinook.not_null_InvoiceLine__InvoiceLineId_.b03d4c937c"
[0m14:36:34.662638 [debug] [Thread-5 (]: On test.chinook.not_null_InvoiceLine__InvoiceLineId_.b03d4c937c: /* {"app": "dbt", "dbt_version": "1.11.2", "dbt_databricks_version": "1.12.4", "databricks_sql_connector_version": "4.1.3", "profile_name": "chinook", "target_name": "dev", "invocation_id": "81a905c2-80fa-47a4-935b-1455ce34662c", "node_id": "test.chinook.not_null_InvoiceLine__InvoiceLineId_.b03d4c937c"} */

    select
      count(*) as failures,
      count(*) != 0 as should_warn,
      count(*) != 0 as should_error
    from (
      
    
  
    
    



select `InvoiceLineId`
from `uc_sql_server_central`.`data_raw`.`invoiceline01`
where `InvoiceLineId` is null



  
  
      
    ) dbt_internal_test
[0m14:36:34.677410 [debug] [Thread-5 (]: Opening a new connection, currently in state init
[0m14:36:35.067318 [debug] [Thread-5 (]: Databricks adapter: Connection(session-id=01f1a0b3-e625-16aa-a1b9-3ad5c3d56e35) - Created
[0m14:36:35.328171 [debug] [Thread-5 (]: SQL status: OK in 0.670 seconds
[0m14:36:35.339366 [debug] [Thread-5 (]: Databricks adapter: Cursor(session-id=01f1a0b3-e625-16aa-a1b9-3ad5c3d56e35, command-id=01f1a0b3-e634-130d-be62-8e5cb6719869) - Closing
[0m14:36:35.339366 [debug] [Thread-5 (]: On test.chinook.not_null_InvoiceLine__InvoiceLineId_.b03d4c937c: Close
[0m14:36:35.339366 [debug] [Thread-5 (]: Databricks adapter: Connection(session-id=01f1a0b3-e625-16aa-a1b9-3ad5c3d56e35) - Closing
[0m14:36:35.428373 [info ] [Thread-5 (]: 6 of 30 PASS not_null_InvoiceLine__InvoiceLineId_ .............................. [[32mPASS[0m in 0.79s]
[0m14:36:35.428373 [debug] [Thread-5 (]: Finished running node test.chinook.not_null_InvoiceLine__InvoiceLineId_.b03d4c937c
[0m14:36:35.428373 [debug] [Thread-5 (]: Began running node test.chinook.not_null_Invoice__InvoiceId_.e27afccb10
[0m14:36:35.428373 [info ] [Thread-5 (]: 7 of 30 START test not_null_Invoice__InvoiceId_ ................................ [RUN]
[0m14:36:35.428373 [debug] [Thread-5 (]: Databricks adapter: DatabricksDBTConnection(session-id=None, name=test.chinook.not_null_Invoice__InvoiceId_.e27afccb10) - Creating connection
[0m14:36:35.428373 [debug] [Thread-5 (]: Acquiring new databricks connection 'test.chinook.not_null_Invoice__InvoiceId_.e27afccb10'
[0m14:36:35.428373 [debug] [Thread-5 (]: Began compiling node test.chinook.not_null_Invoice__InvoiceId_.e27afccb10
[0m14:36:35.450091 [debug] [Thread-5 (]: Writing injected SQL for node "test.chinook.not_null_Invoice__InvoiceId_.e27afccb10"
[0m14:36:35.450091 [debug] [Thread-5 (]: Began executing node test.chinook.not_null_Invoice__InvoiceId_.e27afccb10
[0m14:36:35.450091 [debug] [Thread-5 (]: Writing runtime sql for node "test.chinook.not_null_Invoice__InvoiceId_.e27afccb10"
[0m14:36:35.450091 [debug] [Thread-5 (]: Using databricks connection "test.chinook.not_null_Invoice__InvoiceId_.e27afccb10"
[0m14:36:35.450091 [debug] [Thread-5 (]: On test.chinook.not_null_Invoice__InvoiceId_.e27afccb10: /* {"app": "dbt", "dbt_version": "1.11.2", "dbt_databricks_version": "1.12.4", "databricks_sql_connector_version": "4.1.3", "profile_name": "chinook", "target_name": "dev", "invocation_id": "81a905c2-80fa-47a4-935b-1455ce34662c", "node_id": "test.chinook.not_null_Invoice__InvoiceId_.e27afccb10"} */

    select
      count(*) as failures,
      count(*) != 0 as should_warn,
      count(*) != 0 as should_error
    from (
      
    
  
    
    



select `InvoiceId`
from `uc_sql_server_central`.`data_raw`.`invoice01`
where `InvoiceId` is null



  
  
      
    ) dbt_internal_test
[0m14:36:35.450091 [debug] [Thread-5 (]: Opening a new connection, currently in state init
[0m14:36:35.861077 [debug] [Thread-5 (]: Databricks adapter: Connection(session-id=01f1a0b3-e69f-1b53-b808-23ec59cf9ea9) - Created
[0m14:36:36.119423 [debug] [Thread-5 (]: SQL status: OK in 0.670 seconds
[0m14:36:36.121584 [debug] [Thread-5 (]: Databricks adapter: Cursor(session-id=01f1a0b3-e69f-1b53-b808-23ec59cf9ea9, command-id=01f1a0b3-e6ac-1c2c-9ab3-5474b8dfeee7) - Closing
[0m14:36:36.127870 [debug] [Thread-5 (]: On test.chinook.not_null_Invoice__InvoiceId_.e27afccb10: Close
[0m14:36:36.129972 [debug] [Thread-5 (]: Databricks adapter: Connection(session-id=01f1a0b3-e69f-1b53-b808-23ec59cf9ea9) - Closing
[0m14:36:36.229605 [info ] [Thread-5 (]: 7 of 30 PASS not_null_Invoice__InvoiceId_ ...................................... [[32mPASS[0m in 0.80s]
[0m14:36:36.230603 [debug] [Thread-5 (]: Finished running node test.chinook.not_null_Invoice__InvoiceId_.e27afccb10
[0m14:36:36.231544 [debug] [Thread-5 (]: Began running node test.chinook.not_null_MediaType__MediaTypeId_.2eda38646b
[0m14:36:36.232553 [info ] [Thread-5 (]: 8 of 30 START test not_null_MediaType__MediaTypeId_ ............................ [RUN]
[0m14:36:36.234035 [debug] [Thread-5 (]: Databricks adapter: DatabricksDBTConnection(session-id=None, name=test.chinook.not_null_MediaType__MediaTypeId_.2eda38646b) - Creating connection
[0m14:36:36.234554 [debug] [Thread-5 (]: Acquiring new databricks connection 'test.chinook.not_null_MediaType__MediaTypeId_.2eda38646b'
[0m14:36:36.234554 [debug] [Thread-5 (]: Began compiling node test.chinook.not_null_MediaType__MediaTypeId_.2eda38646b
[0m14:36:36.246587 [debug] [Thread-5 (]: Writing injected SQL for node "test.chinook.not_null_MediaType__MediaTypeId_.2eda38646b"
[0m14:36:36.249585 [debug] [Thread-5 (]: Began executing node test.chinook.not_null_MediaType__MediaTypeId_.2eda38646b
[0m14:36:36.259910 [debug] [Thread-5 (]: Writing runtime sql for node "test.chinook.not_null_MediaType__MediaTypeId_.2eda38646b"
[0m14:36:36.265774 [debug] [Thread-5 (]: Using databricks connection "test.chinook.not_null_MediaType__MediaTypeId_.2eda38646b"
[0m14:36:36.268192 [debug] [Thread-5 (]: On test.chinook.not_null_MediaType__MediaTypeId_.2eda38646b: /* {"app": "dbt", "dbt_version": "1.11.2", "dbt_databricks_version": "1.12.4", "databricks_sql_connector_version": "4.1.3", "profile_name": "chinook", "target_name": "dev", "invocation_id": "81a905c2-80fa-47a4-935b-1455ce34662c", "node_id": "test.chinook.not_null_MediaType__MediaTypeId_.2eda38646b"} */

    select
      count(*) as failures,
      count(*) != 0 as should_warn,
      count(*) != 0 as should_error
    from (
      
    
  
    
    



select `MediaTypeId`
from `uc_sql_server_central`.`data_raw`.`mediatype01`
where `MediaTypeId` is null



  
  
      
    ) dbt_internal_test
[0m14:36:36.270220 [debug] [Thread-5 (]: Opening a new connection, currently in state init
[0m14:36:36.714405 [debug] [Thread-5 (]: Databricks adapter: Connection(session-id=01f1a0b3-e721-14d2-9e84-dc1a636fc6b9) - Created
[0m14:36:36.923592 [debug] [Thread-5 (]: SQL status: OK in 0.650 seconds
[0m14:36:36.945123 [debug] [Thread-5 (]: Databricks adapter: Cursor(session-id=01f1a0b3-e721-14d2-9e84-dc1a636fc6b9, command-id=01f1a0b3-e72d-1c72-bf6f-05c709d275d7) - Closing
[0m14:36:36.947112 [debug] [Thread-5 (]: On test.chinook.not_null_MediaType__MediaTypeId_.2eda38646b: Close
[0m14:36:36.949114 [debug] [Thread-5 (]: Databricks adapter: Connection(session-id=01f1a0b3-e721-14d2-9e84-dc1a636fc6b9) - Closing
[0m14:36:37.045377 [info ] [Thread-5 (]: 8 of 30 PASS not_null_MediaType__MediaTypeId_ .................................. [[32mPASS[0m in 0.81s]
[0m14:36:37.045377 [debug] [Thread-5 (]: Finished running node test.chinook.not_null_MediaType__MediaTypeId_.2eda38646b
[0m14:36:37.045377 [debug] [Thread-5 (]: Began running node test.chinook.not_null_Playlist__PlaylistId_.d2edff8e7d
[0m14:36:37.045377 [info ] [Thread-5 (]: 9 of 30 START test not_null_Playlist__PlaylistId_ .............................. [RUN]
[0m14:36:37.048656 [debug] [Thread-5 (]: Databricks adapter: DatabricksDBTConnection(session-id=None, name=test.chinook.not_null_Playlist__PlaylistId_.d2edff8e7d) - Creating connection
[0m14:36:37.048656 [debug] [Thread-5 (]: Acquiring new databricks connection 'test.chinook.not_null_Playlist__PlaylistId_.d2edff8e7d'
[0m14:36:37.048656 [debug] [Thread-5 (]: Began compiling node test.chinook.not_null_Playlist__PlaylistId_.d2edff8e7d
[0m14:36:37.053466 [debug] [Thread-5 (]: Writing injected SQL for node "test.chinook.not_null_Playlist__PlaylistId_.d2edff8e7d"
[0m14:36:37.053466 [debug] [Thread-5 (]: Began executing node test.chinook.not_null_Playlist__PlaylistId_.d2edff8e7d
[0m14:36:37.053466 [debug] [Thread-5 (]: Writing runtime sql for node "test.chinook.not_null_Playlist__PlaylistId_.d2edff8e7d"
[0m14:36:37.063494 [debug] [Thread-5 (]: Using databricks connection "test.chinook.not_null_Playlist__PlaylistId_.d2edff8e7d"
[0m14:36:37.063494 [debug] [Thread-5 (]: On test.chinook.not_null_Playlist__PlaylistId_.d2edff8e7d: /* {"app": "dbt", "dbt_version": "1.11.2", "dbt_databricks_version": "1.12.4", "databricks_sql_connector_version": "4.1.3", "profile_name": "chinook", "target_name": "dev", "invocation_id": "81a905c2-80fa-47a4-935b-1455ce34662c", "node_id": "test.chinook.not_null_Playlist__PlaylistId_.d2edff8e7d"} */

    select
      count(*) as failures,
      count(*) != 0 as should_warn,
      count(*) != 0 as should_error
    from (
      
    
  
    
    



select `PlaylistId`
from `uc_sql_server_central`.`data_raw`.`playlist01`
where `PlaylistId` is null



  
  
      
    ) dbt_internal_test
[0m14:36:37.063494 [debug] [Thread-5 (]: Opening a new connection, currently in state init
[0m14:36:37.439992 [debug] [Thread-5 (]: Databricks adapter: Connection(session-id=01f1a0b3-e78f-1476-a187-322fa45c9a1b) - Created
[0m14:36:37.672403 [debug] [Thread-5 (]: SQL status: OK in 0.610 seconds
[0m14:36:37.672403 [debug] [Thread-5 (]: Databricks adapter: Cursor(session-id=01f1a0b3-e78f-1476-a187-322fa45c9a1b, command-id=01f1a0b3-e79c-1ea6-9fb3-2deaa7758eb8) - Closing
[0m14:36:37.672403 [debug] [Thread-5 (]: On test.chinook.not_null_Playlist__PlaylistId_.d2edff8e7d: Close
[0m14:36:37.672403 [debug] [Thread-5 (]: Databricks adapter: Connection(session-id=01f1a0b3-e78f-1476-a187-322fa45c9a1b) - Closing
[0m14:36:37.773399 [info ] [Thread-5 (]: 9 of 30 PASS not_null_Playlist__PlaylistId_ .................................... [[32mPASS[0m in 0.73s]
[0m14:36:37.773399 [debug] [Thread-5 (]: Finished running node test.chinook.not_null_Playlist__PlaylistId_.d2edff8e7d
[0m14:36:37.773399 [debug] [Thread-5 (]: Began running node test.chinook.not_null_Track__TrackId_.bd96e40b55
[0m14:36:37.773399 [info ] [Thread-5 (]: 10 of 30 START test not_null_Track__TrackId_ ................................... [RUN]
[0m14:36:37.773399 [debug] [Thread-5 (]: Databricks adapter: DatabricksDBTConnection(session-id=None, name=test.chinook.not_null_Track__TrackId_.bd96e40b55) - Creating connection
[0m14:36:37.773399 [debug] [Thread-5 (]: Acquiring new databricks connection 'test.chinook.not_null_Track__TrackId_.bd96e40b55'
[0m14:36:37.773399 [debug] [Thread-5 (]: Began compiling node test.chinook.not_null_Track__TrackId_.bd96e40b55
[0m14:36:37.790879 [debug] [Thread-5 (]: Writing injected SQL for node "test.chinook.not_null_Track__TrackId_.bd96e40b55"
[0m14:36:37.792900 [debug] [Thread-5 (]: Began executing node test.chinook.not_null_Track__TrackId_.bd96e40b55
[0m14:36:37.796914 [debug] [Thread-5 (]: Writing runtime sql for node "test.chinook.not_null_Track__TrackId_.bd96e40b55"
[0m14:36:37.798919 [debug] [Thread-5 (]: Using databricks connection "test.chinook.not_null_Track__TrackId_.bd96e40b55"
[0m14:36:37.800925 [debug] [Thread-5 (]: On test.chinook.not_null_Track__TrackId_.bd96e40b55: /* {"app": "dbt", "dbt_version": "1.11.2", "dbt_databricks_version": "1.12.4", "databricks_sql_connector_version": "4.1.3", "profile_name": "chinook", "target_name": "dev", "invocation_id": "81a905c2-80fa-47a4-935b-1455ce34662c", "node_id": "test.chinook.not_null_Track__TrackId_.bd96e40b55"} */

    select
      count(*) as failures,
      count(*) != 0 as should_warn,
      count(*) != 0 as should_error
    from (
      
    
  
    
    



select `TrackId`
from `uc_sql_server_central`.`data_raw`.`track01`
where `TrackId` is null



  
  
      
    ) dbt_internal_test
[0m14:36:37.800925 [debug] [Thread-5 (]: Opening a new connection, currently in state init
[0m14:36:38.131401 [debug] [Thread-5 (]: Databricks adapter: Connection(session-id=01f1a0b3-e7f9-1946-9297-a58fe8facd40) - Created
[0m14:36:38.396345 [debug] [Thread-5 (]: SQL status: OK in 0.600 seconds
[0m14:36:38.398378 [debug] [Thread-5 (]: Databricks adapter: Cursor(session-id=01f1a0b3-e7f9-1946-9297-a58fe8facd40, command-id=01f1a0b3-e808-1e88-97a7-11a86c81c17f) - Closing
[0m14:36:38.399379 [debug] [Thread-5 (]: On test.chinook.not_null_Track__TrackId_.bd96e40b55: Close
[0m14:36:38.400386 [debug] [Thread-5 (]: Databricks adapter: Connection(session-id=01f1a0b3-e7f9-1946-9297-a58fe8facd40) - Closing
[0m14:36:38.499882 [info ] [Thread-5 (]: 10 of 30 PASS not_null_Track__TrackId_ ......................................... [[32mPASS[0m in 0.73s]
[0m14:36:38.501881 [debug] [Thread-5 (]: Finished running node test.chinook.not_null_Track__TrackId_.bd96e40b55
[0m14:36:38.503889 [debug] [Thread-5 (]: Began running node test.chinook.relationships_Album__ArtistId____ArtistId___ref_Artist_.8aa0545292
[0m14:36:38.505880 [info ] [Thread-5 (]: 11 of 30 START test relationships_Album__ArtistId____ArtistId___ref_Artist_ .... [RUN]
[0m14:36:38.508336 [debug] [Thread-5 (]: Databricks adapter: DatabricksDBTConnection(session-id=None, name=test.chinook.relationships_Album__ArtistId____ArtistId___ref_Artist_.8aa0545292) - Creating connection
[0m14:36:38.509350 [debug] [Thread-5 (]: Acquiring new databricks connection 'test.chinook.relationships_Album__ArtistId____ArtistId___ref_Artist_.8aa0545292'
[0m14:36:38.510350 [debug] [Thread-5 (]: Began compiling node test.chinook.relationships_Album__ArtistId____ArtistId___ref_Artist_.8aa0545292
[0m14:36:38.524043 [debug] [Thread-5 (]: Writing injected SQL for node "test.chinook.relationships_Album__ArtistId____ArtistId___ref_Artist_.8aa0545292"
[0m14:36:38.529050 [debug] [Thread-5 (]: Began executing node test.chinook.relationships_Album__ArtistId____ArtistId___ref_Artist_.8aa0545292
[0m14:36:38.541943 [debug] [Thread-5 (]: Writing runtime sql for node "test.chinook.relationships_Album__ArtistId____ArtistId___ref_Artist_.8aa0545292"
[0m14:36:38.545955 [debug] [Thread-5 (]: Using databricks connection "test.chinook.relationships_Album__ArtistId____ArtistId___ref_Artist_.8aa0545292"
[0m14:36:38.547954 [debug] [Thread-5 (]: On test.chinook.relationships_Album__ArtistId____ArtistId___ref_Artist_.8aa0545292: /* {"app": "dbt", "dbt_version": "1.11.2", "dbt_databricks_version": "1.12.4", "databricks_sql_connector_version": "4.1.3", "profile_name": "chinook", "target_name": "dev", "invocation_id": "81a905c2-80fa-47a4-935b-1455ce34662c", "node_id": "test.chinook.relationships_Album__ArtistId____ArtistId___ref_Artist_.8aa0545292"} */

    select
      count(*) as failures,
      count(*) != 0 as should_warn,
      count(*) != 0 as should_error
    from (
      
    
  
    
    

with child as (
    select `ArtistId` as from_field
    from `uc_sql_server_central`.`data_raw`.`album01`
    where `ArtistId` is not null
),

parent as (
    select `ArtistId` as to_field
    from `uc_sql_server_central`.`data_raw`.`artist01`
)

select
    from_field

from child
left join parent
    on child.from_field = parent.to_field

where parent.to_field is null



  
  
      
    ) dbt_internal_test
[0m14:36:38.548988 [debug] [Thread-5 (]: Opening a new connection, currently in state init
[0m14:36:38.970265 [debug] [Thread-5 (]: Databricks adapter: Connection(session-id=01f1a0b3-e879-1e57-b2ee-c246db529efb) - Created
[0m14:36:39.768480 [debug] [Thread-5 (]: SQL status: OK in 1.220 seconds
[0m14:36:39.773489 [debug] [Thread-5 (]: Databricks adapter: Cursor(session-id=01f1a0b3-e879-1e57-b2ee-c246db529efb, command-id=01f1a0b3-e886-1b8f-85b8-5c2fce7a3894) - Closing
[0m14:36:39.775809 [debug] [Thread-5 (]: On test.chinook.relationships_Album__ArtistId____ArtistId___ref_Artist_.8aa0545292: Close
[0m14:36:39.777846 [debug] [Thread-5 (]: Databricks adapter: Connection(session-id=01f1a0b3-e879-1e57-b2ee-c246db529efb) - Closing
[0m14:36:39.876688 [info ] [Thread-5 (]: 11 of 30 PASS relationships_Album__ArtistId____ArtistId___ref_Artist_ .......... [[32mPASS[0m in 1.37s]
[0m14:36:39.879792 [debug] [Thread-5 (]: Finished running node test.chinook.relationships_Album__ArtistId____ArtistId___ref_Artist_.8aa0545292
[0m14:36:39.879792 [debug] [Thread-5 (]: Began running node test.chinook.relationships_Customer__SupportRepId____EmployeeId___ref_Employee_.a462d45b21
[0m14:36:39.880711 [info ] [Thread-5 (]: 12 of 30 START test relationships_Customer__SupportRepId____EmployeeId___ref_Employee_  [RUN]
[0m14:36:39.881761 [debug] [Thread-5 (]: Databricks adapter: DatabricksDBTConnection(session-id=None, name=test.chinook.relationships_Customer__SupportRepId____EmployeeId___ref_Employee_.a462d45b21) - Creating connection
[0m14:36:39.882728 [debug] [Thread-5 (]: Acquiring new databricks connection 'test.chinook.relationships_Customer__SupportRepId____EmployeeId___ref_Employee_.a462d45b21'
[0m14:36:39.883706 [debug] [Thread-5 (]: Began compiling node test.chinook.relationships_Customer__SupportRepId____EmployeeId___ref_Employee_.a462d45b21
[0m14:36:39.896238 [debug] [Thread-5 (]: Writing injected SQL for node "test.chinook.relationships_Customer__SupportRepId____EmployeeId___ref_Employee_.a462d45b21"
[0m14:36:39.900242 [debug] [Thread-5 (]: Began executing node test.chinook.relationships_Customer__SupportRepId____EmployeeId___ref_Employee_.a462d45b21
[0m14:36:39.911246 [debug] [Thread-5 (]: Writing runtime sql for node "test.chinook.relationships_Customer__SupportRepId____EmployeeId___ref_Employee_.a462d45b21"
[0m14:36:39.915197 [debug] [Thread-5 (]: Using databricks connection "test.chinook.relationships_Customer__SupportRepId____EmployeeId___ref_Employee_.a462d45b21"
[0m14:36:39.917198 [debug] [Thread-5 (]: On test.chinook.relationships_Customer__SupportRepId____EmployeeId___ref_Employee_.a462d45b21: /* {"app": "dbt", "dbt_version": "1.11.2", "dbt_databricks_version": "1.12.4", "databricks_sql_connector_version": "4.1.3", "profile_name": "chinook", "target_name": "dev", "invocation_id": "81a905c2-80fa-47a4-935b-1455ce34662c", "node_id": "test.chinook.relationships_Customer__SupportRepId____EmployeeId___ref_Employee_.a462d45b21"} */

    select
      count(*) as failures,
      count(*) != 0 as should_warn,
      count(*) != 0 as should_error
    from (
      
    
  
    
    

with child as (
    select `SupportRepId` as from_field
    from `uc_sql_server_central`.`data_raw`.`customer01`
    where `SupportRepId` is not null
),

parent as (
    select `EmployeeId` as to_field
    from `uc_sql_server_central`.`data_raw`.`employee01`
)

select
    from_field

from child
left join parent
    on child.from_field = parent.to_field

where parent.to_field is null



  
  
      
    ) dbt_internal_test
[0m14:36:39.919191 [debug] [Thread-5 (]: Opening a new connection, currently in state init
[0m14:36:40.320060 [debug] [Thread-5 (]: Databricks adapter: Connection(session-id=01f1a0b3-e946-1e2f-901f-d8ab4fe7b633) - Created
[0m14:36:40.564707 [debug] [Thread-5 (]: SQL status: OK in 0.650 seconds
[0m14:36:40.571004 [debug] [Thread-5 (]: Databricks adapter: Cursor(session-id=01f1a0b3-e946-1e2f-901f-d8ab4fe7b633, command-id=01f1a0b3-e952-1e30-9b0b-513c9ef074f4) - Closing
[0m14:36:40.571004 [debug] [Thread-5 (]: On test.chinook.relationships_Customer__SupportRepId____EmployeeId___ref_Employee_.a462d45b21: Close
[0m14:36:40.571004 [debug] [Thread-5 (]: Databricks adapter: Connection(session-id=01f1a0b3-e946-1e2f-901f-d8ab4fe7b633) - Closing
[0m14:36:40.670342 [info ] [Thread-5 (]: 12 of 30 PASS relationships_Customer__SupportRepId____EmployeeId___ref_Employee_  [[32mPASS[0m in 0.79s]
[0m14:36:40.670342 [debug] [Thread-5 (]: Finished running node test.chinook.relationships_Customer__SupportRepId____EmployeeId___ref_Employee_.a462d45b21
[0m14:36:40.670342 [debug] [Thread-5 (]: Began running node test.chinook.relationships_InvoiceLine__InvoiceId____InvoiceId___ref_Invoice_.7ec79b40e0
[0m14:36:40.670342 [info ] [Thread-5 (]: 13 of 30 START test relationships_InvoiceLine__InvoiceId____InvoiceId___ref_Invoice_  [RUN]
[0m14:36:40.670342 [debug] [Thread-5 (]: Databricks adapter: DatabricksDBTConnection(session-id=None, name=test.chinook.relationships_InvoiceLine__InvoiceId____InvoiceId___ref_Invoice_.7ec79b40e0) - Creating connection
[0m14:36:40.670342 [debug] [Thread-5 (]: Acquiring new databricks connection 'test.chinook.relationships_InvoiceLine__InvoiceId____InvoiceId___ref_Invoice_.7ec79b40e0'
[0m14:36:40.670342 [debug] [Thread-5 (]: Began compiling node test.chinook.relationships_InvoiceLine__InvoiceId____InvoiceId___ref_Invoice_.7ec79b40e0
[0m14:36:40.688988 [debug] [Thread-5 (]: Writing injected SQL for node "test.chinook.relationships_InvoiceLine__InvoiceId____InvoiceId___ref_Invoice_.7ec79b40e0"
[0m14:36:40.693001 [debug] [Thread-5 (]: Began executing node test.chinook.relationships_InvoiceLine__InvoiceId____InvoiceId___ref_Invoice_.7ec79b40e0
[0m14:36:40.695015 [debug] [Thread-5 (]: Writing runtime sql for node "test.chinook.relationships_InvoiceLine__InvoiceId____InvoiceId___ref_Invoice_.7ec79b40e0"
[0m14:36:40.697031 [debug] [Thread-5 (]: Using databricks connection "test.chinook.relationships_InvoiceLine__InvoiceId____InvoiceId___ref_Invoice_.7ec79b40e0"
[0m14:36:40.699041 [debug] [Thread-5 (]: On test.chinook.relationships_InvoiceLine__InvoiceId____InvoiceId___ref_Invoice_.7ec79b40e0: /* {"app": "dbt", "dbt_version": "1.11.2", "dbt_databricks_version": "1.12.4", "databricks_sql_connector_version": "4.1.3", "profile_name": "chinook", "target_name": "dev", "invocation_id": "81a905c2-80fa-47a4-935b-1455ce34662c", "node_id": "test.chinook.relationships_InvoiceLine__InvoiceId____InvoiceId___ref_Invoice_.7ec79b40e0"} */

    select
      count(*) as failures,
      count(*) != 0 as should_warn,
      count(*) != 0 as should_error
    from (
      
    
  
    
    

with child as (
    select `InvoiceId` as from_field
    from `uc_sql_server_central`.`data_raw`.`invoiceline01`
    where `InvoiceId` is not null
),

parent as (
    select `InvoiceId` as to_field
    from `uc_sql_server_central`.`data_raw`.`invoice01`
)

select
    from_field

from child
left join parent
    on child.from_field = parent.to_field

where parent.to_field is null



  
  
      
    ) dbt_internal_test
[0m14:36:40.699041 [debug] [Thread-5 (]: Opening a new connection, currently in state init
[0m14:36:40.999937 [debug] [Thread-5 (]: Databricks adapter: Connection(session-id=01f1a0b3-e9af-1c7f-98af-7c82e106d81f) - Created
[0m14:36:41.274550 [debug] [Thread-5 (]: SQL status: OK in 0.570 seconds
[0m14:36:41.282591 [debug] [Thread-5 (]: Databricks adapter: Cursor(session-id=01f1a0b3-e9af-1c7f-98af-7c82e106d81f, command-id=01f1a0b3-e9bd-180d-b28c-2b2f2c8661b3) - Closing
[0m14:36:41.285702 [debug] [Thread-5 (]: On test.chinook.relationships_InvoiceLine__InvoiceId____InvoiceId___ref_Invoice_.7ec79b40e0: Close
[0m14:36:41.287701 [debug] [Thread-5 (]: Databricks adapter: Connection(session-id=01f1a0b3-e9af-1c7f-98af-7c82e106d81f) - Closing
[0m14:36:41.392652 [info ] [Thread-5 (]: 13 of 30 PASS relationships_InvoiceLine__InvoiceId____InvoiceId___ref_Invoice_ . [[32mPASS[0m in 0.72s]
[0m14:36:41.393724 [debug] [Thread-5 (]: Finished running node test.chinook.relationships_InvoiceLine__InvoiceId____InvoiceId___ref_Invoice_.7ec79b40e0
[0m14:36:41.394704 [debug] [Thread-5 (]: Began running node test.chinook.relationships_InvoiceLine__TrackId____TrackId___ref_Track_.57b8be85a8
[0m14:36:41.394704 [info ] [Thread-5 (]: 14 of 30 START test relationships_InvoiceLine__TrackId____TrackId___ref_Track_ . [RUN]
[0m14:36:41.395701 [debug] [Thread-5 (]: Databricks adapter: DatabricksDBTConnection(session-id=None, name=test.chinook.relationships_InvoiceLine__TrackId____TrackId___ref_Track_.57b8be85a8) - Creating connection
[0m14:36:41.396708 [debug] [Thread-5 (]: Acquiring new databricks connection 'test.chinook.relationships_InvoiceLine__TrackId____TrackId___ref_Track_.57b8be85a8'
[0m14:36:41.396708 [debug] [Thread-5 (]: Began compiling node test.chinook.relationships_InvoiceLine__TrackId____TrackId___ref_Track_.57b8be85a8
[0m14:36:41.404701 [debug] [Thread-5 (]: Writing injected SQL for node "test.chinook.relationships_InvoiceLine__TrackId____TrackId___ref_Track_.57b8be85a8"
[0m14:36:41.406702 [debug] [Thread-5 (]: Began executing node test.chinook.relationships_InvoiceLine__TrackId____TrackId___ref_Track_.57b8be85a8
[0m14:36:41.411012 [debug] [Thread-5 (]: Writing runtime sql for node "test.chinook.relationships_InvoiceLine__TrackId____TrackId___ref_Track_.57b8be85a8"
[0m14:36:41.412981 [debug] [Thread-5 (]: Using databricks connection "test.chinook.relationships_InvoiceLine__TrackId____TrackId___ref_Track_.57b8be85a8"
[0m14:36:41.412981 [debug] [Thread-5 (]: On test.chinook.relationships_InvoiceLine__TrackId____TrackId___ref_Track_.57b8be85a8: /* {"app": "dbt", "dbt_version": "1.11.2", "dbt_databricks_version": "1.12.4", "databricks_sql_connector_version": "4.1.3", "profile_name": "chinook", "target_name": "dev", "invocation_id": "81a905c2-80fa-47a4-935b-1455ce34662c", "node_id": "test.chinook.relationships_InvoiceLine__TrackId____TrackId___ref_Track_.57b8be85a8"} */

    select
      count(*) as failures,
      count(*) != 0 as should_warn,
      count(*) != 0 as should_error
    from (
      
    
  
    
    

with child as (
    select `TrackId` as from_field
    from `uc_sql_server_central`.`data_raw`.`invoiceline01`
    where `TrackId` is not null
),

parent as (
    select `TrackId` as to_field
    from `uc_sql_server_central`.`data_raw`.`track01`
)

select
    from_field

from child
left join parent
    on child.from_field = parent.to_field

where parent.to_field is null



  
  
      
    ) dbt_internal_test
[0m14:36:41.413983 [debug] [Thread-5 (]: Opening a new connection, currently in state init
[0m14:36:41.744435 [debug] [Thread-5 (]: Databricks adapter: Connection(session-id=01f1a0b3-ea21-186c-8b07-f869d14eddc5) - Created
[0m14:36:42.018053 [debug] [Thread-5 (]: SQL status: OK in 0.600 seconds
[0m14:36:42.023010 [debug] [Thread-5 (]: Databricks adapter: Cursor(session-id=01f1a0b3-ea21-186c-8b07-f869d14eddc5, command-id=01f1a0b3-ea2d-1ef5-a16c-561998b55a96) - Closing
[0m14:36:42.025018 [debug] [Thread-5 (]: On test.chinook.relationships_InvoiceLine__TrackId____TrackId___ref_Track_.57b8be85a8: Close
[0m14:36:42.026046 [debug] [Thread-5 (]: Databricks adapter: Connection(session-id=01f1a0b3-ea21-186c-8b07-f869d14eddc5) - Closing
[0m14:36:42.123902 [info ] [Thread-5 (]: 14 of 30 PASS relationships_InvoiceLine__TrackId____TrackId___ref_Track_ ....... [[32mPASS[0m in 0.73s]
[0m14:36:42.124909 [debug] [Thread-5 (]: Finished running node test.chinook.relationships_InvoiceLine__TrackId____TrackId___ref_Track_.57b8be85a8
[0m14:36:42.124909 [debug] [Thread-5 (]: Began running node test.chinook.relationships_Invoice__CustomerId____CustomerId___ref_Customer_.d6b882ada2
[0m14:36:42.125902 [info ] [Thread-5 (]: 15 of 30 START test relationships_Invoice__CustomerId____CustomerId___ref_Customer_  [RUN]
[0m14:36:42.127898 [debug] [Thread-5 (]: Databricks adapter: DatabricksDBTConnection(session-id=None, name=test.chinook.relationships_Invoice__CustomerId____CustomerId___ref_Customer_.d6b882ada2) - Creating connection
[0m14:36:42.127898 [debug] [Thread-5 (]: Acquiring new databricks connection 'test.chinook.relationships_Invoice__CustomerId____CustomerId___ref_Customer_.d6b882ada2'
[0m14:36:42.128884 [debug] [Thread-5 (]: Began compiling node test.chinook.relationships_Invoice__CustomerId____CustomerId___ref_Customer_.d6b882ada2
[0m14:36:42.138386 [debug] [Thread-5 (]: Writing injected SQL for node "test.chinook.relationships_Invoice__CustomerId____CustomerId___ref_Customer_.d6b882ada2"
[0m14:36:42.140385 [debug] [Thread-5 (]: Began executing node test.chinook.relationships_Invoice__CustomerId____CustomerId___ref_Customer_.d6b882ada2
[0m14:36:42.144913 [debug] [Thread-5 (]: Writing runtime sql for node "test.chinook.relationships_Invoice__CustomerId____CustomerId___ref_Customer_.d6b882ada2"
[0m14:36:42.148080 [debug] [Thread-5 (]: Using databricks connection "test.chinook.relationships_Invoice__CustomerId____CustomerId___ref_Customer_.d6b882ada2"
[0m14:36:42.149173 [debug] [Thread-5 (]: On test.chinook.relationships_Invoice__CustomerId____CustomerId___ref_Customer_.d6b882ada2: /* {"app": "dbt", "dbt_version": "1.11.2", "dbt_databricks_version": "1.12.4", "databricks_sql_connector_version": "4.1.3", "profile_name": "chinook", "target_name": "dev", "invocation_id": "81a905c2-80fa-47a4-935b-1455ce34662c", "node_id": "test.chinook.relationships_Invoice__CustomerId____CustomerId___ref_Customer_.d6b882ada2"} */

    select
      count(*) as failures,
      count(*) != 0 as should_warn,
      count(*) != 0 as should_error
    from (
      
    
  
    
    

with child as (
    select `CustomerId` as from_field
    from `uc_sql_server_central`.`data_raw`.`invoice01`
    where `CustomerId` is not null
),

parent as (
    select `CustomerId` as to_field
    from `uc_sql_server_central`.`data_raw`.`customer01`
)

select
    from_field

from child
left join parent
    on child.from_field = parent.to_field

where parent.to_field is null



  
  
      
    ) dbt_internal_test
[0m14:36:42.150140 [debug] [Thread-5 (]: Opening a new connection, currently in state init
[0m14:36:42.500138 [debug] [Thread-5 (]: Databricks adapter: Connection(session-id=01f1a0b3-ea94-1324-9753-5be3ce3d36db) - Created
[0m14:36:42.748199 [debug] [Thread-5 (]: SQL status: OK in 0.600 seconds
[0m14:36:42.753215 [debug] [Thread-5 (]: Databricks adapter: Cursor(session-id=01f1a0b3-ea94-1324-9753-5be3ce3d36db, command-id=01f1a0b3-eaa0-1305-a52d-ee6fa558e490) - Closing
[0m14:36:42.754204 [debug] [Thread-5 (]: On test.chinook.relationships_Invoice__CustomerId____CustomerId___ref_Customer_.d6b882ada2: Close
[0m14:36:42.755232 [debug] [Thread-5 (]: Databricks adapter: Connection(session-id=01f1a0b3-ea94-1324-9753-5be3ce3d36db) - Closing
[0m14:36:42.850852 [info ] [Thread-5 (]: 15 of 30 PASS relationships_Invoice__CustomerId____CustomerId___ref_Customer_ .. [[32mPASS[0m in 0.72s]
[0m14:36:42.852874 [debug] [Thread-5 (]: Finished running node test.chinook.relationships_Invoice__CustomerId____CustomerId___ref_Customer_.d6b882ada2
[0m14:36:42.854858 [debug] [Thread-5 (]: Began running node test.chinook.relationships_PlaylistTrack__PlaylistId____PlaylistId___ref_Playlist_.63d0045b04
[0m14:36:42.855852 [info ] [Thread-5 (]: 16 of 30 START test relationships_PlaylistTrack__PlaylistId____PlaylistId___ref_Playlist_  [RUN]
[0m14:36:42.858811 [debug] [Thread-5 (]: Databricks adapter: DatabricksDBTConnection(session-id=None, name=test.chinook.relationships_PlaylistTrack__PlaylistId____PlaylistId___ref_Playlist_.63d0045b04) - Creating connection
[0m14:36:42.859811 [debug] [Thread-5 (]: Acquiring new databricks connection 'test.chinook.relationships_PlaylistTrack__PlaylistId____PlaylistId___ref_Playlist_.63d0045b04'
[0m14:36:42.861811 [debug] [Thread-5 (]: Began compiling node test.chinook.relationships_PlaylistTrack__PlaylistId____PlaylistId___ref_Playlist_.63d0045b04
[0m14:36:42.888757 [debug] [Thread-5 (]: Writing injected SQL for node "test.chinook.relationships_PlaylistTrack__PlaylistId____PlaylistId___ref_Playlist_.63d0045b04"
[0m14:36:42.893761 [debug] [Thread-5 (]: Began executing node test.chinook.relationships_PlaylistTrack__PlaylistId____PlaylistId___ref_Playlist_.63d0045b04
[0m14:36:42.904201 [debug] [Thread-5 (]: Writing runtime sql for node "test.chinook.relationships_PlaylistTrack__PlaylistId____PlaylistId___ref_Playlist_.63d0045b04"
[0m14:36:42.908203 [debug] [Thread-5 (]: Using databricks connection "test.chinook.relationships_PlaylistTrack__PlaylistId____PlaylistId___ref_Playlist_.63d0045b04"
[0m14:36:42.910206 [debug] [Thread-5 (]: On test.chinook.relationships_PlaylistTrack__PlaylistId____PlaylistId___ref_Playlist_.63d0045b04: /* {"app": "dbt", "dbt_version": "1.11.2", "dbt_databricks_version": "1.12.4", "databricks_sql_connector_version": "4.1.3", "profile_name": "chinook", "target_name": "dev", "invocation_id": "81a905c2-80fa-47a4-935b-1455ce34662c", "node_id": "test.chinook.relationships_PlaylistTrack__PlaylistId____PlaylistId___ref_Playlist_.63d0045b04"} */

    select
      count(*) as failures,
      count(*) != 0 as should_warn,
      count(*) != 0 as should_error
    from (
      
    
  
    
    

with child as (
    select `PlaylistId` as from_field
    from `uc_sql_server_central`.`data_raw`.`playlisttrack01`
    where `PlaylistId` is not null
),

parent as (
    select `PlaylistId` as to_field
    from `uc_sql_server_central`.`data_raw`.`playlist01`
)

select
    from_field

from child
left join parent
    on child.from_field = parent.to_field

where parent.to_field is null



  
  
      
    ) dbt_internal_test
[0m14:36:42.911201 [debug] [Thread-5 (]: Opening a new connection, currently in state init
[0m14:36:43.306127 [debug] [Thread-5 (]: Databricks adapter: Connection(session-id=01f1a0b3-eb0f-1107-a2bd-d8f18bf835b3) - Created
[0m14:36:43.566087 [debug] [Thread-5 (]: SQL status: OK in 0.650 seconds
[0m14:36:43.566087 [debug] [Thread-5 (]: Databricks adapter: Cursor(session-id=01f1a0b3-eb0f-1107-a2bd-d8f18bf835b3, command-id=01f1a0b3-eb1b-178c-82b4-c8929984b292) - Closing
[0m14:36:43.566087 [debug] [Thread-5 (]: On test.chinook.relationships_PlaylistTrack__PlaylistId____PlaylistId___ref_Playlist_.63d0045b04: Close
[0m14:36:43.566087 [debug] [Thread-5 (]: Databricks adapter: Connection(session-id=01f1a0b3-eb0f-1107-a2bd-d8f18bf835b3) - Closing
[0m14:36:43.671401 [info ] [Thread-5 (]: 16 of 30 PASS relationships_PlaylistTrack__PlaylistId____PlaylistId___ref_Playlist_  [[32mPASS[0m in 0.81s]
[0m14:36:43.672404 [debug] [Thread-5 (]: Finished running node test.chinook.relationships_PlaylistTrack__PlaylistId____PlaylistId___ref_Playlist_.63d0045b04
[0m14:36:43.673396 [debug] [Thread-5 (]: Began running node test.chinook.relationships_PlaylistTrack__TrackId____TrackId___ref_Track_.958a9190a0
[0m14:36:43.674394 [info ] [Thread-5 (]: 17 of 30 START test relationships_PlaylistTrack__TrackId____TrackId___ref_Track_  [RUN]
[0m14:36:43.675399 [debug] [Thread-5 (]: Databricks adapter: DatabricksDBTConnection(session-id=None, name=test.chinook.relationships_PlaylistTrack__TrackId____TrackId___ref_Track_.958a9190a0) - Creating connection
[0m14:36:43.675399 [debug] [Thread-5 (]: Acquiring new databricks connection 'test.chinook.relationships_PlaylistTrack__TrackId____TrackId___ref_Track_.958a9190a0'
[0m14:36:43.676396 [debug] [Thread-5 (]: Began compiling node test.chinook.relationships_PlaylistTrack__TrackId____TrackId___ref_Track_.958a9190a0
[0m14:36:43.684744 [debug] [Thread-5 (]: Writing injected SQL for node "test.chinook.relationships_PlaylistTrack__TrackId____TrackId___ref_Track_.958a9190a0"
[0m14:36:43.686301 [debug] [Thread-5 (]: Began executing node test.chinook.relationships_PlaylistTrack__TrackId____TrackId___ref_Track_.958a9190a0
[0m14:36:43.690788 [debug] [Thread-5 (]: Writing runtime sql for node "test.chinook.relationships_PlaylistTrack__TrackId____TrackId___ref_Track_.958a9190a0"
[0m14:36:43.692788 [debug] [Thread-5 (]: Using databricks connection "test.chinook.relationships_PlaylistTrack__TrackId____TrackId___ref_Track_.958a9190a0"
[0m14:36:43.693796 [debug] [Thread-5 (]: On test.chinook.relationships_PlaylistTrack__TrackId____TrackId___ref_Track_.958a9190a0: /* {"app": "dbt", "dbt_version": "1.11.2", "dbt_databricks_version": "1.12.4", "databricks_sql_connector_version": "4.1.3", "profile_name": "chinook", "target_name": "dev", "invocation_id": "81a905c2-80fa-47a4-935b-1455ce34662c", "node_id": "test.chinook.relationships_PlaylistTrack__TrackId____TrackId___ref_Track_.958a9190a0"} */

    select
      count(*) as failures,
      count(*) != 0 as should_warn,
      count(*) != 0 as should_error
    from (
      
    
  
    
    

with child as (
    select `TrackId` as from_field
    from `uc_sql_server_central`.`data_raw`.`playlisttrack01`
    where `TrackId` is not null
),

parent as (
    select `TrackId` as to_field
    from `uc_sql_server_central`.`data_raw`.`track01`
)

select
    from_field

from child
left join parent
    on child.from_field = parent.to_field

where parent.to_field is null



  
  
      
    ) dbt_internal_test
[0m14:36:43.694787 [debug] [Thread-5 (]: Opening a new connection, currently in state init
[0m14:36:44.004625 [debug] [Thread-5 (]: Databricks adapter: Connection(session-id=01f1a0b3-eb7a-1690-a3b4-4a7e81f29b2f) - Created
[0m14:36:44.240939 [debug] [Thread-5 (]: SQL status: OK in 0.550 seconds
[0m14:36:44.243933 [debug] [Thread-5 (]: Databricks adapter: Cursor(session-id=01f1a0b3-eb7a-1690-a3b4-4a7e81f29b2f, command-id=01f1a0b3-eb85-1e6a-88b4-645452cb0c08) - Closing
[0m14:36:44.244932 [debug] [Thread-5 (]: On test.chinook.relationships_PlaylistTrack__TrackId____TrackId___ref_Track_.958a9190a0: Close
[0m14:36:44.245932 [debug] [Thread-5 (]: Databricks adapter: Connection(session-id=01f1a0b3-eb7a-1690-a3b4-4a7e81f29b2f) - Closing
[0m14:36:44.319495 [info ] [Thread-5 (]: 17 of 30 PASS relationships_PlaylistTrack__TrackId____TrackId___ref_Track_ ..... [[32mPASS[0m in 0.65s]
[0m14:36:44.319495 [debug] [Thread-5 (]: Finished running node test.chinook.relationships_PlaylistTrack__TrackId____TrackId___ref_Track_.958a9190a0
[0m14:36:44.319495 [debug] [Thread-5 (]: Began running node test.chinook.relationships_Track__AlbumId____AlbumId___ref_Album_.0f235b58b6
[0m14:36:44.319495 [info ] [Thread-5 (]: 18 of 30 START test relationships_Track__AlbumId____AlbumId___ref_Album_ ....... [RUN]
[0m14:36:44.319495 [debug] [Thread-5 (]: Databricks adapter: DatabricksDBTConnection(session-id=None, name=test.chinook.relationships_Track__AlbumId____AlbumId___ref_Album_.0f235b58b6) - Creating connection
[0m14:36:44.319495 [debug] [Thread-5 (]: Acquiring new databricks connection 'test.chinook.relationships_Track__AlbumId____AlbumId___ref_Album_.0f235b58b6'
[0m14:36:44.329544 [debug] [Thread-5 (]: Began compiling node test.chinook.relationships_Track__AlbumId____AlbumId___ref_Album_.0f235b58b6
[0m14:36:44.347241 [debug] [Thread-5 (]: Writing injected SQL for node "test.chinook.relationships_Track__AlbumId____AlbumId___ref_Album_.0f235b58b6"
[0m14:36:44.349258 [debug] [Thread-5 (]: Began executing node test.chinook.relationships_Track__AlbumId____AlbumId___ref_Album_.0f235b58b6
[0m14:36:44.354952 [debug] [Thread-5 (]: Writing runtime sql for node "test.chinook.relationships_Track__AlbumId____AlbumId___ref_Album_.0f235b58b6"
[0m14:36:44.361017 [debug] [Thread-5 (]: Using databricks connection "test.chinook.relationships_Track__AlbumId____AlbumId___ref_Album_.0f235b58b6"
[0m14:36:44.363074 [debug] [Thread-5 (]: On test.chinook.relationships_Track__AlbumId____AlbumId___ref_Album_.0f235b58b6: /* {"app": "dbt", "dbt_version": "1.11.2", "dbt_databricks_version": "1.12.4", "databricks_sql_connector_version": "4.1.3", "profile_name": "chinook", "target_name": "dev", "invocation_id": "81a905c2-80fa-47a4-935b-1455ce34662c", "node_id": "test.chinook.relationships_Track__AlbumId____AlbumId___ref_Album_.0f235b58b6"} */

    select
      count(*) as failures,
      count(*) != 0 as should_warn,
      count(*) != 0 as should_error
    from (
      
    
  
    
    

with child as (
    select `AlbumId` as from_field
    from `uc_sql_server_central`.`data_raw`.`track01`
    where `AlbumId` is not null
),

parent as (
    select `AlbumId` as to_field
    from `uc_sql_server_central`.`data_raw`.`album01`
)

select
    from_field

from child
left join parent
    on child.from_field = parent.to_field

where parent.to_field is null



  
  
      
    ) dbt_internal_test
[0m14:36:44.365093 [debug] [Thread-5 (]: Opening a new connection, currently in state init
[0m14:36:44.698224 [debug] [Thread-5 (]: Databricks adapter: Connection(session-id=01f1a0b3-ebe3-1f9e-b8de-7e05d1273d24) - Created
[0m14:36:44.941225 [debug] [Thread-5 (]: SQL status: OK in 0.580 seconds
[0m14:36:44.948224 [debug] [Thread-5 (]: Databricks adapter: Cursor(session-id=01f1a0b3-ebe3-1f9e-b8de-7e05d1273d24, command-id=01f1a0b3-ebf0-178c-bb20-b5a1adfd0446) - Closing
[0m14:36:44.950306 [debug] [Thread-5 (]: On test.chinook.relationships_Track__AlbumId____AlbumId___ref_Album_.0f235b58b6: Close
[0m14:36:44.952291 [debug] [Thread-5 (]: Databricks adapter: Connection(session-id=01f1a0b3-ebe3-1f9e-b8de-7e05d1273d24) - Closing
[0m14:36:45.044845 [info ] [Thread-5 (]: 18 of 30 PASS relationships_Track__AlbumId____AlbumId___ref_Album_ ............. [[32mPASS[0m in 0.73s]
[0m14:36:45.044845 [debug] [Thread-5 (]: Finished running node test.chinook.relationships_Track__AlbumId____AlbumId___ref_Album_.0f235b58b6
[0m14:36:45.044845 [debug] [Thread-5 (]: Began running node test.chinook.relationships_Track__GenreId____GenreId___ref_Genre_.7b640f3eb6
[0m14:36:45.044845 [info ] [Thread-5 (]: 19 of 30 START test relationships_Track__GenreId____GenreId___ref_Genre_ ....... [RUN]
[0m14:36:45.044845 [debug] [Thread-5 (]: Databricks adapter: DatabricksDBTConnection(session-id=None, name=test.chinook.relationships_Track__GenreId____GenreId___ref_Genre_.7b640f3eb6) - Creating connection
[0m14:36:45.044845 [debug] [Thread-5 (]: Acquiring new databricks connection 'test.chinook.relationships_Track__GenreId____GenreId___ref_Genre_.7b640f3eb6'
[0m14:36:45.044845 [debug] [Thread-5 (]: Began compiling node test.chinook.relationships_Track__GenreId____GenreId___ref_Genre_.7b640f3eb6
[0m14:36:45.065012 [debug] [Thread-5 (]: Writing injected SQL for node "test.chinook.relationships_Track__GenreId____GenreId___ref_Genre_.7b640f3eb6"
[0m14:36:45.067026 [debug] [Thread-5 (]: Began executing node test.chinook.relationships_Track__GenreId____GenreId___ref_Genre_.7b640f3eb6
[0m14:36:45.071054 [debug] [Thread-5 (]: Writing runtime sql for node "test.chinook.relationships_Track__GenreId____GenreId___ref_Genre_.7b640f3eb6"
[0m14:36:45.073062 [debug] [Thread-5 (]: Using databricks connection "test.chinook.relationships_Track__GenreId____GenreId___ref_Genre_.7b640f3eb6"
[0m14:36:45.073062 [debug] [Thread-5 (]: On test.chinook.relationships_Track__GenreId____GenreId___ref_Genre_.7b640f3eb6: /* {"app": "dbt", "dbt_version": "1.11.2", "dbt_databricks_version": "1.12.4", "databricks_sql_connector_version": "4.1.3", "profile_name": "chinook", "target_name": "dev", "invocation_id": "81a905c2-80fa-47a4-935b-1455ce34662c", "node_id": "test.chinook.relationships_Track__GenreId____GenreId___ref_Genre_.7b640f3eb6"} */

    select
      count(*) as failures,
      count(*) != 0 as should_warn,
      count(*) != 0 as should_error
    from (
      
    
  
    
    

with child as (
    select `GenreId` as from_field
    from `uc_sql_server_central`.`data_raw`.`track01`
    where `GenreId` is not null
),

parent as (
    select `GenreId` as to_field
    from `uc_sql_server_central`.`data_raw`.`genre01`
)

select
    from_field

from child
left join parent
    on child.from_field = parent.to_field

where parent.to_field is null



  
  
      
    ) dbt_internal_test
[0m14:36:45.073062 [debug] [Thread-5 (]: Opening a new connection, currently in state init
[0m14:36:45.399756 [debug] [Thread-5 (]: Databricks adapter: Connection(session-id=01f1a0b3-ec4f-13eb-94da-8347617acc3f) - Created
[0m14:36:45.636036 [debug] [Thread-5 (]: SQL status: OK in 0.560 seconds
[0m14:36:45.638045 [debug] [Thread-5 (]: Databricks adapter: Cursor(session-id=01f1a0b3-ec4f-13eb-94da-8347617acc3f, command-id=01f1a0b3-ec5b-18ab-accc-67ba1123b815) - Closing
[0m14:36:45.638045 [debug] [Thread-5 (]: On test.chinook.relationships_Track__GenreId____GenreId___ref_Genre_.7b640f3eb6: Close
[0m14:36:45.638045 [debug] [Thread-5 (]: Databricks adapter: Connection(session-id=01f1a0b3-ec4f-13eb-94da-8347617acc3f) - Closing
[0m14:36:45.756201 [info ] [Thread-5 (]: 19 of 30 PASS relationships_Track__GenreId____GenreId___ref_Genre_ ............. [[32mPASS[0m in 0.71s]
[0m14:36:45.759591 [debug] [Thread-5 (]: Finished running node test.chinook.relationships_Track__GenreId____GenreId___ref_Genre_.7b640f3eb6
[0m14:36:45.760609 [debug] [Thread-5 (]: Began running node test.chinook.relationships_Track__MediaTypeId____MediaTypeId___ref_MediaType_.c87b11bb31
[0m14:36:45.760609 [info ] [Thread-5 (]: 20 of 30 START test relationships_Track__MediaTypeId____MediaTypeId___ref_MediaType_  [RUN]
[0m14:36:45.760609 [debug] [Thread-5 (]: Databricks adapter: DatabricksDBTConnection(session-id=None, name=test.chinook.relationships_Track__MediaTypeId____MediaTypeId___ref_MediaType_.c87b11bb31) - Creating connection
[0m14:36:45.760609 [debug] [Thread-5 (]: Acquiring new databricks connection 'test.chinook.relationships_Track__MediaTypeId____MediaTypeId___ref_MediaType_.c87b11bb31'
[0m14:36:45.760609 [debug] [Thread-5 (]: Began compiling node test.chinook.relationships_Track__MediaTypeId____MediaTypeId___ref_MediaType_.c87b11bb31
[0m14:36:45.771157 [debug] [Thread-5 (]: Writing injected SQL for node "test.chinook.relationships_Track__MediaTypeId____MediaTypeId___ref_MediaType_.c87b11bb31"
[0m14:36:45.773164 [debug] [Thread-5 (]: Began executing node test.chinook.relationships_Track__MediaTypeId____MediaTypeId___ref_MediaType_.c87b11bb31
[0m14:36:45.778317 [debug] [Thread-5 (]: Writing runtime sql for node "test.chinook.relationships_Track__MediaTypeId____MediaTypeId___ref_MediaType_.c87b11bb31"
[0m14:36:45.780327 [debug] [Thread-5 (]: Using databricks connection "test.chinook.relationships_Track__MediaTypeId____MediaTypeId___ref_MediaType_.c87b11bb31"
[0m14:36:45.780327 [debug] [Thread-5 (]: On test.chinook.relationships_Track__MediaTypeId____MediaTypeId___ref_MediaType_.c87b11bb31: /* {"app": "dbt", "dbt_version": "1.11.2", "dbt_databricks_version": "1.12.4", "databricks_sql_connector_version": "4.1.3", "profile_name": "chinook", "target_name": "dev", "invocation_id": "81a905c2-80fa-47a4-935b-1455ce34662c", "node_id": "test.chinook.relationships_Track__MediaTypeId____MediaTypeId___ref_MediaType_.c87b11bb31"} */

    select
      count(*) as failures,
      count(*) != 0 as should_warn,
      count(*) != 0 as should_error
    from (
      
    
  
    
    

with child as (
    select `MediaTypeId` as from_field
    from `uc_sql_server_central`.`data_raw`.`track01`
    where `MediaTypeId` is not null
),

parent as (
    select `MediaTypeId` as to_field
    from `uc_sql_server_central`.`data_raw`.`mediatype01`
)

select
    from_field

from child
left join parent
    on child.from_field = parent.to_field

where parent.to_field is null



  
  
      
    ) dbt_internal_test
[0m14:36:45.780327 [debug] [Thread-5 (]: Opening a new connection, currently in state init
[0m14:36:46.120383 [debug] [Thread-5 (]: Databricks adapter: Connection(session-id=01f1a0b3-ecbb-113d-b9d7-d83ff69355bb) - Created
[0m14:36:46.358861 [debug] [Thread-5 (]: SQL status: OK in 0.580 seconds
[0m14:36:46.372685 [debug] [Thread-5 (]: Databricks adapter: Cursor(session-id=01f1a0b3-ecbb-113d-b9d7-d83ff69355bb, command-id=01f1a0b3-ecca-1ead-a1af-94f8dab507b1) - Closing
[0m14:36:46.374695 [debug] [Thread-5 (]: On test.chinook.relationships_Track__MediaTypeId____MediaTypeId___ref_MediaType_.c87b11bb31: Close
[0m14:36:46.374695 [debug] [Thread-5 (]: Databricks adapter: Connection(session-id=01f1a0b3-ecbb-113d-b9d7-d83ff69355bb) - Closing
[0m14:36:46.474822 [info ] [Thread-5 (]: 20 of 30 PASS relationships_Track__MediaTypeId____MediaTypeId___ref_MediaType_ . [[32mPASS[0m in 0.71s]
[0m14:36:46.474822 [debug] [Thread-5 (]: Finished running node test.chinook.relationships_Track__MediaTypeId____MediaTypeId___ref_MediaType_.c87b11bb31
[0m14:36:46.476828 [debug] [Thread-5 (]: Began running node test.chinook.unique_Album__AlbumId_.92e0934510
[0m14:36:46.476828 [info ] [Thread-5 (]: 21 of 30 START test unique_Album__AlbumId_ ..................................... [RUN]
[0m14:36:46.476828 [debug] [Thread-5 (]: Databricks adapter: DatabricksDBTConnection(session-id=None, name=test.chinook.unique_Album__AlbumId_.92e0934510) - Creating connection
[0m14:36:46.478833 [debug] [Thread-5 (]: Acquiring new databricks connection 'test.chinook.unique_Album__AlbumId_.92e0934510'
[0m14:36:46.478833 [debug] [Thread-5 (]: Began compiling node test.chinook.unique_Album__AlbumId_.92e0934510
[0m14:36:46.487277 [debug] [Thread-5 (]: Writing injected SQL for node "test.chinook.unique_Album__AlbumId_.92e0934510"
[0m14:36:46.487277 [debug] [Thread-5 (]: Began executing node test.chinook.unique_Album__AlbumId_.92e0934510
[0m14:36:46.487277 [debug] [Thread-5 (]: Writing runtime sql for node "test.chinook.unique_Album__AlbumId_.92e0934510"
[0m14:36:46.487277 [debug] [Thread-5 (]: Using databricks connection "test.chinook.unique_Album__AlbumId_.92e0934510"
[0m14:36:46.487277 [debug] [Thread-5 (]: On test.chinook.unique_Album__AlbumId_.92e0934510: /* {"app": "dbt", "dbt_version": "1.11.2", "dbt_databricks_version": "1.12.4", "databricks_sql_connector_version": "4.1.3", "profile_name": "chinook", "target_name": "dev", "invocation_id": "81a905c2-80fa-47a4-935b-1455ce34662c", "node_id": "test.chinook.unique_Album__AlbumId_.92e0934510"} */

    select
      count(*) as failures,
      count(*) != 0 as should_warn,
      count(*) != 0 as should_error
    from (
      
    
  
    
    

select
    `AlbumId` as unique_field,
    count(*) as n_records

from `uc_sql_server_central`.`data_raw`.`album01`
where `AlbumId` is not null
group by `AlbumId`
having count(*) > 1



  
  
      
    ) dbt_internal_test
[0m14:36:46.487277 [debug] [Thread-5 (]: Opening a new connection, currently in state init
[0m14:36:46.790398 [debug] [Thread-5 (]: Databricks adapter: Connection(session-id=01f1a0b3-ed23-170a-aaab-07a507b3f817) - Created
[0m14:36:47.020044 [debug] [Thread-5 (]: SQL status: OK in 0.530 seconds
[0m14:36:47.020044 [debug] [Thread-5 (]: Databricks adapter: Cursor(session-id=01f1a0b3-ed23-170a-aaab-07a507b3f817, command-id=01f1a0b3-ed30-1814-844e-3915ddc5586d) - Closing
[0m14:36:47.020044 [debug] [Thread-5 (]: On test.chinook.unique_Album__AlbumId_.92e0934510: Close
[0m14:36:47.020044 [debug] [Thread-5 (]: Databricks adapter: Connection(session-id=01f1a0b3-ed23-170a-aaab-07a507b3f817) - Closing
[0m14:36:47.125699 [info ] [Thread-5 (]: 21 of 30 PASS unique_Album__AlbumId_ ........................................... [[32mPASS[0m in 0.65s]
[0m14:36:47.126701 [debug] [Thread-5 (]: Finished running node test.chinook.unique_Album__AlbumId_.92e0934510
[0m14:36:47.127689 [debug] [Thread-5 (]: Began running node test.chinook.unique_Artist__ArtistId_.9c9a7785d0
[0m14:36:47.127689 [info ] [Thread-5 (]: 22 of 30 START test unique_Artist__ArtistId_ ................................... [RUN]
[0m14:36:47.129090 [debug] [Thread-5 (]: Databricks adapter: DatabricksDBTConnection(session-id=None, name=test.chinook.unique_Artist__ArtistId_.9c9a7785d0) - Creating connection
[0m14:36:47.129090 [debug] [Thread-5 (]: Acquiring new databricks connection 'test.chinook.unique_Artist__ArtistId_.9c9a7785d0'
[0m14:36:47.129090 [debug] [Thread-5 (]: Began compiling node test.chinook.unique_Artist__ArtistId_.9c9a7785d0
[0m14:36:47.137145 [debug] [Thread-5 (]: Writing injected SQL for node "test.chinook.unique_Artist__ArtistId_.9c9a7785d0"
[0m14:36:47.139139 [debug] [Thread-5 (]: Began executing node test.chinook.unique_Artist__ArtistId_.9c9a7785d0
[0m14:36:47.142146 [debug] [Thread-5 (]: Writing runtime sql for node "test.chinook.unique_Artist__ArtistId_.9c9a7785d0"
[0m14:36:47.144147 [debug] [Thread-5 (]: Using databricks connection "test.chinook.unique_Artist__ArtistId_.9c9a7785d0"
[0m14:36:47.145089 [debug] [Thread-5 (]: On test.chinook.unique_Artist__ArtistId_.9c9a7785d0: /* {"app": "dbt", "dbt_version": "1.11.2", "dbt_databricks_version": "1.12.4", "databricks_sql_connector_version": "4.1.3", "profile_name": "chinook", "target_name": "dev", "invocation_id": "81a905c2-80fa-47a4-935b-1455ce34662c", "node_id": "test.chinook.unique_Artist__ArtistId_.9c9a7785d0"} */

    select
      count(*) as failures,
      count(*) != 0 as should_warn,
      count(*) != 0 as should_error
    from (
      
    
  
    
    

select
    `ArtistId` as unique_field,
    count(*) as n_records

from `uc_sql_server_central`.`data_raw`.`artist01`
where `ArtistId` is not null
group by `ArtistId`
having count(*) > 1



  
  
      
    ) dbt_internal_test
[0m14:36:47.145089 [debug] [Thread-5 (]: Opening a new connection, currently in state init
[0m14:36:47.465090 [debug] [Thread-5 (]: Databricks adapter: Connection(session-id=01f1a0b3-ed89-1b8e-a250-5975f3c65c31) - Created
[0m14:36:47.694481 [debug] [Thread-5 (]: SQL status: OK in 0.550 seconds
[0m14:36:47.697807 [debug] [Thread-5 (]: Databricks adapter: Cursor(session-id=01f1a0b3-ed89-1b8e-a250-5975f3c65c31, command-id=01f1a0b3-ed96-132d-9c0f-57fbb764c5ed) - Closing
[0m14:36:47.697807 [debug] [Thread-5 (]: On test.chinook.unique_Artist__ArtistId_.9c9a7785d0: Close
[0m14:36:47.698803 [debug] [Thread-5 (]: Databricks adapter: Connection(session-id=01f1a0b3-ed89-1b8e-a250-5975f3c65c31) - Closing
[0m14:36:47.801308 [info ] [Thread-5 (]: 22 of 30 PASS unique_Artist__ArtistId_ ......................................... [[32mPASS[0m in 0.67s]
[0m14:36:47.803296 [debug] [Thread-5 (]: Finished running node test.chinook.unique_Artist__ArtistId_.9c9a7785d0
[0m14:36:47.803296 [debug] [Thread-5 (]: Began running node test.chinook.unique_Customer__CustomerId_.3bdb538ef1
[0m14:36:47.804305 [info ] [Thread-5 (]: 23 of 30 START test unique_Customer__CustomerId_ ............................... [RUN]
[0m14:36:47.804305 [debug] [Thread-5 (]: Databricks adapter: DatabricksDBTConnection(session-id=None, name=test.chinook.unique_Customer__CustomerId_.3bdb538ef1) - Creating connection
[0m14:36:47.805319 [debug] [Thread-5 (]: Acquiring new databricks connection 'test.chinook.unique_Customer__CustomerId_.3bdb538ef1'
[0m14:36:47.805319 [debug] [Thread-5 (]: Began compiling node test.chinook.unique_Customer__CustomerId_.3bdb538ef1
[0m14:36:47.811665 [debug] [Thread-5 (]: Writing injected SQL for node "test.chinook.unique_Customer__CustomerId_.3bdb538ef1"
[0m14:36:47.813728 [debug] [Thread-5 (]: Began executing node test.chinook.unique_Customer__CustomerId_.3bdb538ef1
[0m14:36:47.817725 [debug] [Thread-5 (]: Writing runtime sql for node "test.chinook.unique_Customer__CustomerId_.3bdb538ef1"
[0m14:36:47.818729 [debug] [Thread-5 (]: Using databricks connection "test.chinook.unique_Customer__CustomerId_.3bdb538ef1"
[0m14:36:47.819723 [debug] [Thread-5 (]: On test.chinook.unique_Customer__CustomerId_.3bdb538ef1: /* {"app": "dbt", "dbt_version": "1.11.2", "dbt_databricks_version": "1.12.4", "databricks_sql_connector_version": "4.1.3", "profile_name": "chinook", "target_name": "dev", "invocation_id": "81a905c2-80fa-47a4-935b-1455ce34662c", "node_id": "test.chinook.unique_Customer__CustomerId_.3bdb538ef1"} */

    select
      count(*) as failures,
      count(*) != 0 as should_warn,
      count(*) != 0 as should_error
    from (
      
    
  
    
    

select
    `CustomerId` as unique_field,
    count(*) as n_records

from `uc_sql_server_central`.`data_raw`.`customer01`
where `CustomerId` is not null
group by `CustomerId`
having count(*) > 1



  
  
      
    ) dbt_internal_test
[0m14:36:47.819723 [debug] [Thread-5 (]: Opening a new connection, currently in state init
[0m14:36:48.160144 [debug] [Thread-5 (]: Databricks adapter: Connection(session-id=01f1a0b3-edf3-1cb4-b94b-71dd33ef3012) - Created
[0m14:36:48.399017 [debug] [Thread-5 (]: SQL status: OK in 0.580 seconds
[0m14:36:48.404013 [debug] [Thread-5 (]: Databricks adapter: Cursor(session-id=01f1a0b3-edf3-1cb4-b94b-71dd33ef3012, command-id=01f1a0b3-ee00-1c38-aefe-e34fccd9ecd3) - Closing
[0m14:36:48.406015 [debug] [Thread-5 (]: On test.chinook.unique_Customer__CustomerId_.3bdb538ef1: Close
[0m14:36:48.406015 [debug] [Thread-5 (]: Databricks adapter: Connection(session-id=01f1a0b3-edf3-1cb4-b94b-71dd33ef3012) - Closing
[0m14:36:48.515815 [info ] [Thread-5 (]: 23 of 30 PASS unique_Customer__CustomerId_ ..................................... [[32mPASS[0m in 0.71s]
[0m14:36:48.515815 [debug] [Thread-5 (]: Finished running node test.chinook.unique_Customer__CustomerId_.3bdb538ef1
[0m14:36:48.517088 [debug] [Thread-5 (]: Began running node test.chinook.unique_Employee__EmployeeId_.70fbb1b3af
[0m14:36:48.518101 [info ] [Thread-5 (]: 24 of 30 START test unique_Employee__EmployeeId_ ............................... [RUN]
[0m14:36:48.519108 [debug] [Thread-5 (]: Databricks adapter: DatabricksDBTConnection(session-id=None, name=test.chinook.unique_Employee__EmployeeId_.70fbb1b3af) - Creating connection
[0m14:36:48.519108 [debug] [Thread-5 (]: Acquiring new databricks connection 'test.chinook.unique_Employee__EmployeeId_.70fbb1b3af'
[0m14:36:48.520112 [debug] [Thread-5 (]: Began compiling node test.chinook.unique_Employee__EmployeeId_.70fbb1b3af
[0m14:36:48.527108 [debug] [Thread-5 (]: Writing injected SQL for node "test.chinook.unique_Employee__EmployeeId_.70fbb1b3af"
[0m14:36:48.529556 [debug] [Thread-5 (]: Began executing node test.chinook.unique_Employee__EmployeeId_.70fbb1b3af
[0m14:36:48.533805 [debug] [Thread-5 (]: Writing runtime sql for node "test.chinook.unique_Employee__EmployeeId_.70fbb1b3af"
[0m14:36:48.535857 [debug] [Thread-5 (]: Using databricks connection "test.chinook.unique_Employee__EmployeeId_.70fbb1b3af"
[0m14:36:48.536848 [debug] [Thread-5 (]: On test.chinook.unique_Employee__EmployeeId_.70fbb1b3af: /* {"app": "dbt", "dbt_version": "1.11.2", "dbt_databricks_version": "1.12.4", "databricks_sql_connector_version": "4.1.3", "profile_name": "chinook", "target_name": "dev", "invocation_id": "81a905c2-80fa-47a4-935b-1455ce34662c", "node_id": "test.chinook.unique_Employee__EmployeeId_.70fbb1b3af"} */

    select
      count(*) as failures,
      count(*) != 0 as should_warn,
      count(*) != 0 as should_error
    from (
      
    
  
    
    

select
    `EmployeeId` as unique_field,
    count(*) as n_records

from `uc_sql_server_central`.`data_raw`.`employee01`
where `EmployeeId` is not null
group by `EmployeeId`
having count(*) > 1



  
  
      
    ) dbt_internal_test
[0m14:36:48.536848 [debug] [Thread-5 (]: Opening a new connection, currently in state init
[0m14:36:48.919158 [debug] [Thread-5 (]: Databricks adapter: Connection(session-id=01f1a0b3-ee68-124c-9f4f-d8c496dd8761) - Created
[0m14:36:49.165967 [debug] [Thread-5 (]: SQL status: OK in 0.630 seconds
[0m14:36:49.167972 [debug] [Thread-5 (]: Databricks adapter: Cursor(session-id=01f1a0b3-ee68-124c-9f4f-d8c496dd8761, command-id=01f1a0b3-ee74-1db4-b450-f6f4384fcf34) - Closing
[0m14:36:49.168972 [debug] [Thread-5 (]: On test.chinook.unique_Employee__EmployeeId_.70fbb1b3af: Close
[0m14:36:49.169970 [debug] [Thread-5 (]: Databricks adapter: Connection(session-id=01f1a0b3-ee68-124c-9f4f-d8c496dd8761) - Closing
[0m14:36:49.269644 [info ] [Thread-5 (]: 24 of 30 PASS unique_Employee__EmployeeId_ ..................................... [[32mPASS[0m in 0.75s]
[0m14:36:49.270615 [debug] [Thread-5 (]: Finished running node test.chinook.unique_Employee__EmployeeId_.70fbb1b3af
[0m14:36:49.270615 [debug] [Thread-5 (]: Began running node test.chinook.unique_Genre__GenreId_.e0d0e99ed0
[0m14:36:49.271665 [info ] [Thread-5 (]: 25 of 30 START test unique_Genre__GenreId_ ..................................... [RUN]
[0m14:36:49.272606 [debug] [Thread-5 (]: Databricks adapter: DatabricksDBTConnection(session-id=None, name=test.chinook.unique_Genre__GenreId_.e0d0e99ed0) - Creating connection
[0m14:36:49.273607 [debug] [Thread-5 (]: Acquiring new databricks connection 'test.chinook.unique_Genre__GenreId_.e0d0e99ed0'
[0m14:36:49.273607 [debug] [Thread-5 (]: Began compiling node test.chinook.unique_Genre__GenreId_.e0d0e99ed0
[0m14:36:49.283040 [debug] [Thread-5 (]: Writing injected SQL for node "test.chinook.unique_Genre__GenreId_.e0d0e99ed0"
[0m14:36:49.285081 [debug] [Thread-5 (]: Began executing node test.chinook.unique_Genre__GenreId_.e0d0e99ed0
[0m14:36:49.398206 [debug] [Thread-5 (]: Writing runtime sql for node "test.chinook.unique_Genre__GenreId_.e0d0e99ed0"
[0m14:36:49.400247 [debug] [Thread-5 (]: Using databricks connection "test.chinook.unique_Genre__GenreId_.e0d0e99ed0"
[0m14:36:49.400247 [debug] [Thread-5 (]: On test.chinook.unique_Genre__GenreId_.e0d0e99ed0: /* {"app": "dbt", "dbt_version": "1.11.2", "dbt_databricks_version": "1.12.4", "databricks_sql_connector_version": "4.1.3", "profile_name": "chinook", "target_name": "dev", "invocation_id": "81a905c2-80fa-47a4-935b-1455ce34662c", "node_id": "test.chinook.unique_Genre__GenreId_.e0d0e99ed0"} */

    select
      count(*) as failures,
      count(*) != 0 as should_warn,
      count(*) != 0 as should_error
    from (
      
    
  
    
    

select
    `GenreId` as unique_field,
    count(*) as n_records

from `uc_sql_server_central`.`data_raw`.`genre01`
where `GenreId` is not null
group by `GenreId`
having count(*) > 1



  
  
      
    ) dbt_internal_test
[0m14:36:49.401263 [debug] [Thread-5 (]: Opening a new connection, currently in state init
[0m14:36:49.728972 [debug] [Thread-5 (]: Databricks adapter: Connection(session-id=01f1a0b3-eee3-1266-a1d7-4e240be4924e) - Created
[0m14:36:49.953889 [debug] [Thread-5 (]: SQL status: OK in 0.550 seconds
[0m14:36:49.955890 [debug] [Thread-5 (]: Databricks adapter: Cursor(session-id=01f1a0b3-eee3-1266-a1d7-4e240be4924e, command-id=01f1a0b3-eeee-17c5-a75f-3675d6af2d01) - Closing
[0m14:36:49.956898 [debug] [Thread-5 (]: On test.chinook.unique_Genre__GenreId_.e0d0e99ed0: Close
[0m14:36:49.957896 [debug] [Thread-5 (]: Databricks adapter: Connection(session-id=01f1a0b3-eee3-1266-a1d7-4e240be4924e) - Closing
[0m14:36:50.404316 [info ] [Thread-5 (]: 25 of 30 PASS unique_Genre__GenreId_ ........................................... [[32mPASS[0m in 1.13s]
[0m14:36:50.405306 [debug] [Thread-5 (]: Finished running node test.chinook.unique_Genre__GenreId_.e0d0e99ed0
[0m14:36:50.406305 [debug] [Thread-5 (]: Began running node test.chinook.unique_InvoiceLine__InvoiceLineId_.1b9368c027
[0m14:36:50.406305 [info ] [Thread-5 (]: 26 of 30 START test unique_InvoiceLine__InvoiceLineId_ ......................... [RUN]
[0m14:36:50.407304 [debug] [Thread-5 (]: Databricks adapter: DatabricksDBTConnection(session-id=None, name=test.chinook.unique_InvoiceLine__InvoiceLineId_.1b9368c027) - Creating connection
[0m14:36:50.408339 [debug] [Thread-5 (]: Acquiring new databricks connection 'test.chinook.unique_InvoiceLine__InvoiceLineId_.1b9368c027'
[0m14:36:50.408339 [debug] [Thread-5 (]: Began compiling node test.chinook.unique_InvoiceLine__InvoiceLineId_.1b9368c027
[0m14:36:50.416363 [debug] [Thread-5 (]: Writing injected SQL for node "test.chinook.unique_InvoiceLine__InvoiceLineId_.1b9368c027"
[0m14:36:50.419399 [debug] [Thread-5 (]: Began executing node test.chinook.unique_InvoiceLine__InvoiceLineId_.1b9368c027
[0m14:36:50.424362 [debug] [Thread-5 (]: Writing runtime sql for node "test.chinook.unique_InvoiceLine__InvoiceLineId_.1b9368c027"
[0m14:36:50.426333 [debug] [Thread-5 (]: Using databricks connection "test.chinook.unique_InvoiceLine__InvoiceLineId_.1b9368c027"
[0m14:36:50.427371 [debug] [Thread-5 (]: On test.chinook.unique_InvoiceLine__InvoiceLineId_.1b9368c027: /* {"app": "dbt", "dbt_version": "1.11.2", "dbt_databricks_version": "1.12.4", "databricks_sql_connector_version": "4.1.3", "profile_name": "chinook", "target_name": "dev", "invocation_id": "81a905c2-80fa-47a4-935b-1455ce34662c", "node_id": "test.chinook.unique_InvoiceLine__InvoiceLineId_.1b9368c027"} */

    select
      count(*) as failures,
      count(*) != 0 as should_warn,
      count(*) != 0 as should_error
    from (
      
    
  
    
    

select
    `InvoiceLineId` as unique_field,
    count(*) as n_records

from `uc_sql_server_central`.`data_raw`.`invoiceline01`
where `InvoiceLineId` is not null
group by `InvoiceLineId`
having count(*) > 1



  
  
      
    ) dbt_internal_test
[0m14:36:50.428382 [debug] [Thread-5 (]: Opening a new connection, currently in state init
[0m14:36:50.738451 [debug] [Thread-5 (]: Databricks adapter: Connection(session-id=01f1a0b3-ef7c-1813-ad6e-7ea20fd9a15d) - Created
[0m14:36:50.965874 [debug] [Thread-5 (]: SQL status: OK in 0.540 seconds
[0m14:36:50.968815 [debug] [Thread-5 (]: Databricks adapter: Cursor(session-id=01f1a0b3-ef7c-1813-ad6e-7ea20fd9a15d, command-id=01f1a0b3-ef89-17db-8f3f-27764a37d6a7) - Closing
[0m14:36:50.969856 [debug] [Thread-5 (]: On test.chinook.unique_InvoiceLine__InvoiceLineId_.1b9368c027: Close
[0m14:36:50.969856 [debug] [Thread-5 (]: Databricks adapter: Connection(session-id=01f1a0b3-ef7c-1813-ad6e-7ea20fd9a15d) - Closing
[0m14:36:51.078015 [info ] [Thread-5 (]: 26 of 30 PASS unique_InvoiceLine__InvoiceLineId_ ............................... [[32mPASS[0m in 0.67s]
[0m14:36:51.079958 [debug] [Thread-5 (]: Finished running node test.chinook.unique_InvoiceLine__InvoiceLineId_.1b9368c027
[0m14:36:51.079958 [debug] [Thread-5 (]: Began running node test.chinook.unique_Invoice__InvoiceId_.9a5483c93a
[0m14:36:51.081987 [info ] [Thread-5 (]: 27 of 30 START test unique_Invoice__InvoiceId_ ................................. [RUN]
[0m14:36:51.082541 [debug] [Thread-5 (]: Databricks adapter: DatabricksDBTConnection(session-id=None, name=test.chinook.unique_Invoice__InvoiceId_.9a5483c93a) - Creating connection
[0m14:36:51.084222 [debug] [Thread-5 (]: Acquiring new databricks connection 'test.chinook.unique_Invoice__InvoiceId_.9a5483c93a'
[0m14:36:51.085293 [debug] [Thread-5 (]: Began compiling node test.chinook.unique_Invoice__InvoiceId_.9a5483c93a
[0m14:36:51.093791 [debug] [Thread-5 (]: Writing injected SQL for node "test.chinook.unique_Invoice__InvoiceId_.9a5483c93a"
[0m14:36:51.097460 [debug] [Thread-5 (]: Began executing node test.chinook.unique_Invoice__InvoiceId_.9a5483c93a
[0m14:36:51.101457 [debug] [Thread-5 (]: Writing runtime sql for node "test.chinook.unique_Invoice__InvoiceId_.9a5483c93a"
[0m14:36:51.103461 [debug] [Thread-5 (]: Using databricks connection "test.chinook.unique_Invoice__InvoiceId_.9a5483c93a"
[0m14:36:51.104459 [debug] [Thread-5 (]: On test.chinook.unique_Invoice__InvoiceId_.9a5483c93a: /* {"app": "dbt", "dbt_version": "1.11.2", "dbt_databricks_version": "1.12.4", "databricks_sql_connector_version": "4.1.3", "profile_name": "chinook", "target_name": "dev", "invocation_id": "81a905c2-80fa-47a4-935b-1455ce34662c", "node_id": "test.chinook.unique_Invoice__InvoiceId_.9a5483c93a"} */

    select
      count(*) as failures,
      count(*) != 0 as should_warn,
      count(*) != 0 as should_error
    from (
      
    
  
    
    

select
    `InvoiceId` as unique_field,
    count(*) as n_records

from `uc_sql_server_central`.`data_raw`.`invoice01`
where `InvoiceId` is not null
group by `InvoiceId`
having count(*) > 1



  
  
      
    ) dbt_internal_test
[0m14:36:51.104459 [debug] [Thread-5 (]: Opening a new connection, currently in state init
[0m14:36:51.433132 [debug] [Thread-5 (]: Databricks adapter: Connection(session-id=01f1a0b3-efe5-1c7e-84a5-d80ba1f8dcbd) - Created
[0m14:36:51.658608 [debug] [Thread-5 (]: SQL status: OK in 0.550 seconds
[0m14:36:51.660728 [debug] [Thread-5 (]: Databricks adapter: Cursor(session-id=01f1a0b3-efe5-1c7e-84a5-d80ba1f8dcbd, command-id=01f1a0b3-eff2-1f3d-937a-32fa7ffc08e2) - Closing
[0m14:36:51.661762 [debug] [Thread-5 (]: On test.chinook.unique_Invoice__InvoiceId_.9a5483c93a: Close
[0m14:36:51.663052 [debug] [Thread-5 (]: Databricks adapter: Connection(session-id=01f1a0b3-efe5-1c7e-84a5-d80ba1f8dcbd) - Closing
[0m14:36:51.766468 [info ] [Thread-5 (]: 27 of 30 PASS unique_Invoice__InvoiceId_ ....................................... [[32mPASS[0m in 0.68s]
[0m14:36:51.767963 [debug] [Thread-5 (]: Finished running node test.chinook.unique_Invoice__InvoiceId_.9a5483c93a
[0m14:36:51.767963 [debug] [Thread-5 (]: Began running node test.chinook.unique_MediaType__MediaTypeId_.7a39d2dae4
[0m14:36:51.769432 [info ] [Thread-5 (]: 28 of 30 START test unique_MediaType__MediaTypeId_ ............................. [RUN]
[0m14:36:51.770498 [debug] [Thread-5 (]: Databricks adapter: DatabricksDBTConnection(session-id=None, name=test.chinook.unique_MediaType__MediaTypeId_.7a39d2dae4) - Creating connection
[0m14:36:51.771506 [debug] [Thread-5 (]: Acquiring new databricks connection 'test.chinook.unique_MediaType__MediaTypeId_.7a39d2dae4'
[0m14:36:51.771506 [debug] [Thread-5 (]: Began compiling node test.chinook.unique_MediaType__MediaTypeId_.7a39d2dae4
[0m14:36:51.780827 [debug] [Thread-5 (]: Writing injected SQL for node "test.chinook.unique_MediaType__MediaTypeId_.7a39d2dae4"
[0m14:36:51.782822 [debug] [Thread-5 (]: Began executing node test.chinook.unique_MediaType__MediaTypeId_.7a39d2dae4
[0m14:36:51.787372 [debug] [Thread-5 (]: Writing runtime sql for node "test.chinook.unique_MediaType__MediaTypeId_.7a39d2dae4"
[0m14:36:51.790878 [debug] [Thread-5 (]: Using databricks connection "test.chinook.unique_MediaType__MediaTypeId_.7a39d2dae4"
[0m14:36:51.791909 [debug] [Thread-5 (]: On test.chinook.unique_MediaType__MediaTypeId_.7a39d2dae4: /* {"app": "dbt", "dbt_version": "1.11.2", "dbt_databricks_version": "1.12.4", "databricks_sql_connector_version": "4.1.3", "profile_name": "chinook", "target_name": "dev", "invocation_id": "81a905c2-80fa-47a4-935b-1455ce34662c", "node_id": "test.chinook.unique_MediaType__MediaTypeId_.7a39d2dae4"} */

    select
      count(*) as failures,
      count(*) != 0 as should_warn,
      count(*) != 0 as should_error
    from (
      
    
  
    
    

select
    `MediaTypeId` as unique_field,
    count(*) as n_records

from `uc_sql_server_central`.`data_raw`.`mediatype01`
where `MediaTypeId` is not null
group by `MediaTypeId`
having count(*) > 1



  
  
      
    ) dbt_internal_test
[0m14:36:51.791909 [debug] [Thread-5 (]: Opening a new connection, currently in state init
[0m14:36:52.131893 [debug] [Thread-5 (]: Databricks adapter: Connection(session-id=01f1a0b3-f04f-135d-be16-40edea3b9367) - Created
[0m14:36:52.375582 [debug] [Thread-5 (]: SQL status: OK in 0.580 seconds
[0m14:36:52.377576 [debug] [Thread-5 (]: Databricks adapter: Cursor(session-id=01f1a0b3-f04f-135d-be16-40edea3b9367, command-id=01f1a0b3-f05d-12f6-b9b5-871a1479edc2) - Closing
[0m14:36:52.378896 [debug] [Thread-5 (]: On test.chinook.unique_MediaType__MediaTypeId_.7a39d2dae4: Close
[0m14:36:52.379932 [debug] [Thread-5 (]: Databricks adapter: Connection(session-id=01f1a0b3-f04f-135d-be16-40edea3b9367) - Closing
[0m14:36:52.489806 [info ] [Thread-5 (]: 28 of 30 PASS unique_MediaType__MediaTypeId_ ................................... [[32mPASS[0m in 0.72s]
[0m14:36:52.490810 [debug] [Thread-5 (]: Finished running node test.chinook.unique_MediaType__MediaTypeId_.7a39d2dae4
[0m14:36:52.490810 [debug] [Thread-5 (]: Began running node test.chinook.unique_Playlist__PlaylistId_.6bc6f41a44
[0m14:36:52.491807 [info ] [Thread-5 (]: 29 of 30 START test unique_Playlist__PlaylistId_ ............................... [RUN]
[0m14:36:52.492864 [debug] [Thread-5 (]: Databricks adapter: DatabricksDBTConnection(session-id=None, name=test.chinook.unique_Playlist__PlaylistId_.6bc6f41a44) - Creating connection
[0m14:36:52.492864 [debug] [Thread-5 (]: Acquiring new databricks connection 'test.chinook.unique_Playlist__PlaylistId_.6bc6f41a44'
[0m14:36:52.493851 [debug] [Thread-5 (]: Began compiling node test.chinook.unique_Playlist__PlaylistId_.6bc6f41a44
[0m14:36:52.500485 [debug] [Thread-5 (]: Writing injected SQL for node "test.chinook.unique_Playlist__PlaylistId_.6bc6f41a44"
[0m14:36:52.502524 [debug] [Thread-5 (]: Began executing node test.chinook.unique_Playlist__PlaylistId_.6bc6f41a44
[0m14:36:52.506523 [debug] [Thread-5 (]: Writing runtime sql for node "test.chinook.unique_Playlist__PlaylistId_.6bc6f41a44"
[0m14:36:52.508582 [debug] [Thread-5 (]: Using databricks connection "test.chinook.unique_Playlist__PlaylistId_.6bc6f41a44"
[0m14:36:52.509541 [debug] [Thread-5 (]: On test.chinook.unique_Playlist__PlaylistId_.6bc6f41a44: /* {"app": "dbt", "dbt_version": "1.11.2", "dbt_databricks_version": "1.12.4", "databricks_sql_connector_version": "4.1.3", "profile_name": "chinook", "target_name": "dev", "invocation_id": "81a905c2-80fa-47a4-935b-1455ce34662c", "node_id": "test.chinook.unique_Playlist__PlaylistId_.6bc6f41a44"} */

    select
      count(*) as failures,
      count(*) != 0 as should_warn,
      count(*) != 0 as should_error
    from (
      
    
  
    
    

select
    `PlaylistId` as unique_field,
    count(*) as n_records

from `uc_sql_server_central`.`data_raw`.`playlist01`
where `PlaylistId` is not null
group by `PlaylistId`
having count(*) > 1



  
  
      
    ) dbt_internal_test
[0m14:36:52.509541 [debug] [Thread-5 (]: Opening a new connection, currently in state init
[0m14:36:52.839951 [debug] [Thread-5 (]: Databricks adapter: Connection(session-id=01f1a0b3-f0bd-128f-b42d-bace3a3a545d) - Created
[0m14:36:53.052365 [debug] [Thread-5 (]: SQL status: OK in 0.540 seconds
[0m14:36:53.054404 [debug] [Thread-5 (]: Databricks adapter: Cursor(session-id=01f1a0b3-f0bd-128f-b42d-bace3a3a545d, command-id=01f1a0b3-f0c9-162b-876d-e1075fa611da) - Closing
[0m14:36:53.055403 [debug] [Thread-5 (]: On test.chinook.unique_Playlist__PlaylistId_.6bc6f41a44: Close
[0m14:36:53.056402 [debug] [Thread-5 (]: Databricks adapter: Connection(session-id=01f1a0b3-f0bd-128f-b42d-bace3a3a545d) - Closing
[0m14:36:53.188878 [info ] [Thread-5 (]: 29 of 30 PASS unique_Playlist__PlaylistId_ ..................................... [[32mPASS[0m in 0.70s]
[0m14:36:53.188878 [debug] [Thread-5 (]: Finished running node test.chinook.unique_Playlist__PlaylistId_.6bc6f41a44
[0m14:36:53.194917 [debug] [Thread-5 (]: Began running node test.chinook.unique_Track__TrackId_.fe4679734d
[0m14:36:53.195556 [info ] [Thread-5 (]: 30 of 30 START test unique_Track__TrackId_ ..................................... [RUN]
[0m14:36:53.195556 [debug] [Thread-5 (]: Databricks adapter: DatabricksDBTConnection(session-id=None, name=test.chinook.unique_Track__TrackId_.fe4679734d) - Creating connection
[0m14:36:53.195556 [debug] [Thread-5 (]: Acquiring new databricks connection 'test.chinook.unique_Track__TrackId_.fe4679734d'
[0m14:36:53.195556 [debug] [Thread-5 (]: Began compiling node test.chinook.unique_Track__TrackId_.fe4679734d
[0m14:36:53.200956 [debug] [Thread-5 (]: Writing injected SQL for node "test.chinook.unique_Track__TrackId_.fe4679734d"
[0m14:36:53.200956 [debug] [Thread-5 (]: Began executing node test.chinook.unique_Track__TrackId_.fe4679734d
[0m14:36:53.210721 [debug] [Thread-5 (]: Writing runtime sql for node "test.chinook.unique_Track__TrackId_.fe4679734d"
[0m14:36:53.210721 [debug] [Thread-5 (]: Using databricks connection "test.chinook.unique_Track__TrackId_.fe4679734d"
[0m14:36:53.210721 [debug] [Thread-5 (]: On test.chinook.unique_Track__TrackId_.fe4679734d: /* {"app": "dbt", "dbt_version": "1.11.2", "dbt_databricks_version": "1.12.4", "databricks_sql_connector_version": "4.1.3", "profile_name": "chinook", "target_name": "dev", "invocation_id": "81a905c2-80fa-47a4-935b-1455ce34662c", "node_id": "test.chinook.unique_Track__TrackId_.fe4679734d"} */

    select
      count(*) as failures,
      count(*) != 0 as should_warn,
      count(*) != 0 as should_error
    from (
      
    
  
    
    

select
    `TrackId` as unique_field,
    count(*) as n_records

from `uc_sql_server_central`.`data_raw`.`track01`
where `TrackId` is not null
group by `TrackId`
having count(*) > 1



  
  
      
    ) dbt_internal_test
[0m14:36:53.210721 [debug] [Thread-5 (]: Opening a new connection, currently in state init
[0m14:36:53.552877 [debug] [Thread-5 (]: Databricks adapter: Connection(session-id=01f1a0b3-f128-18db-a819-0cada4b96098) - Created
[0m14:36:53.778387 [debug] [Thread-5 (]: SQL status: OK in 0.550 seconds
[0m14:36:53.778387 [debug] [Thread-5 (]: Databricks adapter: Cursor(session-id=01f1a0b3-f128-18db-a819-0cada4b96098, command-id=01f1a0b3-f137-156f-a291-945d0b29e582) - Closing
[0m14:36:53.778387 [debug] [Thread-5 (]: On test.chinook.unique_Track__TrackId_.fe4679734d: Close
[0m14:36:53.778387 [debug] [Thread-5 (]: Databricks adapter: Connection(session-id=01f1a0b3-f128-18db-a819-0cada4b96098) - Closing
[0m14:36:53.895334 [info ] [Thread-5 (]: 30 of 30 PASS unique_Track__TrackId_ ........................................... [[32mPASS[0m in 0.70s]
[0m14:36:53.896625 [debug] [Thread-5 (]: Finished running node test.chinook.unique_Track__TrackId_.fe4679734d
[0m14:36:53.898635 [debug] [MainThread]: Databricks adapter: DatabricksDBTConnection(session-id=None, name=master) - Creating connection
[0m14:36:53.898635 [debug] [MainThread]: Acquiring new databricks connection 'master'
[0m14:36:53.899624 [info ] [MainThread]: 
[0m14:36:53.900624 [info ] [MainThread]: Finished running 30 data tests in 0 hours 0 minutes and 27.56 seconds (27.56s).
[0m14:36:53.906688 [debug] [MainThread]: Command end result
[0m14:36:53.995881 [debug] [MainThread]: Wrote artifact WritableManifest to C:\dbt-and-databricks\06-chinook-schema\target\manifest.json
[0m14:36:54.003316 [debug] [MainThread]: Wrote artifact SemanticManifest to C:\dbt-and-databricks\06-chinook-schema\target\semantic_manifest.json
[0m14:36:54.015785 [debug] [MainThread]: Wrote artifact RunExecutionResult to C:\dbt-and-databricks\06-chinook-schema\target\run_results.json
[0m14:36:54.015785 [info ] [MainThread]: 
[0m14:36:54.016784 [info ] [MainThread]: [32mCompleted successfully[0m
[0m14:36:54.017546 [info ] [MainThread]: 
[0m14:36:54.018553 [info ] [MainThread]: Done. PASS=30 WARN=0 ERROR=0 SKIP=0 NO-OP=0 TOTAL=30
[0m14:36:54.020127 [debug] [MainThread]: Command `dbt test` succeeded at 14:36:54.020127 after 37.90 seconds
[0m14:36:54.020879 [debug] [MainThread]: Sending event: {'category': 'dbt', 'action': 'invocation', 'label': 'end', 'context': [<snowplow_tracker.self_describing_json.SelfDescribingJson object at 0x000002D2068393A0>, <snowplow_tracker.self_describing_json.SelfDescribingJson object at 0x000002D2093556A0>, <snowplow_tracker.self_describing_json.SelfDescribingJson object at 0x000002D210736B70>]}
[0m14:36:54.021511 [debug] [MainThread]: Flushing usage events
[0m14:36:54.217758 [debug] [MainThread]: An error was encountered while trying to flush usage events
[0m11:06:48.490181 [debug] [MainThread]: Sending event: {'category': 'dbt', 'action': 'invocation', 'label': 'start', 'context': [<snowplow_tracker.self_describing_json.SelfDescribingJson object at 0x000002B271BEAB40>, <snowplow_tracker.self_describing_json.SelfDescribingJson object at 0x000002B271BEBE00>, <snowplow_tracker.self_describing_json.SelfDescribingJson object at 0x000002B271BEA960>]}


============================== 11:06:48.506284 | faacff75-c151-4147-9c7b-ee565582afe8 ==============================
[0m11:06:48.506284 [info ] [MainThread]: Running with dbt=1.11.2
[0m11:06:48.506284 [debug] [MainThread]: running dbt with arguments {'version_check': 'True', 'no_print': 'None', 'static_parser': 'True', 'warn_error_options': 'WarnErrorOptionsV2(error=[], warn=[], silence=[])', 'target_path': 'None', 'printer_width': '80', 'write_json': 'True', 'introspect': 'True', 'log_cache_events': 'False', 'empty': 'None', 'cache_selected_only': 'False', 'fail_fast': 'False', 'debug': 'False', 'log_format': 'default', 'partial_parse': 'True', 'send_anonymous_usage_stats': 'True', 'quiet': 'False', 'warn_error': 'None', 'profiles_dir': 'C:\\dbt-and-databricks\\06-chinook-schema', 'use_colors': 'True', 'indirect_selection': 'eager', 'invocation_command': 'dbt debug', 'use_experimental_parser': 'False', 'log_path': 'C:\\dbt-and-databricks\\06-chinook-schema\\logs'}
[0m11:06:48.601767 [info ] [MainThread]: dbt version: 1.11.2
[0m11:06:48.603782 [info ] [MainThread]: python version: 3.12.7
[0m11:06:48.605796 [info ] [MainThread]: python path: C:\ProgramData\anaconda3\python.exe
[0m11:06:48.605796 [info ] [MainThread]: os info: Windows-11-10.0.26200-SP0
[0m11:06:50.230238 [debug] [MainThread]: Spark adapter: Setting pyhive.hive logging to ERROR
[0m11:06:50.230238 [debug] [MainThread]: Spark adapter: Setting thrift.transport logging to ERROR
[0m11:06:50.230238 [debug] [MainThread]: Spark adapter: Setting thrift.protocol logging to ERROR
[0m11:06:52.079926 [info ] [MainThread]: Using profiles dir at C:\dbt-and-databricks\06-chinook-schema
[0m11:06:52.079926 [info ] [MainThread]: Using profiles.yml file at C:\dbt-and-databricks\06-chinook-schema\profiles.yml
[0m11:06:52.079926 [info ] [MainThread]: Using dbt_project.yml file at C:\dbt-and-databricks\06-chinook-schema\dbt_project.yml
[0m11:06:52.081937 [info ] [MainThread]: adapter type: databricks
[0m11:06:52.081937 [info ] [MainThread]: adapter version: 1.12.4
[0m11:06:52.165278 [info ] [MainThread]: Configuration:
[0m11:06:52.165278 [info ] [MainThread]:   profiles.yml file [[32mOK found and valid[0m]
[0m11:06:52.165278 [info ] [MainThread]:   dbt_project.yml file [[32mOK found and valid[0m]
[0m11:06:52.165278 [info ] [MainThread]: Required dependencies:
[0m11:06:52.165278 [debug] [MainThread]: Executing "git --help"
[0m11:06:52.249582 [debug] [MainThread]: STDOUT: "b"usage: git [-v | --version] [-h | --help] [-C <path>] [-c <name>=<value>]\n           [--exec-path[=<path>]] [--html-path] [--man-path] [--info-path]\n           [-p | --paginate | -P | --no-pager] [--no-replace-objects] [--no-lazy-fetch]\n           [--no-optional-locks] [--no-advice] [--bare] [--git-dir=<path>]\n           [--work-tree=<path>] [--namespace=<name>] [--config-env=<name>=<envvar>]\n           <command> [<args>]\n\nThese are common Git commands used in various situations:\n\nstart a working area (see also: git help tutorial)\n   clone      Clone a repository into a new directory\n   init       Create an empty Git repository or reinitialize an existing one\n\nwork on the current change (see also: git help everyday)\n   add        Add file contents to the index\n   mv         Move or rename a file, a directory, or a symlink\n   restore    Restore working tree files\n   rm         Remove files from the working tree and from the index\n\nexamine the history and state (see also: git help revisions)\n   bisect     Use binary search to find the commit that introduced a bug\n   diff       Show changes between commits, commit and working tree, etc\n   grep       Print lines matching a pattern\n   log        Show commit logs\n   show       Show various types of objects\n   status     Show the working tree status\n\ngrow, mark and tweak your common history\n   backfill   Download missing objects in a partial clone\n   branch     List, create, or delete branches\n   commit     Record changes to the repository\n   history    EXPERIMENTAL: Rewrite history\n   merge      Join two or more development histories together\n   rebase     Reapply commits on top of another base tip\n   reset      Set `HEAD` or the index to a known state\n   switch     Switch branches\n   tag        Create, list, delete or verify tags\n\ncollaborate (see also: git help workflows)\n   fetch      Download objects and refs from another repository\n   pull       Fetch from and integrate with another repository or a local branch\n   push       Update remote refs along with associated objects\n\n'git help -a' and 'git help -g' list available subcommands and some\nconcept guides. See 'git help <command>' or 'git help <concept>'\nto read about a specific subcommand or concept.\nSee 'git help git' for an overview of the system.\n""
[0m11:06:52.249582 [debug] [MainThread]: STDERR: "b''"
[0m11:06:52.249582 [info ] [MainThread]:  - git [[32mOK found[0m]

[0m11:06:52.261174 [info ] [MainThread]: Connection:
[0m11:06:52.261174 [info ] [MainThread]:   host: adb-623884071162434.14.azuredatabricks.net
[0m11:06:52.261174 [info ] [MainThread]:   http_path: /sql/1.0/warehouses/63b928162beeab21
[0m11:06:52.261174 [info ] [MainThread]:   catalog: uc_sql_server_central
[0m11:06:52.261174 [info ] [MainThread]:   schema: data
[0m11:06:52.261174 [info ] [MainThread]: Registered adapter: databricks=1.12.4
[0m11:06:52.619385 [debug] [MainThread]: Databricks adapter: DatabricksDBTConnection(session-id=None, name=debug) - Creating connection
[0m11:06:52.619385 [debug] [MainThread]: Acquiring new databricks connection 'debug'
[0m11:06:52.850221 [info ] [MainThread]: Databricks adapter:   SPOG host (host_type='workspace'): no
[0m11:06:52.852245 [info ] [MainThread]: Databricks adapter:   workspace_id (from ?o= in http_path): None
[0m11:06:52.852245 [info ] [MainThread]: Databricks adapter:   databricks-sql-connector version: 4.1.3 (NOT supported (>= 4.2.6 required for SPOG))
[0m11:06:52.852245 [info ] [MainThread]: Databricks adapter:   databricks-sdk version: 0.77.0 (supported)
[0m11:06:52.854264 [debug] [MainThread]: Using databricks connection "debug"
[0m11:06:52.854264 [debug] [MainThread]: On debug: select 1 as id
[0m11:06:52.854264 [debug] [MainThread]: Opening a new connection, currently in state init
[0m11:06:53.206781 [debug] [MainThread]: Databricks adapter: Connection(session-id=01f1a15f-c514-1098-bf6b-9c073b7d6c4a) - Created
[0m11:06:53.563998 [debug] [MainThread]: SQL status: OK in 0.710 seconds
[0m11:06:53.563998 [debug] [MainThread]: Databricks adapter: Cursor(session-id=01f1a15f-c514-1098-bf6b-9c073b7d6c4a, command-id=01f1a15f-c527-1e8d-b2ff-d77d06f285d3) - Closing
[0m11:06:53.563998 [debug] [MainThread]: On debug: Close
[0m11:06:53.563998 [debug] [MainThread]: Databricks adapter: Connection(session-id=01f1a15f-c514-1098-bf6b-9c073b7d6c4a) - Closing
[0m11:06:53.676966 [info ] [MainThread]:   Connection test: [[32mOK connection ok[0m]

[0m11:06:53.678320 [info ] [MainThread]: [32mAll checks passed![0m
[0m11:06:53.681670 [debug] [MainThread]: Command `dbt debug` succeeded at 11:06:53.681670 after 5.79 seconds
[0m11:06:53.683135 [debug] [MainThread]: Sending event: {'category': 'dbt', 'action': 'invocation', 'label': 'end', 'context': [<snowplow_tracker.self_describing_json.SelfDescribingJson object at 0x000002B271EDB170>, <snowplow_tracker.self_describing_json.SelfDescribingJson object at 0x000002B2777DE1B0>, <snowplow_tracker.self_describing_json.SelfDescribingJson object at 0x000002B2777DEAB0>]}
[0m11:06:53.684277 [debug] [MainThread]: Flushing usage events
[0m11:06:53.913324 [debug] [MainThread]: An error was encountered while trying to flush usage events
[0m13:31:59.771796 [debug] [MainThread]: Sending event: {'category': 'dbt', 'action': 'invocation', 'label': 'start', 'context': [<snowplow_tracker.self_describing_json.SelfDescribingJson object at 0x0000012F742200B0>, <snowplow_tracker.self_describing_json.SelfDescribingJson object at 0x0000012F76D1BEC0>, <snowplow_tracker.self_describing_json.SelfDescribingJson object at 0x0000012F76D1BE60>]}


============================== 13:31:59.802534 | 2e62fc00-4722-466a-a021-c02943e2e905 ==============================
[0m13:31:59.802534 [info ] [MainThread]: Running with dbt=1.11.2
[0m13:31:59.804535 [debug] [MainThread]: running dbt with arguments {'static_parser': 'True', 'no_print': 'None', 'version_check': 'True', 'target_path': 'None', 'warn_error_options': 'WarnErrorOptionsV2(error=[], warn=[], silence=[])', 'printer_width': '80', 'write_json': 'True', 'empty': 'False', 'log_cache_events': 'False', 'introspect': 'True', 'cache_selected_only': 'False', 'fail_fast': 'False', 'debug': 'False', 'log_format': 'default', 'profiles_dir': 'C:\\dbt-and-databricks\\06-chinook-schema', 'send_anonymous_usage_stats': 'True', 'quiet': 'False', 'warn_error': 'None', 'partial_parse': 'True', 'indirect_selection': 'eager', 'use_colors': 'True', 'invocation_command': 'dbt build', 'use_experimental_parser': 'False', 'log_path': 'C:\\dbt-and-databricks\\06-chinook-schema\\logs'}
[0m13:32:05.417454 [debug] [MainThread]: Spark adapter: Setting pyhive.hive logging to ERROR
[0m13:32:05.418453 [debug] [MainThread]: Spark adapter: Setting thrift.transport logging to ERROR
[0m13:32:05.418453 [debug] [MainThread]: Spark adapter: Setting thrift.protocol logging to ERROR
[0m13:32:12.270654 [debug] [MainThread]: Sending event: {'category': 'dbt', 'action': 'project_id', 'label': '2e62fc00-4722-466a-a021-c02943e2e905', 'context': [<snowplow_tracker.self_describing_json.SelfDescribingJson object at 0x0000012F7CCFE900>]}
[0m13:32:12.476971 [debug] [MainThread]: Sending event: {'category': 'dbt', 'action': 'adapter_info', 'label': '2e62fc00-4722-466a-a021-c02943e2e905', 'context': [<snowplow_tracker.self_describing_json.SelfDescribingJson object at 0x0000012F7C07FDA0>]}
[0m13:32:12.477968 [info ] [MainThread]: Registered adapter: databricks=1.12.4
[0m13:32:14.789591 [debug] [MainThread]: checksum: 3d40d8bbe1bef07db1c24822f2dbfff8bc07f2a48ed4fe2658a40653aec0b54b, vars: {}, profile: , target: , version: 1.11.2
[0m13:32:20.526320 [debug] [MainThread]: Partial parsing enabled: 0 files deleted, 0 files added, 0 files changed.
[0m13:32:20.527312 [debug] [MainThread]: Nothing changed, skipping partial parsing.
[0m13:32:20.528310 [debug] [MainThread]: Partial parsing enabled, no changes found, skipping parsing
[0m13:32:20.650520 [debug] [MainThread]: Sending event: {'category': 'dbt', 'action': 'load_project', 'label': '2e62fc00-4722-466a-a021-c02943e2e905', 'context': [<snowplow_tracker.self_describing_json.SelfDescribingJson object at 0x0000012F7CAF2D50>]}
[0m13:32:20.901373 [debug] [MainThread]: Wrote artifact WritableManifest to C:\dbt-and-databricks\06-chinook-schema\target\manifest.json
[0m13:32:20.908534 [debug] [MainThread]: Wrote artifact SemanticManifest to C:\dbt-and-databricks\06-chinook-schema\target\semantic_manifest.json
[0m13:32:21.022623 [debug] [MainThread]: Sending event: {'category': 'dbt', 'action': 'resource_counts', 'label': '2e62fc00-4722-466a-a021-c02943e2e905', 'context': [<snowplow_tracker.self_describing_json.SelfDescribingJson object at 0x0000012F7E43F5C0>]}
[0m13:32:21.023621 [info ] [MainThread]: Found 10 models, 8 snapshots, 11 seeds, 30 data tests, 1064 macros
[0m13:32:21.031654 [info ] [MainThread]: 
[0m13:32:21.033894 [info ] [MainThread]: Concurrency: 1 threads (target='dev')
[0m13:32:21.035419 [info ] [MainThread]: 
[0m13:32:21.037425 [debug] [MainThread]: Databricks adapter: DatabricksDBTConnection(session-id=None, name=master) - Creating connection
[0m13:32:21.038425 [debug] [MainThread]: Acquiring new databricks connection 'master'
[0m13:32:21.055790 [debug] [ThreadPool]: Databricks adapter: DatabricksDBTConnection(session-id=None, name=list_uc_sql_server_central) - Creating connection
[0m13:32:21.056799 [debug] [ThreadPool]: Acquiring new databricks connection 'list_uc_sql_server_central'
[0m13:32:21.078823 [debug] [ThreadPool]: Using databricks connection "list_uc_sql_server_central"
[0m13:32:21.079833 [debug] [ThreadPool]: On list_uc_sql_server_central: /* {"app": "dbt", "dbt_version": "1.11.2", "dbt_databricks_version": "1.12.4", "databricks_sql_connector_version": "4.1.3", "profile_name": "chinook", "target_name": "dev", "invocation_id": "2e62fc00-4722-466a-a021-c02943e2e905", "connection_name": "list_uc_sql_server_central"} */

    

  SHOW SCHEMAS IN `uc_sql_server_central`


  
[0m13:32:21.079833 [debug] [ThreadPool]: Opening a new connection, currently in state init
[0m13:32:21.844703 [debug] [ThreadPool]: Databricks adapter: Connection(session-id=01f1a23d-4212-12ba-805f-4e10a6e5138c) - Created
[0m13:32:29.044690 [debug] [ThreadPool]: SQL status: OK in 7.960 seconds
[0m13:32:29.068370 [debug] [ThreadPool]: Databricks adapter: Cursor(session-id=01f1a23d-4212-12ba-805f-4e10a6e5138c, command-id=01f1a23d-4228-1e71-8f8f-9b0fd836824b) - Closing
[0m13:32:29.207369 [debug] [ThreadPool]: On list_uc_sql_server_central: Close
[0m13:32:29.208373 [debug] [ThreadPool]: Databricks adapter: Connection(session-id=01f1a23d-4212-12ba-805f-4e10a6e5138c) - Closing
[0m13:32:29.299666 [debug] [ThreadPool]: Databricks adapter: DatabricksDBTConnection(session-id=None, name=list_uc_sql_server_central) - Creating connection
[0m13:32:29.301552 [debug] [ThreadPool]: Acquiring new databricks connection 'list_uc_sql_server_central'
[0m13:32:29.318297 [debug] [ThreadPool]: Using databricks connection "list_uc_sql_server_central"
[0m13:32:29.320926 [debug] [ThreadPool]: On list_uc_sql_server_central: /* {"app": "dbt", "dbt_version": "1.11.2", "dbt_databricks_version": "1.12.4", "databricks_sql_connector_version": "4.1.3", "profile_name": "chinook", "target_name": "dev", "invocation_id": "2e62fc00-4722-466a-a021-c02943e2e905", "connection_name": "list_uc_sql_server_central"} */

    

  SHOW SCHEMAS IN `uc_sql_server_central`


  
[0m13:32:29.322962 [debug] [ThreadPool]: Opening a new connection, currently in state init
[0m13:32:29.813687 [debug] [ThreadPool]: Databricks adapter: Connection(session-id=01f1a23d-46d9-171e-a9f0-ea476f35df15) - Created
[0m13:32:30.576509 [debug] [ThreadPool]: SQL status: OK in 1.250 seconds
[0m13:32:30.583085 [debug] [ThreadPool]: Databricks adapter: Cursor(session-id=01f1a23d-46d9-171e-a9f0-ea476f35df15, command-id=01f1a23d-46ed-14d1-88a7-8e91c19a0499) - Closing
[0m13:32:30.587296 [debug] [ThreadPool]: On list_uc_sql_server_central: Close
[0m13:32:30.590923 [debug] [ThreadPool]: Databricks adapter: Connection(session-id=01f1a23d-46d9-171e-a9f0-ea476f35df15) - Closing
[0m13:32:30.714672 [debug] [ThreadPool]: Databricks adapter: DatabricksDBTConnection(session-id=None, name=list_uc_sql_server_central) - Creating connection
[0m13:32:30.716701 [debug] [ThreadPool]: Acquiring new databricks connection 'list_uc_sql_server_central'
[0m13:32:30.728653 [debug] [ThreadPool]: Using databricks connection "list_uc_sql_server_central"
[0m13:32:30.730684 [debug] [ThreadPool]: On list_uc_sql_server_central: /* {"app": "dbt", "dbt_version": "1.11.2", "dbt_databricks_version": "1.12.4", "databricks_sql_connector_version": "4.1.3", "profile_name": "chinook", "target_name": "dev", "invocation_id": "2e62fc00-4722-466a-a021-c02943e2e905", "connection_name": "list_uc_sql_server_central"} */

    

  SHOW SCHEMAS IN `uc_sql_server_central`


  
[0m13:32:30.733770 [debug] [ThreadPool]: Opening a new connection, currently in state init
[0m13:32:31.117319 [debug] [ThreadPool]: Databricks adapter: Connection(session-id=01f1a23d-479f-1c47-a433-6dda10f27742) - Created
[0m13:32:31.561781 [debug] [ThreadPool]: SQL status: OK in 0.830 seconds
[0m13:32:31.567417 [debug] [ThreadPool]: Databricks adapter: Cursor(session-id=01f1a23d-479f-1c47-a433-6dda10f27742, command-id=01f1a23d-47b1-168a-9217-77ba19bafafd) - Closing
[0m13:32:31.568411 [debug] [ThreadPool]: On list_uc_sql_server_central: Close
[0m13:32:31.570990 [debug] [ThreadPool]: Databricks adapter: Connection(session-id=01f1a23d-479f-1c47-a433-6dda10f27742) - Closing
[0m13:32:31.723531 [debug] [ThreadPool]: Databricks adapter: DatabricksDBTConnection(session-id=None, name=list_uc_sql_server_central) - Creating connection
[0m13:32:31.762921 [debug] [ThreadPool]: Acquiring new databricks connection 'list_uc_sql_server_central'
[0m13:32:31.793729 [debug] [ThreadPool]: Using databricks connection "list_uc_sql_server_central"
[0m13:32:31.795237 [debug] [ThreadPool]: On list_uc_sql_server_central: /* {"app": "dbt", "dbt_version": "1.11.2", "dbt_databricks_version": "1.12.4", "databricks_sql_connector_version": "4.1.3", "profile_name": "chinook", "target_name": "dev", "invocation_id": "2e62fc00-4722-466a-a021-c02943e2e905", "connection_name": "list_uc_sql_server_central"} */

    

  SHOW SCHEMAS IN `uc_sql_server_central`


  
[0m13:32:31.797254 [debug] [ThreadPool]: Opening a new connection, currently in state init
[0m13:32:32.313040 [debug] [ThreadPool]: Databricks adapter: Connection(session-id=01f1a23d-4854-1a2c-9ac7-72af8f342ed7) - Created
[0m13:32:32.669341 [debug] [ThreadPool]: SQL status: OK in 0.870 seconds
[0m13:32:32.676902 [debug] [ThreadPool]: Databricks adapter: Cursor(session-id=01f1a23d-4854-1a2c-9ac7-72af8f342ed7, command-id=01f1a23d-4867-1f58-9d36-369709d3a960) - Closing
[0m13:32:32.678893 [debug] [ThreadPool]: On list_uc_sql_server_central: Close
[0m13:32:32.680901 [debug] [ThreadPool]: Databricks adapter: Connection(session-id=01f1a23d-4854-1a2c-9ac7-72af8f342ed7) - Closing
[0m13:32:32.787266 [debug] [ThreadPool]: Databricks adapter: DatabricksDBTConnection(session-id=None, name=create_uc_sql_server_central_data_snapshot) - Creating connection
[0m13:32:32.790240 [debug] [ThreadPool]: Acquiring new databricks connection 'create_uc_sql_server_central_data_snapshot'
[0m13:32:32.793234 [debug] [ThreadPool]: Creating schema "database: "uc_sql_server_central"
schema: "data_snapshot"
"
[0m13:32:32.821524 [debug] [ThreadPool]: Using databricks connection "create_uc_sql_server_central_data_snapshot"
[0m13:32:32.822516 [debug] [ThreadPool]: On create_uc_sql_server_central_data_snapshot: /* {"app": "dbt", "dbt_version": "1.11.2", "dbt_databricks_version": "1.12.4", "databricks_sql_connector_version": "4.1.3", "profile_name": "chinook", "target_name": "dev", "invocation_id": "2e62fc00-4722-466a-a021-c02943e2e905", "connection_name": "create_uc_sql_server_central_data_snapshot"} */
create schema if not exists `uc_sql_server_central`.`data_snapshot`
  
[0m13:32:32.823513 [debug] [ThreadPool]: Opening a new connection, currently in state init
[0m13:32:33.514889 [debug] [ThreadPool]: Databricks adapter: Connection(session-id=01f1a23d-490f-138b-b9cb-5e41bc480336) - Created
[0m13:32:34.274541 [debug] [ThreadPool]: SQL status: OK in 1.450 seconds
[0m13:32:34.276072 [debug] [ThreadPool]: Databricks adapter: Cursor(session-id=01f1a23d-490f-138b-b9cb-5e41bc480336, command-id=01f1a23d-491f-10d5-9869-3eca75bd5e40) - Closing
[0m13:32:34.276072 [debug] [ThreadPool]: On create_uc_sql_server_central_data_snapshot: Close
[0m13:32:34.277080 [debug] [ThreadPool]: Databricks adapter: Connection(session-id=01f1a23d-490f-138b-b9cb-5e41bc480336) - Closing
[0m13:32:34.369468 [debug] [ThreadPool]: Databricks adapter: DatabricksDBTConnection(session-id=None, name=create_uc_sql_server_central_data_mart) - Creating connection
[0m13:32:34.371010 [debug] [ThreadPool]: Acquiring new databricks connection 'create_uc_sql_server_central_data_mart'
[0m13:32:34.373006 [debug] [ThreadPool]: Creating schema "database: "uc_sql_server_central"
schema: "data_mart"
"
[0m13:32:34.397797 [debug] [ThreadPool]: Using databricks connection "create_uc_sql_server_central_data_mart"
[0m13:32:34.399817 [debug] [ThreadPool]: On create_uc_sql_server_central_data_mart: /* {"app": "dbt", "dbt_version": "1.11.2", "dbt_databricks_version": "1.12.4", "databricks_sql_connector_version": "4.1.3", "profile_name": "chinook", "target_name": "dev", "invocation_id": "2e62fc00-4722-466a-a021-c02943e2e905", "connection_name": "create_uc_sql_server_central_data_mart"} */
create schema if not exists `uc_sql_server_central`.`data_mart`
  
[0m13:32:34.401305 [debug] [ThreadPool]: Opening a new connection, currently in state init
[0m13:32:34.814897 [debug] [ThreadPool]: Databricks adapter: Connection(session-id=01f1a23d-49d5-118b-91a5-7c648863b744) - Created
[0m13:32:35.357238 [debug] [ThreadPool]: SQL status: OK in 0.960 seconds
[0m13:32:35.359750 [debug] [ThreadPool]: Databricks adapter: Cursor(session-id=01f1a23d-49d5-118b-91a5-7c648863b744, command-id=01f1a23d-49e4-1875-baee-f7b434f3146e) - Closing
[0m13:32:35.361276 [debug] [ThreadPool]: On create_uc_sql_server_central_data_mart: Close
[0m13:32:35.362289 [debug] [ThreadPool]: Databricks adapter: Connection(session-id=01f1a23d-49d5-118b-91a5-7c648863b744) - Closing
[0m13:32:35.458128 [debug] [ThreadPool]: Databricks adapter: DatabricksDBTConnection(session-id=None, name=create_uc_sql_server_central_data_stage) - Creating connection
[0m13:32:35.460189 [debug] [ThreadPool]: Acquiring new databricks connection 'create_uc_sql_server_central_data_stage'
[0m13:32:35.463184 [debug] [ThreadPool]: Creating schema "database: "uc_sql_server_central"
schema: "data_stage"
"
[0m13:32:35.472752 [debug] [ThreadPool]: Using databricks connection "create_uc_sql_server_central_data_stage"
[0m13:32:35.473752 [debug] [ThreadPool]: On create_uc_sql_server_central_data_stage: /* {"app": "dbt", "dbt_version": "1.11.2", "dbt_databricks_version": "1.12.4", "databricks_sql_connector_version": "4.1.3", "profile_name": "chinook", "target_name": "dev", "invocation_id": "2e62fc00-4722-466a-a021-c02943e2e905", "connection_name": "create_uc_sql_server_central_data_stage"} */
create schema if not exists `uc_sql_server_central`.`data_stage`
  
[0m13:32:35.476303 [debug] [ThreadPool]: Opening a new connection, currently in state init
[0m13:32:35.910765 [debug] [ThreadPool]: Databricks adapter: Connection(session-id=01f1a23d-4a7f-1781-ad51-c69d79dc93d9) - Created
[0m13:32:36.469492 [debug] [ThreadPool]: SQL status: OK in 0.990 seconds
[0m13:32:36.472510 [debug] [ThreadPool]: Databricks adapter: Cursor(session-id=01f1a23d-4a7f-1781-ad51-c69d79dc93d9, command-id=01f1a23d-4a8b-1ae6-a659-2064a6ef82b4) - Closing
[0m13:32:36.473513 [debug] [ThreadPool]: On create_uc_sql_server_central_data_stage: Close
[0m13:32:36.476076 [debug] [ThreadPool]: Databricks adapter: Connection(session-id=01f1a23d-4a7f-1781-ad51-c69d79dc93d9) - Closing
[0m13:32:36.595005 [debug] [ThreadPool]: Databricks adapter: DatabricksDBTConnection(session-id=None, name=create_uc_sql_server_central_data_raw) - Creating connection
[0m13:32:36.598029 [debug] [ThreadPool]: Acquiring new databricks connection 'create_uc_sql_server_central_data_raw'
[0m13:32:36.602620 [debug] [ThreadPool]: Creating schema "database: "uc_sql_server_central"
schema: "data_raw"
"
[0m13:32:36.623039 [debug] [ThreadPool]: Using databricks connection "create_uc_sql_server_central_data_raw"
[0m13:32:36.625589 [debug] [ThreadPool]: On create_uc_sql_server_central_data_raw: /* {"app": "dbt", "dbt_version": "1.11.2", "dbt_databricks_version": "1.12.4", "databricks_sql_connector_version": "4.1.3", "profile_name": "chinook", "target_name": "dev", "invocation_id": "2e62fc00-4722-466a-a021-c02943e2e905", "connection_name": "create_uc_sql_server_central_data_raw"} */
create schema if not exists `uc_sql_server_central`.`data_raw`
  
[0m13:32:36.627613 [debug] [ThreadPool]: Opening a new connection, currently in state init
[0m13:32:37.326469 [debug] [ThreadPool]: Databricks adapter: Connection(session-id=01f1a23d-4b57-170b-b931-9f1d47c067d0) - Created
[0m13:32:37.919575 [debug] [ThreadPool]: SQL status: OK in 1.290 seconds
[0m13:32:37.925113 [debug] [ThreadPool]: Databricks adapter: Cursor(session-id=01f1a23d-4b57-170b-b931-9f1d47c067d0, command-id=01f1a23d-4b63-198c-bec2-649260c9f29d) - Closing
[0m13:32:37.927150 [debug] [ThreadPool]: On create_uc_sql_server_central_data_raw: Close
[0m13:32:37.928149 [debug] [ThreadPool]: Databricks adapter: Connection(session-id=01f1a23d-4b57-170b-b931-9f1d47c067d0) - Closing
[0m13:32:38.052525 [debug] [ThreadPool]: Databricks adapter: DatabricksDBTConnection(session-id=None, name=list_uc_sql_server_central_data_snapshot) - Creating connection
[0m13:32:38.054519 [debug] [ThreadPool]: Acquiring new databricks connection 'list_uc_sql_server_central_data_snapshot'
[0m13:32:38.068300 [debug] [ThreadPool]: Using databricks connection "list_uc_sql_server_central_data_snapshot"
[0m13:32:38.068300 [debug] [ThreadPool]: On list_uc_sql_server_central_data_snapshot: /* {"app": "dbt", "dbt_version": "1.11.2", "dbt_databricks_version": "1.12.4", "databricks_sql_connector_version": "4.1.3", "profile_name": "chinook", "target_name": "dev", "invocation_id": "2e62fc00-4722-466a-a021-c02943e2e905", "connection_name": "list_uc_sql_server_central_data_snapshot"} */

    
SELECT
  table_name,
  if(table_type IN ('EXTERNAL', 'MANAGED', 'MANAGED_SHALLOW_CLONE', 'EXTERNAL_SHALLOW_CLONE'), 'table', lower(table_type)) AS table_type,
  lower(data_source_format) AS file_format,
  table_owner,
  if(
    table_type IN (
      'EXTERNAL',
      'MANAGED',
      'MANAGED_SHALLOW_CLONE',
      'EXTERNAL_SHALLOW_CLONE'
    ),
    lower(table_type),
    NULL
  ) AS databricks_table_type
FROM `system`.`information_schema`.`tables`
WHERE table_catalog = 'uc_sql_server_central'
  AND table_schema = 'data_snapshot'

  
[0m13:32:38.069816 [debug] [ThreadPool]: Opening a new connection, currently in state init
[0m13:32:38.558759 [debug] [ThreadPool]: Databricks adapter: Connection(session-id=01f1a23d-4c13-157b-bfc0-dfdd870d79ca) - Created
[0m13:32:39.812689 [debug] [ThreadPool]: SQL status: OK in 1.740 seconds
[0m13:32:39.831847 [debug] [ThreadPool]: Databricks adapter: Cursor(session-id=01f1a23d-4c13-157b-bfc0-dfdd870d79ca, command-id=01f1a23d-4c21-1278-89b3-9ed488ebdee8) - Closing
[0m13:32:39.833854 [debug] [ThreadPool]: On list_uc_sql_server_central_data_snapshot: Close
[0m13:32:39.836026 [debug] [ThreadPool]: Databricks adapter: Connection(session-id=01f1a23d-4c13-157b-bfc0-dfdd870d79ca) - Closing
[0m13:32:39.936955 [debug] [ThreadPool]: Databricks adapter: DatabricksDBTConnection(session-id=None, name=list_uc_sql_server_central_data_mart) - Creating connection
[0m13:32:39.939489 [debug] [ThreadPool]: Acquiring new databricks connection 'list_uc_sql_server_central_data_mart'
[0m13:32:39.960760 [debug] [ThreadPool]: Using databricks connection "list_uc_sql_server_central_data_mart"
[0m13:32:39.962754 [debug] [ThreadPool]: On list_uc_sql_server_central_data_mart: /* {"app": "dbt", "dbt_version": "1.11.2", "dbt_databricks_version": "1.12.4", "databricks_sql_connector_version": "4.1.3", "profile_name": "chinook", "target_name": "dev", "invocation_id": "2e62fc00-4722-466a-a021-c02943e2e905", "connection_name": "list_uc_sql_server_central_data_mart"} */

    
SELECT
  table_name,
  if(table_type IN ('EXTERNAL', 'MANAGED', 'MANAGED_SHALLOW_CLONE', 'EXTERNAL_SHALLOW_CLONE'), 'table', lower(table_type)) AS table_type,
  lower(data_source_format) AS file_format,
  table_owner,
  if(
    table_type IN (
      'EXTERNAL',
      'MANAGED',
      'MANAGED_SHALLOW_CLONE',
      'EXTERNAL_SHALLOW_CLONE'
    ),
    lower(table_type),
    NULL
  ) AS databricks_table_type
FROM `system`.`information_schema`.`tables`
WHERE table_catalog = 'uc_sql_server_central'
  AND table_schema = 'data_mart'

  
[0m13:32:39.963753 [debug] [ThreadPool]: Opening a new connection, currently in state init
[0m13:32:40.520828 [debug] [ThreadPool]: Databricks adapter: Connection(session-id=01f1a23d-4d3e-142e-94be-710747443de5) - Created
[0m13:32:41.038247 [debug] [ThreadPool]: SQL status: OK in 1.070 seconds
[0m13:32:41.046957 [debug] [ThreadPool]: Databricks adapter: Cursor(session-id=01f1a23d-4d3e-142e-94be-710747443de5, command-id=01f1a23d-4d4c-14df-b3c6-2571f8fc48ae) - Closing
[0m13:32:41.050549 [debug] [ThreadPool]: On list_uc_sql_server_central_data_mart: Close
[0m13:32:41.052546 [debug] [ThreadPool]: Databricks adapter: Connection(session-id=01f1a23d-4d3e-142e-94be-710747443de5) - Closing
[0m13:32:41.157552 [debug] [ThreadPool]: Databricks adapter: DatabricksDBTConnection(session-id=None, name=list_uc_sql_server_central_data_stage) - Creating connection
[0m13:32:41.158552 [debug] [ThreadPool]: Acquiring new databricks connection 'list_uc_sql_server_central_data_stage'
[0m13:32:41.164722 [debug] [ThreadPool]: Using databricks connection "list_uc_sql_server_central_data_stage"
[0m13:32:41.165735 [debug] [ThreadPool]: On list_uc_sql_server_central_data_stage: /* {"app": "dbt", "dbt_version": "1.11.2", "dbt_databricks_version": "1.12.4", "databricks_sql_connector_version": "4.1.3", "profile_name": "chinook", "target_name": "dev", "invocation_id": "2e62fc00-4722-466a-a021-c02943e2e905", "connection_name": "list_uc_sql_server_central_data_stage"} */

    
SELECT
  table_name,
  if(table_type IN ('EXTERNAL', 'MANAGED', 'MANAGED_SHALLOW_CLONE', 'EXTERNAL_SHALLOW_CLONE'), 'table', lower(table_type)) AS table_type,
  lower(data_source_format) AS file_format,
  table_owner,
  if(
    table_type IN (
      'EXTERNAL',
      'MANAGED',
      'MANAGED_SHALLOW_CLONE',
      'EXTERNAL_SHALLOW_CLONE'
    ),
    lower(table_type),
    NULL
  ) AS databricks_table_type
FROM `system`.`information_schema`.`tables`
WHERE table_catalog = 'uc_sql_server_central'
  AND table_schema = 'data_stage'

  
[0m13:32:41.166749 [debug] [ThreadPool]: Opening a new connection, currently in state init
[0m13:32:41.499742 [debug] [ThreadPool]: Databricks adapter: Connection(session-id=01f1a23d-4dd4-19a3-8d8b-9861b5ea97b0) - Created
[0m13:32:41.969699 [debug] [ThreadPool]: SQL status: OK in 0.800 seconds
[0m13:32:41.977630 [debug] [ThreadPool]: Databricks adapter: Cursor(session-id=01f1a23d-4dd4-19a3-8d8b-9861b5ea97b0, command-id=01f1a23d-4ddf-19a7-8788-6cc60037eddb) - Closing
[0m13:32:41.981113 [debug] [ThreadPool]: On list_uc_sql_server_central_data_stage: Close
[0m13:32:41.983111 [debug] [ThreadPool]: Databricks adapter: Connection(session-id=01f1a23d-4dd4-19a3-8d8b-9861b5ea97b0) - Closing
[0m13:32:42.082659 [debug] [ThreadPool]: Databricks adapter: DatabricksDBTConnection(session-id=None, name=list_uc_sql_server_central_data_raw) - Creating connection
[0m13:32:42.085211 [debug] [ThreadPool]: Acquiring new databricks connection 'list_uc_sql_server_central_data_raw'
[0m13:32:42.111531 [debug] [ThreadPool]: Using databricks connection "list_uc_sql_server_central_data_raw"
[0m13:32:42.113235 [debug] [ThreadPool]: On list_uc_sql_server_central_data_raw: /* {"app": "dbt", "dbt_version": "1.11.2", "dbt_databricks_version": "1.12.4", "databricks_sql_connector_version": "4.1.3", "profile_name": "chinook", "target_name": "dev", "invocation_id": "2e62fc00-4722-466a-a021-c02943e2e905", "connection_name": "list_uc_sql_server_central_data_raw"} */

    
SELECT
  table_name,
  if(table_type IN ('EXTERNAL', 'MANAGED', 'MANAGED_SHALLOW_CLONE', 'EXTERNAL_SHALLOW_CLONE'), 'table', lower(table_type)) AS table_type,
  lower(data_source_format) AS file_format,
  table_owner,
  if(
    table_type IN (
      'EXTERNAL',
      'MANAGED',
      'MANAGED_SHALLOW_CLONE',
      'EXTERNAL_SHALLOW_CLONE'
    ),
    lower(table_type),
    NULL
  ) AS databricks_table_type
FROM `system`.`information_schema`.`tables`
WHERE table_catalog = 'uc_sql_server_central'
  AND table_schema = 'data_raw'

  
[0m13:32:42.114835 [debug] [ThreadPool]: Opening a new connection, currently in state init
[0m13:32:42.447065 [debug] [ThreadPool]: Databricks adapter: Connection(session-id=01f1a23d-4e61-1bd6-a770-5e8093089d42) - Created
[0m13:32:42.926210 [debug] [ThreadPool]: SQL status: OK in 0.810 seconds
[0m13:32:42.931897 [debug] [ThreadPool]: Databricks adapter: Cursor(session-id=01f1a23d-4e61-1bd6-a770-5e8093089d42, command-id=01f1a23d-4e72-14f9-a7e7-6e7c1a5a5588) - Closing
[0m13:32:42.933902 [debug] [ThreadPool]: On list_uc_sql_server_central_data_raw: Close
[0m13:32:42.934882 [debug] [ThreadPool]: Databricks adapter: Connection(session-id=01f1a23d-4e61-1bd6-a770-5e8093089d42) - Closing
[0m13:32:43.029834 [debug] [MainThread]: Sending event: {'category': 'dbt', 'action': 'runnable_timing', 'label': '2e62fc00-4722-466a-a021-c02943e2e905', 'context': [<snowplow_tracker.self_describing_json.SelfDescribingJson object at 0x0000012F7E03A240>]}
[0m13:32:43.044621 [debug] [Thread-13 ]: Began running node model.chinook.Dates02
[0m13:32:43.045981 [info ] [Thread-13 ]: 1 of 59 START sql table model data_stage.dates02 ............................... [RUN]
[0m13:32:43.049579 [debug] [Thread-13 ]: Databricks adapter: DatabricksDBTConnection(session-id=None, name=model.chinook.Dates02) - Creating connection
[0m13:32:43.051602 [debug] [Thread-13 ]: Acquiring new databricks connection 'model.chinook.Dates02'
[0m13:32:43.053623 [debug] [Thread-13 ]: Began compiling node model.chinook.Dates02
[0m13:32:43.136828 [debug] [Thread-13 ]: Using databricks connection "model.chinook.Dates02"
[0m13:32:43.138849 [debug] [Thread-13 ]: On model.chinook.Dates02: /* {"app": "dbt", "dbt_version": "1.11.2", "dbt_databricks_version": "1.12.4", "databricks_sql_connector_version": "4.1.3", "profile_name": "chinook", "target_name": "dev", "invocation_id": "2e62fc00-4722-466a-a021-c02943e2e905", "node_id": "model.chinook.Dates02"} */


        select timestampdiff(day, date_trunc('day', CAST('2015-01-01' AS DATE)), date_trunc('day', CAST('2045-01-01' AS DATE)))
[0m13:32:43.139874 [debug] [Thread-13 ]: Opening a new connection, currently in state init
[0m13:32:43.499798 [debug] [Thread-13 ]: Databricks adapter: Connection(session-id=01f1a23d-4f04-1a2c-8060-727eb177cfea) - Created
[0m13:32:45.004966 [debug] [Thread-13 ]: SQL status: OK in 1.870 seconds
[0m13:32:45.018248 [debug] [Thread-13 ]: Databricks adapter: Cursor(session-id=01f1a23d-4f04-1a2c-8060-727eb177cfea, command-id=01f1a23d-4f11-19f4-a19d-257d66566a43) - Closing
[0m13:32:45.053604 [debug] [Thread-13 ]: Writing injected SQL for node "model.chinook.Dates02"
[0m13:32:45.056700 [debug] [Thread-13 ]: Began executing node model.chinook.Dates02
[0m13:32:45.094767 [debug] [Thread-13 ]: MATERIALIZING TABLE
[0m13:32:45.134618 [debug] [Thread-13 ]: Using databricks connection "model.chinook.Dates02"
[0m13:32:45.134618 [debug] [Thread-13 ]: On model.chinook.Dates02: /* {"app": "dbt", "dbt_version": "1.11.2", "dbt_databricks_version": "1.12.4", "databricks_sql_connector_version": "4.1.3", "profile_name": "chinook", "target_name": "dev", "invocation_id": "2e62fc00-4722-466a-a021-c02943e2e905", "node_id": "model.chinook.Dates02"} */
SELECT
    table_catalog,
    table_schema,
    table_name,
    filter_name,
    target_columns
  FROM `uc_sql_server_central`.`information_schema`.`row_filters`
  WHERE table_catalog = 'uc_sql_server_central'
    AND table_schema = 'data_stage'
    AND table_name = 'dates02'
[0m13:32:45.759690 [debug] [Thread-13 ]: SQL status: OK in 0.620 seconds
[0m13:32:45.766827 [debug] [Thread-13 ]: Databricks adapter: Cursor(session-id=01f1a23d-4f04-1a2c-8060-727eb177cfea, command-id=01f1a23d-500d-13e5-9962-b878a3dc0d0c) - Closing
[0m13:32:45.834895 [debug] [Thread-13 ]: Writing runtime sql for node "model.chinook.Dates02"
[0m13:32:45.834895 [debug] [Thread-13 ]: Using databricks connection "model.chinook.Dates02"
[0m13:32:45.834895 [debug] [Thread-13 ]: On model.chinook.Dates02: /* {"app": "dbt", "dbt_version": "1.11.2", "dbt_databricks_version": "1.12.4", "databricks_sql_connector_version": "4.1.3", "profile_name": "chinook", "target_name": "dev", "invocation_id": "2e62fc00-4722-466a-a021-c02943e2e905", "node_id": "model.chinook.Dates02"} */

  
    
        create or replace table `uc_sql_server_central`.`data_stage`.`dates02`
      
      
    using delta
  
      
      
      
      
      
      
      
      
      as
      WITH date_spine AS (
  





with rawdata as (

    

    

    with p as (
        select 0 as generated_number union all select 1
    ), unioned as (

    select

    
    p0.generated_number * power(2, 0)
     + 
    
    p1.generated_number * power(2, 1)
     + 
    
    p2.generated_number * power(2, 2)
     + 
    
    p3.generated_number * power(2, 3)
     + 
    
    p4.generated_number * power(2, 4)
     + 
    
    p5.generated_number * power(2, 5)
     + 
    
    p6.generated_number * power(2, 6)
     + 
    
    p7.generated_number * power(2, 7)
     + 
    
    p8.generated_number * power(2, 8)
     + 
    
    p9.generated_number * power(2, 9)
     + 
    
    p10.generated_number * power(2, 10)
     + 
    
    p11.generated_number * power(2, 11)
     + 
    
    p12.generated_number * power(2, 12)
     + 
    
    p13.generated_number * power(2, 13)
    
    
    + 1
    as generated_number

    from

    
    p as p0
     cross join 
    
    p as p1
     cross join 
    
    p as p2
     cross join 
    
    p as p3
     cross join 
    
    p as p4
     cross join 
    
    p as p5
     cross join 
    
    p as p6
     cross join 
    
    p as p7
     cross join 
    
    p as p8
     cross join 
    
    p as p9
     cross join 
    
    p as p10
     cross join 
    
    p as p11
     cross join 
    
    p as p12
     cross join 
    
    p as p13
    
    

    )

    select *
    from unioned
    where generated_number <= 10958
    order by generated_number



),

all_periods as (

    select (
        timestampadd(day, row_number() over (order by generated_number) - 1, CAST('2015-01-01' AS DATE))
    ) as date_day
    from rawdata

),

filtered as (

    select *
    from all_periods
    where date_day <= CAST('2045-01-01' AS DATE)

)

select * from filtered


),

-- Add other date attributes
date_details AS (
  SELECT
    timestampdiff(day, date_trunc('day', date_day), date_trunc('day', '2015-01-01')) AS DateId,
    cast("date_day" as timestamp) AS DateValue,
    date_part('year', date_day) AS CalendarYear,
    date_part('month', date_day) AS CalendarMonth,
    date_part('day', date_day) AS CalendarDay
  FROM
    date_spine
)

SELECT
  *
FROM
  date_details
  
[0m13:32:56.523156 [debug] [Thread-13 ]: SQL status: OK in 10.690 seconds
[0m13:32:56.527693 [debug] [Thread-13 ]: Databricks adapter: Cursor(session-id=01f1a23d-4f04-1a2c-8060-727eb177cfea, command-id=01f1a23d-5077-11d7-90f4-7f34e15335bd) - Closing
[0m13:32:56.707356 [debug] [Thread-13 ]: Applying tags to relation None
[0m13:32:56.787351 [debug] [Thread-13 ]: On model.chinook.Dates02: Close
[0m13:32:56.788344 [debug] [Thread-13 ]: Databricks adapter: Connection(session-id=01f1a23d-4f04-1a2c-8060-727eb177cfea) - Closing
[0m13:32:56.891959 [debug] [Thread-13 ]: Sending event: {'category': 'dbt', 'action': 'run_model', 'label': '2e62fc00-4722-466a-a021-c02943e2e905', 'context': [<snowplow_tracker.self_describing_json.SelfDescribingJson object at 0x0000012F7CA8DE80>]}
[0m13:32:56.896087 [info ] [Thread-13 ]: 1 of 59 OK created sql table model data_stage.dates02 .......................... [[32mOK[0m in 13.83s]
[0m13:32:56.902112 [debug] [Thread-13 ]: Finished running node model.chinook.Dates02
[0m13:32:56.906252 [debug] [Thread-13 ]: Began running node seed.chinook.Album
[0m13:32:56.910848 [info ] [Thread-13 ]: 2 of 59 START seed file data_raw.album01 ....................................... [RUN]
[0m13:32:56.919869 [debug] [Thread-13 ]: Databricks adapter: DatabricksDBTConnection(session-id=None, name=seed.chinook.Album) - Creating connection
[0m13:32:56.923418 [debug] [Thread-13 ]: Acquiring new databricks connection 'seed.chinook.Album'
[0m13:32:56.927389 [debug] [Thread-13 ]: Began compiling node seed.chinook.Album
[0m13:32:56.930967 [debug] [Thread-13 ]: Began executing node seed.chinook.Album
[0m13:32:57.152839 [debug] [Thread-13 ]: Using databricks connection "seed.chinook.Album"
[0m13:32:57.156398 [debug] [Thread-13 ]: On seed.chinook.Album: /* {"app": "dbt", "dbt_version": "1.11.2", "dbt_databricks_version": "1.12.4", "databricks_sql_connector_version": "4.1.3", "profile_name": "chinook", "target_name": "dev", "invocation_id": "2e62fc00-4722-466a-a021-c02943e2e905", "node_id": "seed.chinook.Album"} */

    create  table `uc_sql_server_central`.`data_raw`.`album01` (`AlbumId` bigint ,`Title` string ,`ArtistId` bigint )
    
    using delta
  
    
    
    
    
    
  
[0m13:32:57.158415 [debug] [Thread-13 ]: Opening a new connection, currently in state init
[0m13:32:57.817576 [debug] [Thread-13 ]: Databricks adapter: Connection(session-id=01f1a23d-578d-12ce-ad56-30ec3d1afc19) - Created
[0m13:32:59.278071 [debug] [Thread-13 ]: SQL status: OK in 2.120 seconds
[0m13:32:59.279579 [debug] [Thread-13 ]: Databricks adapter: Cursor(session-id=01f1a23d-578d-12ce-ad56-30ec3d1afc19, command-id=01f1a23d-579b-1677-8dc4-dffcbc0f042b) - Closing
[0m13:32:59.407962 [debug] [Thread-13 ]: Using databricks connection "seed.chinook.Album"
[0m13:32:59.407962 [debug] [Thread-13 ]: On seed.chinook.Album: 
          insert overwrite `uc_sql_server_central`.`data_raw`.`album01` values
          (%s,%s,%s),(%s,%s,%s),(%s,%s,%s),(%s,%s,%s),(%s,%s,%s),(%s,%s,%s),(%s,%s,%s),(%s,%s,%s),(%s,%s,%s),(%s,%s,%s),(%s,%s,%s),(%s,%s,%s),(%s,%s,%s),(%s,%s,%s),(%s,%s,%s),(%s,%s,%s),(%s,%s,%s),(%s,%s,%s),(%s,%s,%s),(%s,%s,%s),(%s,%s,%s),(%s,%s,%s),(%s,%s,%s),(%s,%s,%s),(%s,%s,%s),(%s,%s,%s),(%s,%s,%s),(%s,%s,%s),(%s,%s,%s),(%s,%s,%s),(%s,%s,%s),(%s,%s,%s),(%s,%s,%s),(%s,%s,%s),(%s,%s,%s),(%s,%s,%s),(%s,%s,%s),(%s,%s,%s),(%s,...
[0m13:33:01.202945 [debug] [Thread-13 ]: SQL status: OK in 1.790 seconds
[0m13:33:01.202945 [debug] [Thread-13 ]: Databricks adapter: Cursor(session-id=01f1a23d-578d-12ce-ad56-30ec3d1afc19, command-id=01f1a23d-588e-1414-97f3-7c96d08d0b2a) - Closing
[0m13:33:01.211089 [debug] [Thread-13 ]: Writing runtime SQL for node "seed.chinook.Album"
[0m13:33:01.220074 [debug] [Thread-13 ]: On seed.chinook.Album: Close
[0m13:33:01.221089 [debug] [Thread-13 ]: Databricks adapter: Connection(session-id=01f1a23d-578d-12ce-ad56-30ec3d1afc19) - Closing
[0m13:33:01.314957 [debug] [Thread-13 ]: Sending event: {'category': 'dbt', 'action': 'run_model', 'label': '2e62fc00-4722-466a-a021-c02943e2e905', 'context': [<snowplow_tracker.self_describing_json.SelfDescribingJson object at 0x0000012F742F03E0>]}
[0m13:33:01.316358 [info ] [Thread-13 ]: 2 of 59 OK loaded seed file data_raw.Album01 ................................... [[32mINSERT 347[0m in 4.40s]
[0m13:33:01.317330 [debug] [Thread-13 ]: Finished running node seed.chinook.Album
[0m13:33:01.317330 [debug] [Thread-13 ]: Began running node seed.chinook.Artist
[0m13:33:01.318330 [info ] [Thread-13 ]: 3 of 59 START seed file data_raw.artist01 ...................................... [RUN]
[0m13:33:01.319839 [debug] [Thread-13 ]: Databricks adapter: DatabricksDBTConnection(session-id=None, name=seed.chinook.Artist) - Creating connection
[0m13:33:01.320849 [debug] [Thread-13 ]: Acquiring new databricks connection 'seed.chinook.Artist'
[0m13:33:01.321355 [debug] [Thread-13 ]: Began compiling node seed.chinook.Artist
[0m13:33:01.321355 [debug] [Thread-13 ]: Began executing node seed.chinook.Artist
[0m13:33:01.334619 [debug] [Thread-13 ]: Using databricks connection "seed.chinook.Artist"
[0m13:33:01.335627 [debug] [Thread-13 ]: On seed.chinook.Artist: /* {"app": "dbt", "dbt_version": "1.11.2", "dbt_databricks_version": "1.12.4", "databricks_sql_connector_version": "4.1.3", "profile_name": "chinook", "target_name": "dev", "invocation_id": "2e62fc00-4722-466a-a021-c02943e2e905", "node_id": "seed.chinook.Artist"} */

    create  table `uc_sql_server_central`.`data_raw`.`artist01` (`ArtistId` bigint ,`Name` string )
    
    using delta
  
    
    
    
    
    
  
[0m13:33:01.336660 [debug] [Thread-13 ]: Opening a new connection, currently in state init
[0m13:33:01.899551 [debug] [Thread-13 ]: Databricks adapter: Connection(session-id=01f1a23d-59fd-1034-8551-2ba05f226107) - Created
[0m13:33:03.216165 [debug] [Thread-13 ]: SQL status: OK in 1.880 seconds
[0m13:33:03.220717 [debug] [Thread-13 ]: Databricks adapter: Cursor(session-id=01f1a23d-59fd-1034-8551-2ba05f226107, command-id=01f1a23d-5a09-1a4b-ba44-081b6e419f50) - Closing
[0m13:33:03.365359 [debug] [Thread-13 ]: Using databricks connection "seed.chinook.Artist"
[0m13:33:03.366366 [debug] [Thread-13 ]: On seed.chinook.Artist: 
          insert overwrite `uc_sql_server_central`.`data_raw`.`artist01` values
          (%s,%s),(%s,%s),(%s,%s),(%s,%s),(%s,%s),(%s,%s),(%s,%s),(%s,%s),(%s,%s),(%s,%s),(%s,%s),(%s,%s),(%s,%s),(%s,%s),(%s,%s),(%s,%s),(%s,%s),(%s,%s),(%s,%s),(%s,%s),(%s,%s),(%s,%s),(%s,%s),(%s,%s),(%s,%s),(%s,%s),(%s,%s),(%s,%s),(%s,%s),(%s,%s),(%s,%s),(%s,%s),(%s,%s),(%s,%s),(%s,%s),(%s,%s),(%s,%s),(%s,%s),(%s,%s),(%s,%s),(%s,%s),(%s,%s),(%s,%s),(%s,%s),(%s,%s),(%s,%s),(%s,%s),(%s,%s),(%s,%s),(%s,%s),(%s,%s),(%s,%s),(%s,%...
[0m13:33:04.591841 [debug] [Thread-13 ]: SQL status: OK in 1.220 seconds
[0m13:33:04.595368 [debug] [Thread-13 ]: Databricks adapter: Cursor(session-id=01f1a23d-59fd-1034-8551-2ba05f226107, command-id=01f1a23d-5ae9-13fa-9f83-7890adcadb8d) - Closing
[0m13:33:04.601997 [debug] [Thread-13 ]: Writing runtime SQL for node "seed.chinook.Artist"
[0m13:33:04.623855 [debug] [Thread-13 ]: On seed.chinook.Artist: Close
[0m13:33:04.625364 [debug] [Thread-13 ]: Databricks adapter: Connection(session-id=01f1a23d-59fd-1034-8551-2ba05f226107) - Closing
[0m13:33:04.753055 [debug] [Thread-13 ]: Sending event: {'category': 'dbt', 'action': 'run_model', 'label': '2e62fc00-4722-466a-a021-c02943e2e905', 'context': [<snowplow_tracker.self_describing_json.SelfDescribingJson object at 0x0000012F7E0509E0>]}
[0m13:33:04.756620 [info ] [Thread-13 ]: 3 of 59 OK loaded seed file data_raw.Artist01 .................................. [[32mINSERT 275[0m in 3.43s]
[0m13:33:04.760672 [debug] [Thread-13 ]: Finished running node seed.chinook.Artist
[0m13:33:04.763666 [debug] [Thread-13 ]: Began running node seed.chinook.Customer
[0m13:33:04.768299 [info ] [Thread-13 ]: 4 of 59 START seed file data_raw.customer01 .................................... [RUN]
[0m13:33:04.773882 [debug] [Thread-13 ]: Databricks adapter: DatabricksDBTConnection(session-id=None, name=seed.chinook.Customer) - Creating connection
[0m13:33:04.774876 [debug] [Thread-13 ]: Acquiring new databricks connection 'seed.chinook.Customer'
[0m13:33:04.779948 [debug] [Thread-13 ]: Began compiling node seed.chinook.Customer
[0m13:33:04.783004 [debug] [Thread-13 ]: Began executing node seed.chinook.Customer
[0m13:33:04.818324 [debug] [Thread-13 ]: Using databricks connection "seed.chinook.Customer"
[0m13:33:04.819832 [debug] [Thread-13 ]: On seed.chinook.Customer: /* {"app": "dbt", "dbt_version": "1.11.2", "dbt_databricks_version": "1.12.4", "databricks_sql_connector_version": "4.1.3", "profile_name": "chinook", "target_name": "dev", "invocation_id": "2e62fc00-4722-466a-a021-c02943e2e905", "node_id": "seed.chinook.Customer"} */

    create  table `uc_sql_server_central`.`data_raw`.`customer01` (`CustomerId` bigint ,`FirstName` string ,`LastName` string ,`Company` string ,`Address` string ,`City` string ,`State` string ,`Country` string ,`PostalCode` string ,`Phone` string ,`Fax` string ,`Email` string ,`SupportRepId` bigint )
    
    using delta
  
    
    
    
    
    
  
[0m13:33:04.819832 [debug] [Thread-13 ]: Opening a new connection, currently in state init
[0m13:33:05.264528 [debug] [Thread-13 ]: Databricks adapter: Connection(session-id=01f1a23d-5bfe-16d2-9de5-79eac3d028ae) - Created
[0m13:33:06.598096 [debug] [Thread-13 ]: SQL status: OK in 1.780 seconds
[0m13:33:06.605193 [debug] [Thread-13 ]: Databricks adapter: Cursor(session-id=01f1a23d-5bfe-16d2-9de5-79eac3d028ae, command-id=01f1a23d-5c0c-10d7-8924-671eb3fe7f1d) - Closing
[0m13:33:06.734524 [debug] [Thread-13 ]: Using databricks connection "seed.chinook.Customer"
[0m13:33:06.735030 [debug] [Thread-13 ]: On seed.chinook.Customer: 
          insert overwrite `uc_sql_server_central`.`data_raw`.`customer01` values
          (%s,%s,%s,%s,%s,%s,%s,%s,%s,%s,%s,%s,%s),(%s,%s,%s,%s,%s,%s,%s,%s,%s,%s,%s,%s,%s),(%s,%s,%s,%s,%s,%s,%s,%s,%s,%s,%s,%s,%s),(%s,%s,%s,%s,%s,%s,%s,%s,%s,%s,%s,%s,%s),(%s,%s,%s,%s,%s,%s,%s,%s,%s,%s,%s,%s,%s),(%s,%s,%s,%s,%s,%s,%s,%s,%s,%s,%s,%s,%s),(%s,%s,%s,%s,%s,%s,%s,%s,%s,%s,%s,%s,%s),(%s,%s,%s,%s,%s,%s,%s,%s,%s,%s,%s,%s,%s),(%s,%s,%s,%s,%s,%s,%s,%s,%s,%s,%s,%s,%s),(%s,%s,%s,%s,%s,%s,%s,%s,%s,%s,%s,%s,%s),(%s,%s,%s...
[0m13:33:08.289804 [debug] [Thread-13 ]: SQL status: OK in 1.550 seconds
[0m13:33:08.291833 [debug] [Thread-13 ]: Databricks adapter: Cursor(session-id=01f1a23d-5bfe-16d2-9de5-79eac3d028ae, command-id=01f1a23d-5ceb-1abd-9221-ca7adbbce6ed) - Closing
[0m13:33:08.293830 [debug] [Thread-13 ]: Writing runtime SQL for node "seed.chinook.Customer"
[0m13:33:08.305490 [debug] [Thread-13 ]: On seed.chinook.Customer: Close
[0m13:33:08.308489 [debug] [Thread-13 ]: Databricks adapter: Connection(session-id=01f1a23d-5bfe-16d2-9de5-79eac3d028ae) - Closing
[0m13:33:08.413603 [debug] [Thread-13 ]: Sending event: {'category': 'dbt', 'action': 'run_model', 'label': '2e62fc00-4722-466a-a021-c02943e2e905', 'context': [<snowplow_tracker.self_describing_json.SelfDescribingJson object at 0x0000012F7E77BC20>]}
[0m13:33:08.415209 [info ] [Thread-13 ]: 4 of 59 OK loaded seed file data_raw.Customer01 ................................ [[32mINSERT 59[0m in 3.64s]
[0m13:33:08.418243 [debug] [Thread-13 ]: Finished running node seed.chinook.Customer
[0m13:33:08.419762 [debug] [Thread-13 ]: Began running node seed.chinook.Employee
[0m13:33:08.422788 [info ] [Thread-13 ]: 5 of 59 START seed file data_raw.employee01 .................................... [RUN]
[0m13:33:08.426320 [debug] [Thread-13 ]: Databricks adapter: DatabricksDBTConnection(session-id=None, name=seed.chinook.Employee) - Creating connection
[0m13:33:08.427339 [debug] [Thread-13 ]: Acquiring new databricks connection 'seed.chinook.Employee'
[0m13:33:08.429862 [debug] [Thread-13 ]: Began compiling node seed.chinook.Employee
[0m13:33:08.431886 [debug] [Thread-13 ]: Began executing node seed.chinook.Employee
[0m13:33:08.463749 [debug] [Thread-13 ]: Using databricks connection "seed.chinook.Employee"
[0m13:33:08.466305 [debug] [Thread-13 ]: On seed.chinook.Employee: /* {"app": "dbt", "dbt_version": "1.11.2", "dbt_databricks_version": "1.12.4", "databricks_sql_connector_version": "4.1.3", "profile_name": "chinook", "target_name": "dev", "invocation_id": "2e62fc00-4722-466a-a021-c02943e2e905", "node_id": "seed.chinook.Employee"} */

    create  table `uc_sql_server_central`.`data_raw`.`employee01` (`EmployeeId` bigint ,`LastName` string ,`FirstName` string ,`Title` string ,`ReportsTo` bigint ,`BirthDate` string ,`HireDate` string ,`Address` string ,`City` string ,`State` string ,`Country` string ,`PostalCode` string ,`Phone` string ,`Fax` string ,`Email` string )
    
    using delta
  
    
    
    
    
    
  
[0m13:33:08.470378 [debug] [Thread-13 ]: Opening a new connection, currently in state init
[0m13:33:09.080565 [debug] [Thread-13 ]: Databricks adapter: Connection(session-id=01f1a23d-5e42-1e6b-9cbe-12ec28f55b88) - Created
[0m13:33:10.392718 [debug] [Thread-13 ]: SQL status: OK in 1.920 seconds
[0m13:33:10.396241 [debug] [Thread-13 ]: Databricks adapter: Cursor(session-id=01f1a23d-5e42-1e6b-9cbe-12ec28f55b88, command-id=01f1a23d-5e50-1b1c-97fe-6fc77d975aa0) - Closing
[0m13:33:10.428230 [debug] [Thread-13 ]: Using databricks connection "seed.chinook.Employee"
[0m13:33:10.429745 [debug] [Thread-13 ]: On seed.chinook.Employee: 
          insert overwrite `uc_sql_server_central`.`data_raw`.`employee01` values
          (%s,%s,%s,%s,%s,%s,%s,%s,%s,%s,%s,%s,%s,%s,%s),(%s,%s,%s,%s,%s,%s,%s,%s,%s,%s,%s,%s,%s,%s,%s),(%s,%s,%s,%s,%s,%s,%s,%s,%s,%s,%s,%s,%s,%s,%s),(%s,%s,%s,%s,%s,%s,%s,%s,%s,%s,%s,%s,%s,%s,%s),(%s,%s,%s,%s,%s,%s,%s,%s,%s,%s,%s,%s,%s,%s,%s),(%s,%s,%s,%s,%s,%s,%s,%s,%s,%s,%s,%s,%s,%s,%s),(%s,%s,%s,%s,%s,%s,%s,%s,%s,%s,%s,%s,%s,%s,%s),(%s,%s,%s,%s,%s,%s,%s,%s,%s,%s,%s,%s,%s,%s,%s)
      ...
[0m13:33:11.799942 [debug] [Thread-13 ]: SQL status: OK in 1.370 seconds
[0m13:33:11.800967 [debug] [Thread-13 ]: Databricks adapter: Cursor(session-id=01f1a23d-5e42-1e6b-9cbe-12ec28f55b88, command-id=01f1a23d-5f1e-1fdc-979e-201264017859) - Closing
[0m13:33:11.802966 [debug] [Thread-13 ]: Writing runtime SQL for node "seed.chinook.Employee"
[0m13:33:11.808502 [debug] [Thread-13 ]: On seed.chinook.Employee: Close
[0m13:33:11.810019 [debug] [Thread-13 ]: Databricks adapter: Connection(session-id=01f1a23d-5e42-1e6b-9cbe-12ec28f55b88) - Closing
[0m13:33:11.903666 [debug] [Thread-13 ]: Sending event: {'category': 'dbt', 'action': 'run_model', 'label': '2e62fc00-4722-466a-a021-c02943e2e905', 'context': [<snowplow_tracker.self_describing_json.SelfDescribingJson object at 0x0000012F7EB14050>]}
[0m13:33:11.905928 [info ] [Thread-13 ]: 5 of 59 OK loaded seed file data_raw.Employee01 ................................ [[32mINSERT 8[0m in 3.48s]
[0m13:33:11.909000 [debug] [Thread-13 ]: Finished running node seed.chinook.Employee
[0m13:33:11.910797 [debug] [Thread-13 ]: Began running node seed.chinook.Genre
[0m13:33:11.912476 [info ] [Thread-13 ]: 6 of 59 START seed file data_raw.genre01 ....................................... [RUN]
[0m13:33:11.916678 [debug] [Thread-13 ]: Databricks adapter: DatabricksDBTConnection(session-id=None, name=seed.chinook.Genre) - Creating connection
[0m13:33:11.918669 [debug] [Thread-13 ]: Acquiring new databricks connection 'seed.chinook.Genre'
[0m13:33:11.919667 [debug] [Thread-13 ]: Began compiling node seed.chinook.Genre
[0m13:33:11.920683 [debug] [Thread-13 ]: Began executing node seed.chinook.Genre
[0m13:33:11.935232 [debug] [Thread-13 ]: Using databricks connection "seed.chinook.Genre"
[0m13:33:11.936248 [debug] [Thread-13 ]: On seed.chinook.Genre: /* {"app": "dbt", "dbt_version": "1.11.2", "dbt_databricks_version": "1.12.4", "databricks_sql_connector_version": "4.1.3", "profile_name": "chinook", "target_name": "dev", "invocation_id": "2e62fc00-4722-466a-a021-c02943e2e905", "node_id": "seed.chinook.Genre"} */

    create  table `uc_sql_server_central`.`data_raw`.`genre01` (`GenreId` bigint ,`Name` string )
    
    using delta
  
    
    
    
    
    
  
[0m13:33:11.937246 [debug] [Thread-13 ]: Opening a new connection, currently in state init
[0m13:33:12.338360 [debug] [Thread-13 ]: Databricks adapter: Connection(session-id=01f1a23d-6031-1e8a-a0ad-f2384789116d) - Created
[0m13:33:13.878268 [debug] [Thread-13 ]: SQL status: OK in 1.940 seconds
[0m13:33:13.880797 [debug] [Thread-13 ]: Databricks adapter: Cursor(session-id=01f1a23d-6031-1e8a-a0ad-f2384789116d, command-id=01f1a23d-6043-1733-a851-41e054b1809c) - Closing
[0m13:33:13.890841 [debug] [Thread-13 ]: Using databricks connection "seed.chinook.Genre"
[0m13:33:13.891843 [debug] [Thread-13 ]: On seed.chinook.Genre: 
          insert overwrite `uc_sql_server_central`.`data_raw`.`genre01` values
          (%s,%s),(%s,%s),(%s,%s),(%s,%s),(%s,%s),(%s,%s),(%s,%s),(%s,%s),(%s,%s),(%s,%s),(%s,%s),(%s,%s),(%s,%s),(%s,%s),(%s,%s),(%s,%s),(%s,%s),(%s,%s),(%s,%s),(%s,%s),(%s,%s),(%s,%s),(%s,%s),(%s,%s),(%s,%s)
      ...
[0m13:33:14.968293 [debug] [Thread-13 ]: SQL status: OK in 1.080 seconds
[0m13:33:14.969811 [debug] [Thread-13 ]: Databricks adapter: Cursor(session-id=01f1a23d-6031-1e8a-a0ad-f2384789116d, command-id=01f1a23d-612e-150d-8b8d-b621084955d9) - Closing
[0m13:33:14.972837 [debug] [Thread-13 ]: Writing runtime SQL for node "seed.chinook.Genre"
[0m13:33:14.983428 [debug] [Thread-13 ]: On seed.chinook.Genre: Close
[0m13:33:14.984943 [debug] [Thread-13 ]: Databricks adapter: Connection(session-id=01f1a23d-6031-1e8a-a0ad-f2384789116d) - Closing
[0m13:33:15.084442 [debug] [Thread-13 ]: Sending event: {'category': 'dbt', 'action': 'run_model', 'label': '2e62fc00-4722-466a-a021-c02943e2e905', 'context': [<snowplow_tracker.self_describing_json.SelfDescribingJson object at 0x0000012F7EB22BA0>]}
[0m13:33:15.086471 [info ] [Thread-13 ]: 6 of 59 OK loaded seed file data_raw.Genre01 ................................... [[32mINSERT 25[0m in 3.17s]
[0m13:33:15.089984 [debug] [Thread-13 ]: Finished running node seed.chinook.Genre
[0m13:33:15.092005 [debug] [Thread-13 ]: Began running node seed.chinook.Invoice
[0m13:33:15.093004 [info ] [Thread-13 ]: 7 of 59 START seed file data_raw.invoice01 ..................................... [RUN]
[0m13:33:15.096543 [debug] [Thread-13 ]: Databricks adapter: DatabricksDBTConnection(session-id=None, name=seed.chinook.Invoice) - Creating connection
[0m13:33:15.098541 [debug] [Thread-13 ]: Acquiring new databricks connection 'seed.chinook.Invoice'
[0m13:33:15.100560 [debug] [Thread-13 ]: Began compiling node seed.chinook.Invoice
[0m13:33:15.103220 [debug] [Thread-13 ]: Began executing node seed.chinook.Invoice
[0m13:33:15.175870 [debug] [Thread-13 ]: Using databricks connection "seed.chinook.Invoice"
[0m13:33:15.177867 [debug] [Thread-13 ]: On seed.chinook.Invoice: /* {"app": "dbt", "dbt_version": "1.11.2", "dbt_databricks_version": "1.12.4", "databricks_sql_connector_version": "4.1.3", "profile_name": "chinook", "target_name": "dev", "invocation_id": "2e62fc00-4722-466a-a021-c02943e2e905", "node_id": "seed.chinook.Invoice"} */

    create  table `uc_sql_server_central`.`data_raw`.`invoice01` (`InvoiceId` bigint ,`CustomerId` bigint ,`InvoiceDate` string ,`BillingAddress` string ,`BillingCity` string ,`BillingState` string ,`BillingCountry` string ,`BillingPostalCode` string ,`Total` double )
    
    using delta
  
    
    
    
    
    
  
[0m13:33:15.179887 [debug] [Thread-13 ]: Opening a new connection, currently in state init
[0m13:33:15.618755 [debug] [Thread-13 ]: Databricks adapter: Connection(session-id=01f1a23d-6229-1204-86c0-24644a89e4ad) - Created
[0m13:33:16.907696 [debug] [Thread-13 ]: SQL status: OK in 1.730 seconds
[0m13:33:16.911719 [debug] [Thread-13 ]: Databricks adapter: Cursor(session-id=01f1a23d-6229-1204-86c0-24644a89e4ad, command-id=01f1a23d-6236-1cbe-add8-6fbaccbc06ad) - Closing
[0m13:33:17.487106 [debug] [Thread-13 ]: Using databricks connection "seed.chinook.Invoice"
[0m13:33:17.487106 [debug] [Thread-13 ]: On seed.chinook.Invoice: 
          insert overwrite `uc_sql_server_central`.`data_raw`.`invoice01` values
          (%s,%s,%s,%s,%s,%s,%s,%s,%s),(%s,%s,%s,%s,%s,%s,%s,%s,%s),(%s,%s,%s,%s,%s,%s,%s,%s,%s),(%s,%s,%s,%s,%s,%s,%s,%s,%s),(%s,%s,%s,%s,%s,%s,%s,%s,%s),(%s,%s,%s,%s,%s,%s,%s,%s,%s),(%s,%s,%s,%s,%s,%s,%s,%s,%s),(%s,%s,%s,%s,%s,%s,%s,%s,%s),(%s,%s,%s,%s,%s,%s,%s,%s,%s),(%s,%s,%s,%s,%s,%s,%s,%s,%s),(%s,%s,%s,%s,%s,%s,%s,%s,%s),(%s,%s,%s,%s,%s,%s,%s,%s,%s),(%s,%s,%s,%s,%s,%s,%s,%s,%s),(%s,%s,%s,%s,%s,%s,%s,%s,%s),(%s,%s,%s,%s,%...
[0m13:33:19.333567 [debug] [Thread-13 ]: SQL status: OK in 1.850 seconds
[0m13:33:19.336100 [debug] [Thread-13 ]: Databricks adapter: Cursor(session-id=01f1a23d-6229-1204-86c0-24644a89e4ad, command-id=01f1a23d-6362-140d-a889-e1981abe3892) - Closing
[0m13:33:19.339653 [debug] [Thread-13 ]: Writing runtime SQL for node "seed.chinook.Invoice"
[0m13:33:19.353276 [debug] [Thread-13 ]: On seed.chinook.Invoice: Close
[0m13:33:19.355835 [debug] [Thread-13 ]: Databricks adapter: Connection(session-id=01f1a23d-6229-1204-86c0-24644a89e4ad) - Closing
[0m13:33:19.459866 [debug] [Thread-13 ]: Sending event: {'category': 'dbt', 'action': 'run_model', 'label': '2e62fc00-4722-466a-a021-c02943e2e905', 'context': [<snowplow_tracker.self_describing_json.SelfDescribingJson object at 0x0000012F7EB222D0>]}
[0m13:33:19.460885 [info ] [Thread-13 ]: 7 of 59 OK loaded seed file data_raw.Invoice01 ................................. [[32mINSERT 412[0m in 4.36s]
[0m13:33:19.461888 [debug] [Thread-13 ]: Finished running node seed.chinook.Invoice
[0m13:33:19.462887 [debug] [Thread-13 ]: Began running node seed.chinook.InvoiceLine
[0m13:33:19.463879 [info ] [Thread-13 ]: 8 of 59 START seed file data_raw.invoiceline01 ................................. [RUN]
[0m13:33:19.464880 [debug] [Thread-13 ]: Databricks adapter: DatabricksDBTConnection(session-id=None, name=seed.chinook.InvoiceLine) - Creating connection
[0m13:33:19.465385 [debug] [Thread-13 ]: Acquiring new databricks connection 'seed.chinook.InvoiceLine'
[0m13:33:19.466395 [debug] [Thread-13 ]: Began compiling node seed.chinook.InvoiceLine
[0m13:33:19.467404 [debug] [Thread-13 ]: Began executing node seed.chinook.InvoiceLine
[0m13:33:19.580001 [debug] [Thread-13 ]: Using databricks connection "seed.chinook.InvoiceLine"
[0m13:33:19.581009 [debug] [Thread-13 ]: On seed.chinook.InvoiceLine: /* {"app": "dbt", "dbt_version": "1.11.2", "dbt_databricks_version": "1.12.4", "databricks_sql_connector_version": "4.1.3", "profile_name": "chinook", "target_name": "dev", "invocation_id": "2e62fc00-4722-466a-a021-c02943e2e905", "node_id": "seed.chinook.InvoiceLine"} */

    create  table `uc_sql_server_central`.`data_raw`.`invoiceline01` (`InvoiceLineId` bigint ,`InvoiceId` bigint ,`TrackId` bigint ,`UnitPrice` double ,`Quantity` bigint )
    
    using delta
  
    
    
    
    
    
  
[0m13:33:19.581009 [debug] [Thread-13 ]: Opening a new connection, currently in state init
[0m13:33:19.969624 [debug] [Thread-13 ]: Databricks adapter: Connection(session-id=01f1a23d-64c1-1ad2-b40a-16502447d072) - Created
[0m13:33:21.390603 [debug] [Thread-13 ]: SQL status: OK in 1.810 seconds
[0m13:33:21.396172 [debug] [Thread-13 ]: Databricks adapter: Cursor(session-id=01f1a23d-64c1-1ad2-b40a-16502447d072, command-id=01f1a23d-64ce-19e1-8f36-ef2deb8866f3) - Closing
[0m13:33:22.662849 [debug] [Thread-13 ]: Using databricks connection "seed.chinook.InvoiceLine"
[0m13:33:22.664358 [debug] [Thread-13 ]: On seed.chinook.InvoiceLine: 
          insert overwrite `uc_sql_server_central`.`data_raw`.`invoiceline01` values
          (%s,%s,%s,%s,%s),(%s,%s,%s,%s,%s),(%s,%s,%s,%s,%s),(%s,%s,%s,%s,%s),(%s,%s,%s,%s,%s),(%s,%s,%s,%s,%s),(%s,%s,%s,%s,%s),(%s,%s,%s,%s,%s),(%s,%s,%s,%s,%s),(%s,%s,%s,%s,%s),(%s,%s,%s,%s,%s),(%s,%s,%s,%s,%s),(%s,%s,%s,%s,%s),(%s,%s,%s,%s,%s),(%s,%s,%s,%s,%s),(%s,%s,%s,%s,%s),(%s,%s,%s,%s,%s),(%s,%s,%s,%s,%s),(%s,%s,%s,%s,%s),(%s,%s,%s,%s,%s),(%s,%s,%s,%s,%s),(%s,%s,%s,%s,%s),(%s,%s,%s,%s,%s),(%s,%s,%s,%s,%s),(%s,%s,%...
[0m13:33:24.550802 [debug] [Thread-13 ]: SQL status: OK in 1.890 seconds
[0m13:33:24.552797 [debug] [Thread-13 ]: Databricks adapter: Cursor(session-id=01f1a23d-64c1-1ad2-b40a-16502447d072, command-id=01f1a23d-666f-1b73-98cd-feb3672a86da) - Closing
[0m13:33:24.555351 [debug] [Thread-13 ]: Writing runtime SQL for node "seed.chinook.InvoiceLine"
[0m13:33:24.562942 [debug] [Thread-13 ]: On seed.chinook.InvoiceLine: Close
[0m13:33:24.565814 [debug] [Thread-13 ]: Databricks adapter: Connection(session-id=01f1a23d-64c1-1ad2-b40a-16502447d072) - Closing
[0m13:33:24.661954 [debug] [Thread-13 ]: Sending event: {'category': 'dbt', 'action': 'run_model', 'label': '2e62fc00-4722-466a-a021-c02943e2e905', 'context': [<snowplow_tracker.self_describing_json.SelfDescribingJson object at 0x0000012F7EBB7860>]}
[0m13:33:24.664464 [info ] [Thread-13 ]: 8 of 59 OK loaded seed file data_raw.InvoiceLine01 ............................. [[32mINSERT 2240[0m in 5.20s]
[0m13:33:24.667488 [debug] [Thread-13 ]: Finished running node seed.chinook.InvoiceLine
[0m13:33:24.670511 [debug] [Thread-13 ]: Began running node seed.chinook.MediaType
[0m13:33:24.672520 [info ] [Thread-13 ]: 9 of 59 START seed file data_raw.mediatype01 ................................... [RUN]
[0m13:33:24.678065 [debug] [Thread-13 ]: Databricks adapter: DatabricksDBTConnection(session-id=None, name=seed.chinook.MediaType) - Creating connection
[0m13:33:24.680630 [debug] [Thread-13 ]: Acquiring new databricks connection 'seed.chinook.MediaType'
[0m13:33:24.682628 [debug] [Thread-13 ]: Began compiling node seed.chinook.MediaType
[0m13:33:24.685704 [debug] [Thread-13 ]: Began executing node seed.chinook.MediaType
[0m13:33:24.717981 [debug] [Thread-13 ]: Using databricks connection "seed.chinook.MediaType"
[0m13:33:24.720526 [debug] [Thread-13 ]: On seed.chinook.MediaType: /* {"app": "dbt", "dbt_version": "1.11.2", "dbt_databricks_version": "1.12.4", "databricks_sql_connector_version": "4.1.3", "profile_name": "chinook", "target_name": "dev", "invocation_id": "2e62fc00-4722-466a-a021-c02943e2e905", "node_id": "seed.chinook.MediaType"} */

    create  table `uc_sql_server_central`.`data_raw`.`mediatype01` (`MediaTypeId` bigint ,`Name` string )
    
    using delta
  
    
    
    
    
    
  
[0m13:33:24.721521 [debug] [Thread-13 ]: Opening a new connection, currently in state init
[0m13:33:25.230849 [debug] [Thread-13 ]: Databricks adapter: Connection(session-id=01f1a23d-67e5-1507-a564-f59271eb0d1d) - Created
[0m13:33:26.539807 [debug] [Thread-13 ]: SQL status: OK in 1.820 seconds
[0m13:33:26.544909 [debug] [Thread-13 ]: Databricks adapter: Cursor(session-id=01f1a23d-67e5-1507-a564-f59271eb0d1d, command-id=01f1a23d-67f0-1bd2-9c8f-3260047dacf0) - Closing
[0m13:33:26.554667 [debug] [Thread-13 ]: Using databricks connection "seed.chinook.MediaType"
[0m13:33:26.556741 [debug] [Thread-13 ]: On seed.chinook.MediaType: 
          insert overwrite `uc_sql_server_central`.`data_raw`.`mediatype01` values
          (%s,%s),(%s,%s),(%s,%s),(%s,%s),(%s,%s)
      ...
[0m13:33:27.533025 [debug] [Thread-13 ]: SQL status: OK in 0.970 seconds
[0m13:33:27.534540 [debug] [Thread-13 ]: Databricks adapter: Cursor(session-id=01f1a23d-67e5-1507-a564-f59271eb0d1d, command-id=01f1a23d-68bb-193f-a987-1987c5f58079) - Closing
[0m13:33:27.539679 [debug] [Thread-13 ]: Writing runtime SQL for node "seed.chinook.MediaType"
[0m13:33:27.547716 [debug] [Thread-13 ]: On seed.chinook.MediaType: Close
[0m13:33:27.547716 [debug] [Thread-13 ]: Databricks adapter: Connection(session-id=01f1a23d-67e5-1507-a564-f59271eb0d1d) - Closing
[0m13:33:27.647823 [debug] [Thread-13 ]: Sending event: {'category': 'dbt', 'action': 'run_model', 'label': '2e62fc00-4722-466a-a021-c02943e2e905', 'context': [<snowplow_tracker.self_describing_json.SelfDescribingJson object at 0x0000012F7ECB2A20>]}
[0m13:33:27.651393 [info ] [Thread-13 ]: 9 of 59 OK loaded seed file data_raw.MediaType01 ............................... [[32mINSERT 5[0m in 2.97s]
[0m13:33:27.656569 [debug] [Thread-13 ]: Finished running node seed.chinook.MediaType
[0m13:33:27.659614 [debug] [Thread-13 ]: Began running node seed.chinook.Playlist
[0m13:33:27.663651 [info ] [Thread-13 ]: 10 of 59 START seed file data_raw.playlist01 ................................... [RUN]
[0m13:33:27.666857 [debug] [Thread-13 ]: Databricks adapter: DatabricksDBTConnection(session-id=None, name=seed.chinook.Playlist) - Creating connection
[0m13:33:27.668882 [debug] [Thread-13 ]: Acquiring new databricks connection 'seed.chinook.Playlist'
[0m13:33:27.670893 [debug] [Thread-13 ]: Began compiling node seed.chinook.Playlist
[0m13:33:27.670893 [debug] [Thread-13 ]: Began executing node seed.chinook.Playlist
[0m13:33:27.691794 [debug] [Thread-13 ]: Using databricks connection "seed.chinook.Playlist"
[0m13:33:27.693809 [debug] [Thread-13 ]: On seed.chinook.Playlist: /* {"app": "dbt", "dbt_version": "1.11.2", "dbt_databricks_version": "1.12.4", "databricks_sql_connector_version": "4.1.3", "profile_name": "chinook", "target_name": "dev", "invocation_id": "2e62fc00-4722-466a-a021-c02943e2e905", "node_id": "seed.chinook.Playlist"} */

    create  table `uc_sql_server_central`.`data_raw`.`playlist01` (`PlaylistId` bigint ,`Name` string )
    
    using delta
  
    
    
    
    
    
  
[0m13:33:27.694822 [debug] [Thread-13 ]: Opening a new connection, currently in state init
[0m13:33:28.190371 [debug] [Thread-13 ]: Databricks adapter: Connection(session-id=01f1a23d-69a4-19cb-a989-3d178b24077a) - Created
[0m13:33:29.671521 [debug] [Thread-13 ]: SQL status: OK in 1.980 seconds
[0m13:33:29.678749 [debug] [Thread-13 ]: Databricks adapter: Cursor(session-id=01f1a23d-69a4-19cb-a989-3d178b24077a, command-id=01f1a23d-69b6-1442-afa2-b01ca6b6fe00) - Closing
[0m13:33:29.699563 [debug] [Thread-13 ]: Using databricks connection "seed.chinook.Playlist"
[0m13:33:29.703628 [debug] [Thread-13 ]: On seed.chinook.Playlist: 
          insert overwrite `uc_sql_server_central`.`data_raw`.`playlist01` values
          (%s,%s),(%s,%s),(%s,%s),(%s,%s),(%s,%s),(%s,%s),(%s,%s),(%s,%s),(%s,%s),(%s,%s),(%s,%s),(%s,%s),(%s,%s),(%s,%s),(%s,%s),(%s,%s),(%s,%s),(%s,%s)
      ...
[0m13:33:30.739531 [debug] [Thread-13 ]: SQL status: OK in 1.030 seconds
[0m13:33:30.744842 [debug] [Thread-13 ]: Databricks adapter: Cursor(session-id=01f1a23d-69a4-19cb-a989-3d178b24077a, command-id=01f1a23d-6a9e-15c5-ab2d-ba70ce653a2c) - Closing
[0m13:33:30.749546 [debug] [Thread-13 ]: Writing runtime SQL for node "seed.chinook.Playlist"
[0m13:33:30.766921 [debug] [Thread-13 ]: On seed.chinook.Playlist: Close
[0m13:33:30.768946 [debug] [Thread-13 ]: Databricks adapter: Connection(session-id=01f1a23d-69a4-19cb-a989-3d178b24077a) - Closing
[0m13:33:30.869633 [debug] [Thread-13 ]: Sending event: {'category': 'dbt', 'action': 'run_model', 'label': '2e62fc00-4722-466a-a021-c02943e2e905', 'context': [<snowplow_tracker.self_describing_json.SelfDescribingJson object at 0x0000012F7EE938C0>]}
[0m13:33:30.869633 [info ] [Thread-13 ]: 10 of 59 OK loaded seed file data_raw.Playlist01 ............................... [[32mINSERT 18[0m in 3.20s]
[0m13:33:30.874445 [debug] [Thread-13 ]: Finished running node seed.chinook.Playlist
[0m13:33:30.874445 [debug] [Thread-13 ]: Began running node seed.chinook.PlaylistTrack
[0m13:33:30.877519 [info ] [Thread-13 ]: 11 of 59 START seed file data_raw.playlisttrack01 .............................. [RUN]
[0m13:33:30.881558 [debug] [Thread-13 ]: Databricks adapter: DatabricksDBTConnection(session-id=None, name=seed.chinook.PlaylistTrack) - Creating connection
[0m13:33:30.883575 [debug] [Thread-13 ]: Acquiring new databricks connection 'seed.chinook.PlaylistTrack'
[0m13:33:30.884591 [debug] [Thread-13 ]: Began compiling node seed.chinook.PlaylistTrack
[0m13:33:30.886776 [debug] [Thread-13 ]: Began executing node seed.chinook.PlaylistTrack
[0m13:33:31.306735 [debug] [Thread-13 ]: Using databricks connection "seed.chinook.PlaylistTrack"
[0m13:33:31.306735 [debug] [Thread-13 ]: On seed.chinook.PlaylistTrack: /* {"app": "dbt", "dbt_version": "1.11.2", "dbt_databricks_version": "1.12.4", "databricks_sql_connector_version": "4.1.3", "profile_name": "chinook", "target_name": "dev", "invocation_id": "2e62fc00-4722-466a-a021-c02943e2e905", "node_id": "seed.chinook.PlaylistTrack"} */

    create  table `uc_sql_server_central`.`data_raw`.`playlisttrack01` (`PlaylistId` bigint ,`TrackId` bigint )
    
    using delta
  
    
    
    
    
    
  
[0m13:33:31.308771 [debug] [Thread-13 ]: Opening a new connection, currently in state init
[0m13:33:31.754557 [debug] [Thread-13 ]: Databricks adapter: Connection(session-id=01f1a23d-6bc8-1d60-8e8c-cd68a98b6290) - Created
[0m13:33:33.174925 [debug] [Thread-13 ]: SQL status: OK in 1.870 seconds
[0m13:33:33.184514 [debug] [Thread-13 ]: Databricks adapter: Cursor(session-id=01f1a23d-6bc8-1d60-8e8c-cd68a98b6290, command-id=01f1a23d-6bd7-1487-91f6-080a6495b8f5) - Closing
[0m13:33:35.654691 [debug] [Thread-13 ]: Using databricks connection "seed.chinook.PlaylistTrack"
[0m13:33:35.664616 [debug] [Thread-13 ]: On seed.chinook.PlaylistTrack: 
          insert overwrite `uc_sql_server_central`.`data_raw`.`playlisttrack01` values
          (%s,%s),(%s,%s),(%s,%s),(%s,%s),(%s,%s),(%s,%s),(%s,%s),(%s,%s),(%s,%s),(%s,%s),(%s,%s),(%s,%s),(%s,%s),(%s,%s),(%s,%s),(%s,%s),(%s,%s),(%s,%s),(%s,%s),(%s,%s),(%s,%s),(%s,%s),(%s,%s),(%s,%s),(%s,%s),(%s,%s),(%s,%s),(%s,%s),(%s,%s),(%s,%s),(%s,%s),(%s,%s),(%s,%s),(%s,%s),(%s,%s),(%s,%s),(%s,%s),(%s,%s),(%s,%s),(%s,%s),(%s,%s),(%s,%s),(%s,%s),(%s,%s),(%s,%s),(%s,%s),(%s,%s),(%s,%s),(%s,%s),(%s,%s),(%s,%s),(%s,%s...
[0m13:33:37.765010 [debug] [Thread-13 ]: SQL status: OK in 2.090 seconds
[0m13:33:37.766793 [debug] [Thread-13 ]: Databricks adapter: Cursor(session-id=01f1a23d-6bc8-1d60-8e8c-cd68a98b6290, command-id=01f1a23d-6e33-1a5e-adcd-19fa32f96b6e) - Closing
[0m13:33:37.773563 [debug] [Thread-13 ]: Writing runtime SQL for node "seed.chinook.PlaylistTrack"
[0m13:33:37.792683 [debug] [Thread-13 ]: On seed.chinook.PlaylistTrack: Close
[0m13:33:37.797482 [debug] [Thread-13 ]: Databricks adapter: Connection(session-id=01f1a23d-6bc8-1d60-8e8c-cd68a98b6290) - Closing
[0m13:33:37.904751 [debug] [Thread-13 ]: Sending event: {'category': 'dbt', 'action': 'run_model', 'label': '2e62fc00-4722-466a-a021-c02943e2e905', 'context': [<snowplow_tracker.self_describing_json.SelfDescribingJson object at 0x0000012F7EECBD40>]}
[0m13:33:37.909547 [info ] [Thread-13 ]: 11 of 59 OK loaded seed file data_raw.PlaylistTrack01 .......................... [[32mINSERT 8715[0m in 7.03s]
[0m13:33:37.910177 [debug] [Thread-13 ]: Finished running node seed.chinook.PlaylistTrack
[0m13:33:37.912734 [debug] [Thread-13 ]: Began running node seed.chinook.Track
[0m13:33:37.916905 [info ] [Thread-13 ]: 12 of 59 START seed file data_raw.track01 ...................................... [RUN]
[0m13:33:37.919802 [debug] [Thread-13 ]: Databricks adapter: DatabricksDBTConnection(session-id=None, name=seed.chinook.Track) - Creating connection
[0m13:33:37.919802 [debug] [Thread-13 ]: Acquiring new databricks connection 'seed.chinook.Track'
[0m13:33:37.919802 [debug] [Thread-13 ]: Began compiling node seed.chinook.Track
[0m13:33:37.924851 [debug] [Thread-13 ]: Began executing node seed.chinook.Track
[0m13:33:38.296945 [debug] [Thread-13 ]: Using databricks connection "seed.chinook.Track"
[0m13:33:38.296945 [debug] [Thread-13 ]: On seed.chinook.Track: /* {"app": "dbt", "dbt_version": "1.11.2", "dbt_databricks_version": "1.12.4", "databricks_sql_connector_version": "4.1.3", "profile_name": "chinook", "target_name": "dev", "invocation_id": "2e62fc00-4722-466a-a021-c02943e2e905", "node_id": "seed.chinook.Track"} */

    create  table `uc_sql_server_central`.`data_raw`.`track01` (`TrackId` bigint ,`Name` string ,`AlbumId` bigint ,`MediaTypeId` bigint ,`GenreId` bigint ,`Composer` string ,`Milliseconds` bigint ,`Bytes` bigint ,`UnitPrice` double )
    
    using delta
  
    
    
    
    
    
  
[0m13:33:38.299467 [debug] [Thread-13 ]: Opening a new connection, currently in state init
[0m13:33:38.708745 [debug] [Thread-13 ]: Databricks adapter: Connection(session-id=01f1a23d-6fed-14e2-a002-39ebbf1d6a36) - Created
[0m13:33:40.011701 [debug] [Thread-13 ]: SQL status: OK in 1.710 seconds
[0m13:33:40.016708 [debug] [Thread-13 ]: Databricks adapter: Cursor(session-id=01f1a23d-6fed-14e2-a002-39ebbf1d6a36, command-id=01f1a23d-6ffa-15f4-aa47-12fba8c00dbe) - Closing
[0m13:33:44.057386 [debug] [Thread-13 ]: Using databricks connection "seed.chinook.Track"
[0m13:33:44.058535 [debug] [Thread-13 ]: On seed.chinook.Track: 
          insert overwrite `uc_sql_server_central`.`data_raw`.`track01` values
          (%s,%s,%s,%s,%s,%s,%s,%s,%s),(%s,%s,%s,%s,%s,%s,%s,%s,%s),(%s,%s,%s,%s,%s,%s,%s,%s,%s),(%s,%s,%s,%s,%s,%s,%s,%s,%s),(%s,%s,%s,%s,%s,%s,%s,%s,%s),(%s,%s,%s,%s,%s,%s,%s,%s,%s),(%s,%s,%s,%s,%s,%s,%s,%s,%s),(%s,%s,%s,%s,%s,%s,%s,%s,%s),(%s,%s,%s,%s,%s,%s,%s,%s,%s),(%s,%s,%s,%s,%s,%s,%s,%s,%s),(%s,%s,%s,%s,%s,%s,%s,%s,%s),(%s,%s,%s,%s,%s,%s,%s,%s,%s),(%s,%s,%s,%s,%s,%s,%s,%s,%s),(%s,%s,%s,%s,%s,%s,%s,%s,%s),(%s,%s,%s,%s,%s,...
[0m13:33:48.017657 [debug] [Thread-13 ]: SQL status: OK in 3.960 seconds
[0m13:33:48.019691 [debug] [Thread-13 ]: Databricks adapter: Cursor(session-id=01f1a23d-6fed-14e2-a002-39ebbf1d6a36, command-id=01f1a23d-7339-1c14-af60-f7074f74fb93) - Closing
[0m13:33:48.024604 [debug] [Thread-13 ]: Writing runtime SQL for node "seed.chinook.Track"
[0m13:33:48.039670 [debug] [Thread-13 ]: On seed.chinook.Track: Close
[0m13:33:48.041713 [debug] [Thread-13 ]: Databricks adapter: Connection(session-id=01f1a23d-6fed-14e2-a002-39ebbf1d6a36) - Closing
[0m13:33:48.138465 [debug] [Thread-13 ]: Sending event: {'category': 'dbt', 'action': 'run_model', 'label': '2e62fc00-4722-466a-a021-c02943e2e905', 'context': [<snowplow_tracker.self_describing_json.SelfDescribingJson object at 0x0000012F7EBB7EC0>]}
[0m13:33:48.139475 [info ] [Thread-13 ]: 12 of 59 OK loaded seed file data_raw.Track01 .................................. [[32mINSERT 3503[0m in 10.22s]
[0m13:33:48.141501 [debug] [Thread-13 ]: Finished running node seed.chinook.Track
[0m13:33:48.142504 [debug] [Thread-13 ]: Began running node model.chinook.DimDate
[0m13:33:48.143502 [info ] [Thread-13 ]: 13 of 59 START sql table model data_mart.dimdate ............................... [RUN]
[0m13:33:48.145011 [debug] [Thread-13 ]: Databricks adapter: DatabricksDBTConnection(session-id=None, name=model.chinook.DimDate) - Creating connection
[0m13:33:48.146242 [debug] [Thread-13 ]: Acquiring new databricks connection 'model.chinook.DimDate'
[0m13:33:48.147246 [debug] [Thread-13 ]: Began compiling node model.chinook.DimDate
[0m13:33:48.157871 [debug] [Thread-13 ]: Writing injected SQL for node "model.chinook.DimDate"
[0m13:33:48.161891 [debug] [Thread-13 ]: Began executing node model.chinook.DimDate
[0m13:33:48.170947 [debug] [Thread-13 ]: MATERIALIZING TABLE
[0m13:33:48.179656 [debug] [Thread-13 ]: Using databricks connection "model.chinook.DimDate"
[0m13:33:48.188598 [debug] [Thread-13 ]: On model.chinook.DimDate: /* {"app": "dbt", "dbt_version": "1.11.2", "dbt_databricks_version": "1.12.4", "databricks_sql_connector_version": "4.1.3", "profile_name": "chinook", "target_name": "dev", "invocation_id": "2e62fc00-4722-466a-a021-c02943e2e905", "node_id": "model.chinook.DimDate"} */
SELECT
    table_catalog,
    table_schema,
    table_name,
    filter_name,
    target_columns
  FROM `uc_sql_server_central`.`information_schema`.`row_filters`
  WHERE table_catalog = 'uc_sql_server_central'
    AND table_schema = 'data_mart'
    AND table_name = 'dimdate'
[0m13:33:48.191047 [debug] [Thread-13 ]: Opening a new connection, currently in state init
[0m13:33:48.525307 [debug] [Thread-13 ]: Databricks adapter: Connection(session-id=01f1a23d-75c7-1367-9755-6214a3b27d51) - Created
[0m13:33:48.999724 [debug] [Thread-13 ]: SQL status: OK in 0.810 seconds
[0m13:33:49.008750 [debug] [Thread-13 ]: Databricks adapter: Cursor(session-id=01f1a23d-75c7-1367-9755-6214a3b27d51, command-id=01f1a23d-75d3-1800-a403-13060b9c279f) - Closing
[0m13:33:49.011770 [debug] [Thread-13 ]: Writing runtime sql for node "model.chinook.DimDate"
[0m13:33:49.014771 [debug] [Thread-13 ]: Using databricks connection "model.chinook.DimDate"
[0m13:33:49.016298 [debug] [Thread-13 ]: On model.chinook.DimDate: /* {"app": "dbt", "dbt_version": "1.11.2", "dbt_databricks_version": "1.12.4", "databricks_sql_connector_version": "4.1.3", "profile_name": "chinook", "target_name": "dev", "invocation_id": "2e62fc00-4722-466a-a021-c02943e2e905", "node_id": "model.chinook.DimDate"} */

  
    
        create or replace table `uc_sql_server_central`.`data_mart`.`dimdate`
      
      
    using delta
  
      
      
      
      
      
      
      
      
      as
      select *
from `uc_sql_server_central`.`data_stage`.`dates02`
  
[0m13:33:51.190669 [debug] [Thread-13 ]: SQL status: OK in 2.170 seconds
[0m13:33:51.198270 [debug] [Thread-13 ]: Databricks adapter: Cursor(session-id=01f1a23d-75c7-1367-9755-6214a3b27d51, command-id=01f1a23d-761f-121d-a0f2-b781e171cbcd) - Closing
[0m13:33:51.202837 [debug] [Thread-13 ]: Applying tags to relation None
[0m13:33:51.211887 [debug] [Thread-13 ]: On model.chinook.DimDate: Close
[0m13:33:51.213928 [debug] [Thread-13 ]: Databricks adapter: Connection(session-id=01f1a23d-75c7-1367-9755-6214a3b27d51) - Closing
[0m13:33:51.314596 [debug] [Thread-13 ]: Sending event: {'category': 'dbt', 'action': 'run_model', 'label': '2e62fc00-4722-466a-a021-c02943e2e905', 'context': [<snowplow_tracker.self_describing_json.SelfDescribingJson object at 0x0000012F7EF25BE0>]}
[0m13:33:51.318166 [info ] [Thread-13 ]: 13 of 59 OK created sql table model data_mart.dimdate .......................... [[32mOK[0m in 3.17s]
[0m13:33:51.322709 [debug] [Thread-13 ]: Finished running node model.chinook.DimDate
[0m13:33:51.324709 [debug] [Thread-13 ]: Began running node test.chinook.not_null_Album__AlbumId_.9e0aa437b4
[0m13:33:51.327277 [info ] [Thread-13 ]: 14 of 59 START test not_null_Album__AlbumId_ ................................... [RUN]
[0m13:33:51.330838 [debug] [Thread-13 ]: Databricks adapter: DatabricksDBTConnection(session-id=None, name=test.chinook.not_null_Album__AlbumId_.9e0aa437b4) - Creating connection
[0m13:33:51.333841 [debug] [Thread-13 ]: Acquiring new databricks connection 'test.chinook.not_null_Album__AlbumId_.9e0aa437b4'
[0m13:33:51.336371 [debug] [Thread-13 ]: Began compiling node test.chinook.not_null_Album__AlbumId_.9e0aa437b4
[0m13:33:51.386238 [debug] [Thread-13 ]: Writing injected SQL for node "test.chinook.not_null_Album__AlbumId_.9e0aa437b4"
[0m13:33:51.393823 [debug] [Thread-13 ]: Began executing node test.chinook.not_null_Album__AlbumId_.9e0aa437b4
[0m13:33:51.437167 [debug] [Thread-13 ]: Writing runtime sql for node "test.chinook.not_null_Album__AlbumId_.9e0aa437b4"
[0m13:33:51.438168 [debug] [Thread-13 ]: Using databricks connection "test.chinook.not_null_Album__AlbumId_.9e0aa437b4"
[0m13:33:51.439674 [debug] [Thread-13 ]: On test.chinook.not_null_Album__AlbumId_.9e0aa437b4: /* {"app": "dbt", "dbt_version": "1.11.2", "dbt_databricks_version": "1.12.4", "databricks_sql_connector_version": "4.1.3", "profile_name": "chinook", "target_name": "dev", "invocation_id": "2e62fc00-4722-466a-a021-c02943e2e905", "node_id": "test.chinook.not_null_Album__AlbumId_.9e0aa437b4"} */

    select
      count(*) as failures,
      count(*) != 0 as should_warn,
      count(*) != 0 as should_error
    from (
      
    
  
    
    



select `AlbumId`
from `uc_sql_server_central`.`data_raw`.`album01`
where `AlbumId` is null



  
  
      
    ) dbt_internal_test
[0m13:33:51.440684 [debug] [Thread-13 ]: Opening a new connection, currently in state init
[0m13:33:51.858075 [debug] [Thread-13 ]: Databricks adapter: Connection(session-id=01f1a23d-77c4-13d0-997c-ff8b8021a0f3) - Created
[0m13:33:52.345466 [debug] [Thread-13 ]: SQL status: OK in 0.900 seconds
[0m13:33:52.354514 [debug] [Thread-13 ]: Databricks adapter: Cursor(session-id=01f1a23d-77c4-13d0-997c-ff8b8021a0f3, command-id=01f1a23d-77d0-1323-9519-7d718ebdb694) - Closing
[0m13:33:52.361644 [debug] [Thread-13 ]: On test.chinook.not_null_Album__AlbumId_.9e0aa437b4: Close
[0m13:33:52.362594 [debug] [Thread-13 ]: Databricks adapter: Connection(session-id=01f1a23d-77c4-13d0-997c-ff8b8021a0f3) - Closing
[0m13:33:52.453837 [info ] [Thread-13 ]: 14 of 59 PASS not_null_Album__AlbumId_ ......................................... [[32mPASS[0m in 1.13s]
[0m13:33:52.457346 [debug] [Thread-13 ]: Finished running node test.chinook.not_null_Album__AlbumId_.9e0aa437b4
[0m13:33:52.459861 [debug] [Thread-13 ]: Began running node test.chinook.unique_Album__AlbumId_.92e0934510
[0m13:33:52.462893 [info ] [Thread-13 ]: 15 of 59 START test unique_Album__AlbumId_ ..................................... [RUN]
[0m13:33:52.465439 [debug] [Thread-13 ]: Databricks adapter: DatabricksDBTConnection(session-id=None, name=test.chinook.unique_Album__AlbumId_.92e0934510) - Creating connection
[0m13:33:52.468470 [debug] [Thread-13 ]: Acquiring new databricks connection 'test.chinook.unique_Album__AlbumId_.92e0934510'
[0m13:33:52.470505 [debug] [Thread-13 ]: Began compiling node test.chinook.unique_Album__AlbumId_.92e0934510
[0m13:33:52.495236 [debug] [Thread-13 ]: Writing injected SQL for node "test.chinook.unique_Album__AlbumId_.92e0934510"
[0m13:33:52.499787 [debug] [Thread-13 ]: Began executing node test.chinook.unique_Album__AlbumId_.92e0934510
[0m13:33:52.507912 [debug] [Thread-13 ]: Writing runtime sql for node "test.chinook.unique_Album__AlbumId_.92e0934510"
[0m13:33:52.513014 [debug] [Thread-13 ]: Using databricks connection "test.chinook.unique_Album__AlbumId_.92e0934510"
[0m13:33:52.516566 [debug] [Thread-13 ]: On test.chinook.unique_Album__AlbumId_.92e0934510: /* {"app": "dbt", "dbt_version": "1.11.2", "dbt_databricks_version": "1.12.4", "databricks_sql_connector_version": "4.1.3", "profile_name": "chinook", "target_name": "dev", "invocation_id": "2e62fc00-4722-466a-a021-c02943e2e905", "node_id": "test.chinook.unique_Album__AlbumId_.92e0934510"} */

    select
      count(*) as failures,
      count(*) != 0 as should_warn,
      count(*) != 0 as should_error
    from (
      
    
  
    
    

select
    `AlbumId` as unique_field,
    count(*) as n_records

from `uc_sql_server_central`.`data_raw`.`album01`
where `AlbumId` is not null
group by `AlbumId`
having count(*) > 1



  
  
      
    ) dbt_internal_test
[0m13:33:52.518584 [debug] [Thread-13 ]: Opening a new connection, currently in state init
[0m13:33:52.919782 [debug] [Thread-13 ]: Databricks adapter: Connection(session-id=01f1a23d-7865-14ed-ac88-6112a67a088d) - Created
[0m13:33:53.507437 [debug] [Thread-13 ]: SQL status: OK in 0.990 seconds
[0m13:33:53.515223 [debug] [Thread-13 ]: Databricks adapter: Cursor(session-id=01f1a23d-7865-14ed-ac88-6112a67a088d, command-id=01f1a23d-7872-1c70-84fb-85d5525575f4) - Closing
[0m13:33:53.519792 [debug] [Thread-13 ]: On test.chinook.unique_Album__AlbumId_.92e0934510: Close
[0m13:33:53.521812 [debug] [Thread-13 ]: Databricks adapter: Connection(session-id=01f1a23d-7865-14ed-ac88-6112a67a088d) - Closing
[0m13:33:53.620522 [info ] [Thread-13 ]: 15 of 59 PASS unique_Album__AlbumId_ ........................................... [[32mPASS[0m in 1.16s]
[0m13:33:53.624502 [debug] [Thread-13 ]: Finished running node test.chinook.unique_Album__AlbumId_.92e0934510
[0m13:33:53.626616 [debug] [Thread-13 ]: Began running node test.chinook.not_null_Artist__ArtistId_.8487e96cb3
[0m13:33:53.630149 [info ] [Thread-13 ]: 16 of 59 START test not_null_Artist__ArtistId_ ................................. [RUN]
[0m13:33:53.633184 [debug] [Thread-13 ]: Databricks adapter: DatabricksDBTConnection(session-id=None, name=test.chinook.not_null_Artist__ArtistId_.8487e96cb3) - Creating connection
[0m13:33:53.636735 [debug] [Thread-13 ]: Acquiring new databricks connection 'test.chinook.not_null_Artist__ArtistId_.8487e96cb3'
[0m13:33:53.638773 [debug] [Thread-13 ]: Began compiling node test.chinook.not_null_Artist__ArtistId_.8487e96cb3
[0m13:33:53.665281 [debug] [Thread-13 ]: Writing injected SQL for node "test.chinook.not_null_Artist__ArtistId_.8487e96cb3"
[0m13:33:53.670894 [debug] [Thread-13 ]: Began executing node test.chinook.not_null_Artist__ArtistId_.8487e96cb3
[0m13:33:53.693678 [debug] [Thread-13 ]: Writing runtime sql for node "test.chinook.not_null_Artist__ArtistId_.8487e96cb3"
[0m13:33:53.701796 [debug] [Thread-13 ]: Using databricks connection "test.chinook.not_null_Artist__ArtistId_.8487e96cb3"
[0m13:33:53.704800 [debug] [Thread-13 ]: On test.chinook.not_null_Artist__ArtistId_.8487e96cb3: /* {"app": "dbt", "dbt_version": "1.11.2", "dbt_databricks_version": "1.12.4", "databricks_sql_connector_version": "4.1.3", "profile_name": "chinook", "target_name": "dev", "invocation_id": "2e62fc00-4722-466a-a021-c02943e2e905", "node_id": "test.chinook.not_null_Artist__ArtistId_.8487e96cb3"} */

    select
      count(*) as failures,
      count(*) != 0 as should_warn,
      count(*) != 0 as should_error
    from (
      
    
  
    
    



select `ArtistId`
from `uc_sql_server_central`.`data_raw`.`artist01`
where `ArtistId` is null



  
  
      
    ) dbt_internal_test
[0m13:33:53.707376 [debug] [Thread-13 ]: Opening a new connection, currently in state init
[0m13:33:54.188361 [debug] [Thread-13 ]: Databricks adapter: Connection(session-id=01f1a23d-7920-1ce7-a276-acdc10547bf8) - Created
[0m13:33:54.752595 [debug] [Thread-13 ]: SQL status: OK in 1.040 seconds
[0m13:33:54.762756 [debug] [Thread-13 ]: Databricks adapter: Cursor(session-id=01f1a23d-7920-1ce7-a276-acdc10547bf8, command-id=01f1a23d-7935-1064-b8b8-7c6db93bef6a) - Closing
[0m13:33:54.766298 [debug] [Thread-13 ]: On test.chinook.not_null_Artist__ArtistId_.8487e96cb3: Close
[0m13:33:54.769823 [debug] [Thread-13 ]: Databricks adapter: Connection(session-id=01f1a23d-7920-1ce7-a276-acdc10547bf8) - Closing
[0m13:33:54.868408 [info ] [Thread-13 ]: 16 of 59 PASS not_null_Artist__ArtistId_ ....................................... [[32mPASS[0m in 1.24s]
[0m13:33:54.870423 [debug] [Thread-13 ]: Finished running node test.chinook.not_null_Artist__ArtistId_.8487e96cb3
[0m13:33:54.871416 [debug] [Thread-13 ]: Began running node test.chinook.relationships_Album__ArtistId____ArtistId___ref_Artist_.8aa0545292
[0m13:33:54.871416 [info ] [Thread-13 ]: 17 of 59 START test relationships_Album__ArtistId____ArtistId___ref_Artist_ .... [RUN]
[0m13:33:54.873418 [debug] [Thread-13 ]: Databricks adapter: DatabricksDBTConnection(session-id=None, name=test.chinook.relationships_Album__ArtistId____ArtistId___ref_Artist_.8aa0545292) - Creating connection
[0m13:33:54.874418 [debug] [Thread-13 ]: Acquiring new databricks connection 'test.chinook.relationships_Album__ArtistId____ArtistId___ref_Artist_.8aa0545292'
[0m13:33:54.874926 [debug] [Thread-13 ]: Began compiling node test.chinook.relationships_Album__ArtistId____ArtistId___ref_Artist_.8aa0545292
[0m13:33:54.891692 [debug] [Thread-13 ]: Writing injected SQL for node "test.chinook.relationships_Album__ArtistId____ArtistId___ref_Artist_.8aa0545292"
[0m13:33:54.897268 [debug] [Thread-13 ]: Began executing node test.chinook.relationships_Album__ArtistId____ArtistId___ref_Artist_.8aa0545292
[0m13:33:54.904882 [debug] [Thread-13 ]: Writing runtime sql for node "test.chinook.relationships_Album__ArtistId____ArtistId___ref_Artist_.8aa0545292"
[0m13:33:54.910489 [debug] [Thread-13 ]: Using databricks connection "test.chinook.relationships_Album__ArtistId____ArtistId___ref_Artist_.8aa0545292"
[0m13:33:54.913482 [debug] [Thread-13 ]: On test.chinook.relationships_Album__ArtistId____ArtistId___ref_Artist_.8aa0545292: /* {"app": "dbt", "dbt_version": "1.11.2", "dbt_databricks_version": "1.12.4", "databricks_sql_connector_version": "4.1.3", "profile_name": "chinook", "target_name": "dev", "invocation_id": "2e62fc00-4722-466a-a021-c02943e2e905", "node_id": "test.chinook.relationships_Album__ArtistId____ArtistId___ref_Artist_.8aa0545292"} */

    select
      count(*) as failures,
      count(*) != 0 as should_warn,
      count(*) != 0 as should_error
    from (
      
    
  
    
    

with child as (
    select `ArtistId` as from_field
    from `uc_sql_server_central`.`data_raw`.`album01`
    where `ArtistId` is not null
),

parent as (
    select `ArtistId` as to_field
    from `uc_sql_server_central`.`data_raw`.`artist01`
)

select
    from_field

from child
left join parent
    on child.from_field = parent.to_field

where parent.to_field is null



  
  
      
    ) dbt_internal_test
[0m13:33:54.916048 [debug] [Thread-13 ]: Opening a new connection, currently in state init
[0m13:33:55.389380 [debug] [Thread-13 ]: Databricks adapter: Connection(session-id=01f1a23d-79dc-16c4-a0c1-0351543a95fd) - Created
[0m13:33:56.262522 [debug] [Thread-13 ]: SQL status: OK in 1.350 seconds
[0m13:33:56.269593 [debug] [Thread-13 ]: Databricks adapter: Cursor(session-id=01f1a23d-79dc-16c4-a0c1-0351543a95fd, command-id=01f1a23d-79ea-1a6c-9296-6065156d1029) - Closing
[0m13:33:56.273466 [debug] [Thread-13 ]: On test.chinook.relationships_Album__ArtistId____ArtistId___ref_Artist_.8aa0545292: Close
[0m13:33:56.274463 [debug] [Thread-13 ]: Databricks adapter: Connection(session-id=01f1a23d-79dc-16c4-a0c1-0351543a95fd) - Closing
[0m13:33:56.371721 [info ] [Thread-13 ]: 17 of 59 PASS relationships_Album__ArtistId____ArtistId___ref_Artist_ .......... [[32mPASS[0m in 1.50s]
[0m13:33:56.373232 [debug] [Thread-13 ]: Finished running node test.chinook.relationships_Album__ArtistId____ArtistId___ref_Artist_.8aa0545292
[0m13:33:56.373232 [debug] [Thread-13 ]: Began running node test.chinook.unique_Artist__ArtistId_.9c9a7785d0
[0m13:33:56.374762 [info ] [Thread-13 ]: 18 of 59 START test unique_Artist__ArtistId_ ................................... [RUN]
[0m13:33:56.375771 [debug] [Thread-13 ]: Databricks adapter: DatabricksDBTConnection(session-id=None, name=test.chinook.unique_Artist__ArtistId_.9c9a7785d0) - Creating connection
[0m13:33:56.376782 [debug] [Thread-13 ]: Acquiring new databricks connection 'test.chinook.unique_Artist__ArtistId_.9c9a7785d0'
[0m13:33:56.377785 [debug] [Thread-13 ]: Began compiling node test.chinook.unique_Artist__ArtistId_.9c9a7785d0
[0m13:33:56.387318 [debug] [Thread-13 ]: Writing injected SQL for node "test.chinook.unique_Artist__ArtistId_.9c9a7785d0"
[0m13:33:56.389823 [debug] [Thread-13 ]: Began executing node test.chinook.unique_Artist__ArtistId_.9c9a7785d0
[0m13:33:56.395899 [debug] [Thread-13 ]: Writing runtime sql for node "test.chinook.unique_Artist__ArtistId_.9c9a7785d0"
[0m13:33:56.397906 [debug] [Thread-13 ]: Using databricks connection "test.chinook.unique_Artist__ArtistId_.9c9a7785d0"
[0m13:33:56.397906 [debug] [Thread-13 ]: On test.chinook.unique_Artist__ArtistId_.9c9a7785d0: /* {"app": "dbt", "dbt_version": "1.11.2", "dbt_databricks_version": "1.12.4", "databricks_sql_connector_version": "4.1.3", "profile_name": "chinook", "target_name": "dev", "invocation_id": "2e62fc00-4722-466a-a021-c02943e2e905", "node_id": "test.chinook.unique_Artist__ArtistId_.9c9a7785d0"} */

    select
      count(*) as failures,
      count(*) != 0 as should_warn,
      count(*) != 0 as should_error
    from (
      
    
  
    
    

select
    `ArtistId` as unique_field,
    count(*) as n_records

from `uc_sql_server_central`.`data_raw`.`artist01`
where `ArtistId` is not null
group by `ArtistId`
having count(*) > 1



  
  
      
    ) dbt_internal_test
[0m13:33:56.399414 [debug] [Thread-13 ]: Opening a new connection, currently in state init
[0m13:33:56.750412 [debug] [Thread-13 ]: Databricks adapter: Connection(session-id=01f1a23d-7aad-1ee4-a786-80889b7cc375) - Created
[0m13:33:57.166360 [debug] [Thread-13 ]: SQL status: OK in 0.770 seconds
[0m13:33:57.175926 [debug] [Thread-13 ]: Databricks adapter: Cursor(session-id=01f1a23d-7aad-1ee4-a786-80889b7cc375, command-id=01f1a23d-7aba-1c79-91fe-d40c265aefa9) - Closing
[0m13:33:57.180949 [debug] [Thread-13 ]: On test.chinook.unique_Artist__ArtistId_.9c9a7785d0: Close
[0m13:33:57.182922 [debug] [Thread-13 ]: Databricks adapter: Connection(session-id=01f1a23d-7aad-1ee4-a786-80889b7cc375) - Closing
[0m13:33:57.276277 [info ] [Thread-13 ]: 18 of 59 PASS unique_Artist__ArtistId_ ......................................... [[32mPASS[0m in 0.90s]
[0m13:33:57.279786 [debug] [Thread-13 ]: Finished running node test.chinook.unique_Artist__ArtistId_.9c9a7785d0
[0m13:33:57.280816 [debug] [Thread-13 ]: Began running node test.chinook.not_null_Customer__CustomerId_.bbb14ecc1f
[0m13:33:57.281813 [info ] [Thread-13 ]: 19 of 59 START test not_null_Customer__CustomerId_ ............................. [RUN]
[0m13:33:57.284818 [debug] [Thread-13 ]: Databricks adapter: DatabricksDBTConnection(session-id=None, name=test.chinook.not_null_Customer__CustomerId_.bbb14ecc1f) - Creating connection
[0m13:33:57.287356 [debug] [Thread-13 ]: Acquiring new databricks connection 'test.chinook.not_null_Customer__CustomerId_.bbb14ecc1f'
[0m13:33:57.288346 [debug] [Thread-13 ]: Began compiling node test.chinook.not_null_Customer__CustomerId_.bbb14ecc1f
[0m13:33:57.311046 [debug] [Thread-13 ]: Writing injected SQL for node "test.chinook.not_null_Customer__CustomerId_.bbb14ecc1f"
[0m13:33:57.315583 [debug] [Thread-13 ]: Began executing node test.chinook.not_null_Customer__CustomerId_.bbb14ecc1f
[0m13:33:57.322593 [debug] [Thread-13 ]: Writing runtime sql for node "test.chinook.not_null_Customer__CustomerId_.bbb14ecc1f"
[0m13:33:57.326128 [debug] [Thread-13 ]: Using databricks connection "test.chinook.not_null_Customer__CustomerId_.bbb14ecc1f"
[0m13:33:57.327125 [debug] [Thread-13 ]: On test.chinook.not_null_Customer__CustomerId_.bbb14ecc1f: /* {"app": "dbt", "dbt_version": "1.11.2", "dbt_databricks_version": "1.12.4", "databricks_sql_connector_version": "4.1.3", "profile_name": "chinook", "target_name": "dev", "invocation_id": "2e62fc00-4722-466a-a021-c02943e2e905", "node_id": "test.chinook.not_null_Customer__CustomerId_.bbb14ecc1f"} */

    select
      count(*) as failures,
      count(*) != 0 as should_warn,
      count(*) != 0 as should_error
    from (
      
    
  
    
    



select `CustomerId`
from `uc_sql_server_central`.`data_raw`.`customer01`
where `CustomerId` is null



  
  
      
    ) dbt_internal_test
[0m13:33:57.328119 [debug] [Thread-13 ]: Opening a new connection, currently in state init
[0m13:33:57.717824 [debug] [Thread-13 ]: Databricks adapter: Connection(session-id=01f1a23d-7b41-19a4-81b5-413963dda903) - Created
[0m13:33:58.189526 [debug] [Thread-13 ]: SQL status: OK in 0.860 seconds
[0m13:33:58.200661 [debug] [Thread-13 ]: Databricks adapter: Cursor(session-id=01f1a23d-7b41-19a4-81b5-413963dda903, command-id=01f1a23d-7b4e-10f3-b2e6-a8f4313814eb) - Closing
[0m13:33:58.203650 [debug] [Thread-13 ]: On test.chinook.not_null_Customer__CustomerId_.bbb14ecc1f: Close
[0m13:33:58.204651 [debug] [Thread-13 ]: Databricks adapter: Connection(session-id=01f1a23d-7b41-19a4-81b5-413963dda903) - Closing
[0m13:33:58.307812 [info ] [Thread-13 ]: 19 of 59 PASS not_null_Customer__CustomerId_ ................................... [[32mPASS[0m in 1.02s]
[0m13:33:58.311926 [debug] [Thread-13 ]: Finished running node test.chinook.not_null_Customer__CustomerId_.bbb14ecc1f
[0m13:33:58.314465 [debug] [Thread-13 ]: Began running node test.chinook.unique_Customer__CustomerId_.3bdb538ef1
[0m13:33:58.317520 [info ] [Thread-13 ]: 20 of 59 START test unique_Customer__CustomerId_ ............................... [RUN]
[0m13:33:58.321531 [debug] [Thread-13 ]: Databricks adapter: DatabricksDBTConnection(session-id=None, name=test.chinook.unique_Customer__CustomerId_.3bdb538ef1) - Creating connection
[0m13:33:58.327140 [debug] [Thread-13 ]: Acquiring new databricks connection 'test.chinook.unique_Customer__CustomerId_.3bdb538ef1'
[0m13:33:58.329673 [debug] [Thread-13 ]: Began compiling node test.chinook.unique_Customer__CustomerId_.3bdb538ef1
[0m13:33:58.368299 [debug] [Thread-13 ]: Writing injected SQL for node "test.chinook.unique_Customer__CustomerId_.3bdb538ef1"
[0m13:33:58.377908 [debug] [Thread-13 ]: Began executing node test.chinook.unique_Customer__CustomerId_.3bdb538ef1
[0m13:33:58.389543 [debug] [Thread-13 ]: Writing runtime sql for node "test.chinook.unique_Customer__CustomerId_.3bdb538ef1"
[0m13:33:58.394608 [debug] [Thread-13 ]: Using databricks connection "test.chinook.unique_Customer__CustomerId_.3bdb538ef1"
[0m13:33:58.395626 [debug] [Thread-13 ]: On test.chinook.unique_Customer__CustomerId_.3bdb538ef1: /* {"app": "dbt", "dbt_version": "1.11.2", "dbt_databricks_version": "1.12.4", "databricks_sql_connector_version": "4.1.3", "profile_name": "chinook", "target_name": "dev", "invocation_id": "2e62fc00-4722-466a-a021-c02943e2e905", "node_id": "test.chinook.unique_Customer__CustomerId_.3bdb538ef1"} */

    select
      count(*) as failures,
      count(*) != 0 as should_warn,
      count(*) != 0 as should_error
    from (
      
    
  
    
    

select
    `CustomerId` as unique_field,
    count(*) as n_records

from `uc_sql_server_central`.`data_raw`.`customer01`
where `CustomerId` is not null
group by `CustomerId`
having count(*) > 1



  
  
      
    ) dbt_internal_test
[0m13:33:58.396641 [debug] [Thread-13 ]: Opening a new connection, currently in state init
[0m13:33:58.710270 [debug] [Thread-13 ]: Databricks adapter: Connection(session-id=01f1a23d-7bd9-149b-b521-4fbacbc76b86) - Created
[0m13:33:59.177564 [debug] [Thread-13 ]: SQL status: OK in 0.780 seconds
[0m13:33:59.179590 [debug] [Thread-13 ]: Databricks adapter: Cursor(session-id=01f1a23d-7bd9-149b-b521-4fbacbc76b86, command-id=01f1a23d-7be5-125e-ba72-5c0412f54846) - Closing
[0m13:33:59.180558 [debug] [Thread-13 ]: On test.chinook.unique_Customer__CustomerId_.3bdb538ef1: Close
[0m13:33:59.181940 [debug] [Thread-13 ]: Databricks adapter: Connection(session-id=01f1a23d-7bd9-149b-b521-4fbacbc76b86) - Closing
[0m13:33:59.264673 [info ] [Thread-13 ]: 20 of 59 PASS unique_Customer__CustomerId_ ..................................... [[32mPASS[0m in 0.94s]
[0m13:33:59.266853 [debug] [Thread-13 ]: Finished running node test.chinook.unique_Customer__CustomerId_.3bdb538ef1
[0m13:33:59.267894 [debug] [Thread-13 ]: Began running node test.chinook.not_null_Employee__EmployeeId_.134bde3252
[0m13:33:59.269640 [info ] [Thread-13 ]: 21 of 59 START test not_null_Employee__EmployeeId_ ............................. [RUN]
[0m13:33:59.270655 [debug] [Thread-13 ]: Databricks adapter: DatabricksDBTConnection(session-id=None, name=test.chinook.not_null_Employee__EmployeeId_.134bde3252) - Creating connection
[0m13:33:59.271657 [debug] [Thread-13 ]: Acquiring new databricks connection 'test.chinook.not_null_Employee__EmployeeId_.134bde3252'
[0m13:33:59.272657 [debug] [Thread-13 ]: Began compiling node test.chinook.not_null_Employee__EmployeeId_.134bde3252
[0m13:33:59.296387 [debug] [Thread-13 ]: Writing injected SQL for node "test.chinook.not_null_Employee__EmployeeId_.134bde3252"
[0m13:33:59.304539 [debug] [Thread-13 ]: Began executing node test.chinook.not_null_Employee__EmployeeId_.134bde3252
[0m13:33:59.321852 [debug] [Thread-13 ]: Writing runtime sql for node "test.chinook.not_null_Employee__EmployeeId_.134bde3252"
[0m13:33:59.327620 [debug] [Thread-13 ]: Using databricks connection "test.chinook.not_null_Employee__EmployeeId_.134bde3252"
[0m13:33:59.330672 [debug] [Thread-13 ]: On test.chinook.not_null_Employee__EmployeeId_.134bde3252: /* {"app": "dbt", "dbt_version": "1.11.2", "dbt_databricks_version": "1.12.4", "databricks_sql_connector_version": "4.1.3", "profile_name": "chinook", "target_name": "dev", "invocation_id": "2e62fc00-4722-466a-a021-c02943e2e905", "node_id": "test.chinook.not_null_Employee__EmployeeId_.134bde3252"} */

    select
      count(*) as failures,
      count(*) != 0 as should_warn,
      count(*) != 0 as should_error
    from (
      
    
  
    
    



select `EmployeeId`
from `uc_sql_server_central`.`data_raw`.`employee01`
where `EmployeeId` is null



  
  
      
    ) dbt_internal_test
[0m13:33:59.332671 [debug] [Thread-13 ]: Opening a new connection, currently in state init
[0m13:33:59.912211 [debug] [Thread-13 ]: Databricks adapter: Connection(session-id=01f1a23d-7c90-1567-bc32-abf6c40a8167) - Created
[0m13:34:00.326366 [debug] [Thread-13 ]: SQL status: OK in 0.990 seconds
[0m13:34:00.338573 [debug] [Thread-13 ]: Databricks adapter: Cursor(session-id=01f1a23d-7c90-1567-bc32-abf6c40a8167, command-id=01f1a23d-7c9e-1112-aafb-06349b18f0ac) - Closing
[0m13:34:00.342595 [debug] [Thread-13 ]: On test.chinook.not_null_Employee__EmployeeId_.134bde3252: Close
[0m13:34:00.345118 [debug] [Thread-13 ]: Databricks adapter: Connection(session-id=01f1a23d-7c90-1567-bc32-abf6c40a8167) - Closing
[0m13:34:00.448175 [info ] [Thread-13 ]: 21 of 59 PASS not_null_Employee__EmployeeId_ ................................... [[32mPASS[0m in 1.18s]
[0m13:34:00.449694 [debug] [Thread-13 ]: Finished running node test.chinook.not_null_Employee__EmployeeId_.134bde3252
[0m13:34:00.450712 [debug] [Thread-13 ]: Began running node test.chinook.relationships_Customer__SupportRepId____EmployeeId___ref_Employee_.a462d45b21
[0m13:34:00.451713 [info ] [Thread-13 ]: 22 of 59 START test relationships_Customer__SupportRepId____EmployeeId___ref_Employee_  [RUN]
[0m13:34:00.453716 [debug] [Thread-13 ]: Databricks adapter: DatabricksDBTConnection(session-id=None, name=test.chinook.relationships_Customer__SupportRepId____EmployeeId___ref_Employee_.a462d45b21) - Creating connection
[0m13:34:00.455233 [debug] [Thread-13 ]: Acquiring new databricks connection 'test.chinook.relationships_Customer__SupportRepId____EmployeeId___ref_Employee_.a462d45b21'
[0m13:34:00.457268 [debug] [Thread-13 ]: Began compiling node test.chinook.relationships_Customer__SupportRepId____EmployeeId___ref_Employee_.a462d45b21
[0m13:34:00.473383 [debug] [Thread-13 ]: Writing injected SQL for node "test.chinook.relationships_Customer__SupportRepId____EmployeeId___ref_Employee_.a462d45b21"
[0m13:34:00.475907 [debug] [Thread-13 ]: Began executing node test.chinook.relationships_Customer__SupportRepId____EmployeeId___ref_Employee_.a462d45b21
[0m13:34:00.481899 [debug] [Thread-13 ]: Writing runtime sql for node "test.chinook.relationships_Customer__SupportRepId____EmployeeId___ref_Employee_.a462d45b21"
[0m13:34:00.484656 [debug] [Thread-13 ]: Using databricks connection "test.chinook.relationships_Customer__SupportRepId____EmployeeId___ref_Employee_.a462d45b21"
[0m13:34:00.486258 [debug] [Thread-13 ]: On test.chinook.relationships_Customer__SupportRepId____EmployeeId___ref_Employee_.a462d45b21: /* {"app": "dbt", "dbt_version": "1.11.2", "dbt_databricks_version": "1.12.4", "databricks_sql_connector_version": "4.1.3", "profile_name": "chinook", "target_name": "dev", "invocation_id": "2e62fc00-4722-466a-a021-c02943e2e905", "node_id": "test.chinook.relationships_Customer__SupportRepId____EmployeeId___ref_Employee_.a462d45b21"} */

    select
      count(*) as failures,
      count(*) != 0 as should_warn,
      count(*) != 0 as should_error
    from (
      
    
  
    
    

with child as (
    select `SupportRepId` as from_field
    from `uc_sql_server_central`.`data_raw`.`customer01`
    where `SupportRepId` is not null
),

parent as (
    select `EmployeeId` as to_field
    from `uc_sql_server_central`.`data_raw`.`employee01`
)

select
    from_field

from child
left join parent
    on child.from_field = parent.to_field

where parent.to_field is null



  
  
      
    ) dbt_internal_test
[0m13:34:00.486258 [debug] [Thread-13 ]: Opening a new connection, currently in state init
[0m13:34:01.025129 [debug] [Thread-13 ]: Databricks adapter: Connection(session-id=01f1a23d-7d3a-11be-ad3d-11dd66feff47) - Created
[0m13:34:01.770194 [debug] [Thread-13 ]: SQL status: OK in 1.280 seconds
[0m13:34:01.779790 [debug] [Thread-13 ]: Databricks adapter: Cursor(session-id=01f1a23d-7d3a-11be-ad3d-11dd66feff47, command-id=01f1a23d-7d47-168e-9bcb-29a0f86af1b5) - Closing
[0m13:34:01.782782 [debug] [Thread-13 ]: On test.chinook.relationships_Customer__SupportRepId____EmployeeId___ref_Employee_.a462d45b21: Close
[0m13:34:01.785297 [debug] [Thread-13 ]: Databricks adapter: Connection(session-id=01f1a23d-7d3a-11be-ad3d-11dd66feff47) - Closing
[0m13:34:01.880694 [info ] [Thread-13 ]: 22 of 59 PASS relationships_Customer__SupportRepId____EmployeeId___ref_Employee_  [[32mPASS[0m in 1.43s]
[0m13:34:01.881697 [debug] [Thread-13 ]: Finished running node test.chinook.relationships_Customer__SupportRepId____EmployeeId___ref_Employee_.a462d45b21
[0m13:34:01.882694 [debug] [Thread-13 ]: Began running node test.chinook.unique_Employee__EmployeeId_.70fbb1b3af
[0m13:34:01.882694 [info ] [Thread-13 ]: 23 of 59 START test unique_Employee__EmployeeId_ ............................... [RUN]
[0m13:34:01.883697 [debug] [Thread-13 ]: Databricks adapter: DatabricksDBTConnection(session-id=None, name=test.chinook.unique_Employee__EmployeeId_.70fbb1b3af) - Creating connection
[0m13:34:01.884694 [debug] [Thread-13 ]: Acquiring new databricks connection 'test.chinook.unique_Employee__EmployeeId_.70fbb1b3af'
[0m13:34:01.885208 [debug] [Thread-13 ]: Began compiling node test.chinook.unique_Employee__EmployeeId_.70fbb1b3af
[0m13:34:01.891784 [debug] [Thread-13 ]: Writing injected SQL for node "test.chinook.unique_Employee__EmployeeId_.70fbb1b3af"
[0m13:34:01.893780 [debug] [Thread-13 ]: Began executing node test.chinook.unique_Employee__EmployeeId_.70fbb1b3af
[0m13:34:01.898344 [debug] [Thread-13 ]: Writing runtime sql for node "test.chinook.unique_Employee__EmployeeId_.70fbb1b3af"
[0m13:34:01.900869 [debug] [Thread-13 ]: Using databricks connection "test.chinook.unique_Employee__EmployeeId_.70fbb1b3af"
[0m13:34:01.901867 [debug] [Thread-13 ]: On test.chinook.unique_Employee__EmployeeId_.70fbb1b3af: /* {"app": "dbt", "dbt_version": "1.11.2", "dbt_databricks_version": "1.12.4", "databricks_sql_connector_version": "4.1.3", "profile_name": "chinook", "target_name": "dev", "invocation_id": "2e62fc00-4722-466a-a021-c02943e2e905", "node_id": "test.chinook.unique_Employee__EmployeeId_.70fbb1b3af"} */

    select
      count(*) as failures,
      count(*) != 0 as should_warn,
      count(*) != 0 as should_error
    from (
      
    
  
    
    

select
    `EmployeeId` as unique_field,
    count(*) as n_records

from `uc_sql_server_central`.`data_raw`.`employee01`
where `EmployeeId` is not null
group by `EmployeeId`
having count(*) > 1



  
  
      
    ) dbt_internal_test
[0m13:34:01.901867 [debug] [Thread-13 ]: Opening a new connection, currently in state init
[0m13:34:02.342788 [debug] [Thread-13 ]: Databricks adapter: Connection(session-id=01f1a23d-7e01-1d42-b004-d33422f0852b) - Created
[0m13:34:02.822675 [debug] [Thread-13 ]: SQL status: OK in 0.920 seconds
[0m13:34:02.827225 [debug] [Thread-13 ]: Databricks adapter: Cursor(session-id=01f1a23d-7e01-1d42-b004-d33422f0852b, command-id=01f1a23d-7e11-1042-b103-a17decda9360) - Closing
[0m13:34:02.829727 [debug] [Thread-13 ]: On test.chinook.unique_Employee__EmployeeId_.70fbb1b3af: Close
[0m13:34:02.829727 [debug] [Thread-13 ]: Databricks adapter: Connection(session-id=01f1a23d-7e01-1d42-b004-d33422f0852b) - Closing
[0m13:34:02.934550 [info ] [Thread-13 ]: 23 of 59 PASS unique_Employee__EmployeeId_ ..................................... [[32mPASS[0m in 1.05s]
[0m13:34:02.935056 [debug] [Thread-13 ]: Finished running node test.chinook.unique_Employee__EmployeeId_.70fbb1b3af
[0m13:34:02.936062 [debug] [Thread-13 ]: Began running node test.chinook.not_null_Genre__GenreId_.bbc29084c9
[0m13:34:02.936062 [info ] [Thread-13 ]: 24 of 59 START test not_null_Genre__GenreId_ ................................... [RUN]
[0m13:34:02.938069 [debug] [Thread-13 ]: Databricks adapter: DatabricksDBTConnection(session-id=None, name=test.chinook.not_null_Genre__GenreId_.bbc29084c9) - Creating connection
[0m13:34:02.938069 [debug] [Thread-13 ]: Acquiring new databricks connection 'test.chinook.not_null_Genre__GenreId_.bbc29084c9'
[0m13:34:02.938069 [debug] [Thread-13 ]: Began compiling node test.chinook.not_null_Genre__GenreId_.bbc29084c9
[0m13:34:02.946113 [debug] [Thread-13 ]: Writing injected SQL for node "test.chinook.not_null_Genre__GenreId_.bbc29084c9"
[0m13:34:02.948108 [debug] [Thread-13 ]: Began executing node test.chinook.not_null_Genre__GenreId_.bbc29084c9
[0m13:34:02.951640 [debug] [Thread-13 ]: Writing runtime sql for node "test.chinook.not_null_Genre__GenreId_.bbc29084c9"
[0m13:34:02.953636 [debug] [Thread-13 ]: Using databricks connection "test.chinook.not_null_Genre__GenreId_.bbc29084c9"
[0m13:34:02.954636 [debug] [Thread-13 ]: On test.chinook.not_null_Genre__GenreId_.bbc29084c9: /* {"app": "dbt", "dbt_version": "1.11.2", "dbt_databricks_version": "1.12.4", "databricks_sql_connector_version": "4.1.3", "profile_name": "chinook", "target_name": "dev", "invocation_id": "2e62fc00-4722-466a-a021-c02943e2e905", "node_id": "test.chinook.not_null_Genre__GenreId_.bbc29084c9"} */

    select
      count(*) as failures,
      count(*) != 0 as should_warn,
      count(*) != 0 as should_error
    from (
      
    
  
    
    



select `GenreId`
from `uc_sql_server_central`.`data_raw`.`genre01`
where `GenreId` is null



  
  
      
    ) dbt_internal_test
[0m13:34:02.955142 [debug] [Thread-13 ]: Opening a new connection, currently in state init
[0m13:34:03.309647 [debug] [Thread-13 ]: Databricks adapter: Connection(session-id=01f1a23d-7e95-1d50-861b-29c2cf6b4fac) - Created
[0m13:34:03.770730 [debug] [Thread-13 ]: SQL status: OK in 0.820 seconds
[0m13:34:03.772727 [debug] [Thread-13 ]: Databricks adapter: Cursor(session-id=01f1a23d-7e95-1d50-861b-29c2cf6b4fac, command-id=01f1a23d-7ea4-19c3-b478-daa0ab11b004) - Closing
[0m13:34:03.773730 [debug] [Thread-13 ]: On test.chinook.not_null_Genre__GenreId_.bbc29084c9: Close
[0m13:34:03.774730 [debug] [Thread-13 ]: Databricks adapter: Connection(session-id=01f1a23d-7e95-1d50-861b-29c2cf6b4fac) - Closing
[0m13:34:03.855349 [info ] [Thread-13 ]: 24 of 59 PASS not_null_Genre__GenreId_ ......................................... [[32mPASS[0m in 0.92s]
[0m13:34:03.857367 [debug] [Thread-13 ]: Finished running node test.chinook.not_null_Genre__GenreId_.bbc29084c9
[0m13:34:03.858384 [debug] [Thread-13 ]: Began running node test.chinook.unique_Genre__GenreId_.e0d0e99ed0
[0m13:34:03.859368 [info ] [Thread-13 ]: 25 of 59 START test unique_Genre__GenreId_ ..................................... [RUN]
[0m13:34:03.860380 [debug] [Thread-13 ]: Databricks adapter: DatabricksDBTConnection(session-id=None, name=test.chinook.unique_Genre__GenreId_.e0d0e99ed0) - Creating connection
[0m13:34:03.861387 [debug] [Thread-13 ]: Acquiring new databricks connection 'test.chinook.unique_Genre__GenreId_.e0d0e99ed0'
[0m13:34:03.862387 [debug] [Thread-13 ]: Began compiling node test.chinook.unique_Genre__GenreId_.e0d0e99ed0
[0m13:34:03.872454 [debug] [Thread-13 ]: Writing injected SQL for node "test.chinook.unique_Genre__GenreId_.e0d0e99ed0"
[0m13:34:03.874447 [debug] [Thread-13 ]: Began executing node test.chinook.unique_Genre__GenreId_.e0d0e99ed0
[0m13:34:03.879648 [debug] [Thread-13 ]: Writing runtime sql for node "test.chinook.unique_Genre__GenreId_.e0d0e99ed0"
[0m13:34:03.881161 [debug] [Thread-13 ]: Using databricks connection "test.chinook.unique_Genre__GenreId_.e0d0e99ed0"
[0m13:34:03.882165 [debug] [Thread-13 ]: On test.chinook.unique_Genre__GenreId_.e0d0e99ed0: /* {"app": "dbt", "dbt_version": "1.11.2", "dbt_databricks_version": "1.12.4", "databricks_sql_connector_version": "4.1.3", "profile_name": "chinook", "target_name": "dev", "invocation_id": "2e62fc00-4722-466a-a021-c02943e2e905", "node_id": "test.chinook.unique_Genre__GenreId_.e0d0e99ed0"} */

    select
      count(*) as failures,
      count(*) != 0 as should_warn,
      count(*) != 0 as should_error
    from (
      
    
  
    
    

select
    `GenreId` as unique_field,
    count(*) as n_records

from `uc_sql_server_central`.`data_raw`.`genre01`
where `GenreId` is not null
group by `GenreId`
having count(*) > 1



  
  
      
    ) dbt_internal_test
[0m13:34:03.883166 [debug] [Thread-13 ]: Opening a new connection, currently in state init
[0m13:34:04.268140 [debug] [Thread-13 ]: Databricks adapter: Connection(session-id=01f1a23d-7f29-1ed0-80e7-1d4657262036) - Created
[0m13:34:04.716929 [debug] [Thread-13 ]: SQL status: OK in 0.830 seconds
[0m13:34:04.726040 [debug] [Thread-13 ]: Databricks adapter: Cursor(session-id=01f1a23d-7f29-1ed0-80e7-1d4657262036, command-id=01f1a23d-7f35-1c3c-b95c-08e409834785) - Closing
[0m13:34:04.729583 [debug] [Thread-13 ]: On test.chinook.unique_Genre__GenreId_.e0d0e99ed0: Close
[0m13:34:04.731606 [debug] [Thread-13 ]: Databricks adapter: Connection(session-id=01f1a23d-7f29-1ed0-80e7-1d4657262036) - Closing
[0m13:34:04.866590 [info ] [Thread-13 ]: 25 of 59 PASS unique_Genre__GenreId_ ........................................... [[32mPASS[0m in 1.01s]
[0m13:34:04.870602 [debug] [Thread-13 ]: Finished running node test.chinook.unique_Genre__GenreId_.e0d0e99ed0
[0m13:34:04.872664 [debug] [Thread-13 ]: Began running node test.chinook.not_null_Invoice__InvoiceId_.e27afccb10
[0m13:34:04.874658 [info ] [Thread-13 ]: 26 of 59 START test not_null_Invoice__InvoiceId_ ............................... [RUN]
[0m13:34:04.878286 [debug] [Thread-13 ]: Databricks adapter: DatabricksDBTConnection(session-id=None, name=test.chinook.not_null_Invoice__InvoiceId_.e27afccb10) - Creating connection
[0m13:34:04.880837 [debug] [Thread-13 ]: Acquiring new databricks connection 'test.chinook.not_null_Invoice__InvoiceId_.e27afccb10'
[0m13:34:04.881828 [debug] [Thread-13 ]: Began compiling node test.chinook.not_null_Invoice__InvoiceId_.e27afccb10
[0m13:34:04.906756 [debug] [Thread-13 ]: Writing injected SQL for node "test.chinook.not_null_Invoice__InvoiceId_.e27afccb10"
[0m13:34:04.912719 [debug] [Thread-13 ]: Began executing node test.chinook.not_null_Invoice__InvoiceId_.e27afccb10
[0m13:34:04.929943 [debug] [Thread-13 ]: Writing runtime sql for node "test.chinook.not_null_Invoice__InvoiceId_.e27afccb10"
[0m13:34:04.935632 [debug] [Thread-13 ]: Using databricks connection "test.chinook.not_null_Invoice__InvoiceId_.e27afccb10"
[0m13:34:04.937635 [debug] [Thread-13 ]: On test.chinook.not_null_Invoice__InvoiceId_.e27afccb10: /* {"app": "dbt", "dbt_version": "1.11.2", "dbt_databricks_version": "1.12.4", "databricks_sql_connector_version": "4.1.3", "profile_name": "chinook", "target_name": "dev", "invocation_id": "2e62fc00-4722-466a-a021-c02943e2e905", "node_id": "test.chinook.not_null_Invoice__InvoiceId_.e27afccb10"} */

    select
      count(*) as failures,
      count(*) != 0 as should_warn,
      count(*) != 0 as should_error
    from (
      
    
  
    
    



select `InvoiceId`
from `uc_sql_server_central`.`data_raw`.`invoice01`
where `InvoiceId` is null



  
  
      
    ) dbt_internal_test
[0m13:34:04.939655 [debug] [Thread-13 ]: Opening a new connection, currently in state init
[0m13:34:05.364876 [debug] [Thread-13 ]: Databricks adapter: Connection(session-id=01f1a23d-7fce-1bf3-b80f-a85792380e23) - Created
[0m13:34:05.798382 [debug] [Thread-13 ]: SQL status: OK in 0.860 seconds
[0m13:34:05.801905 [debug] [Thread-13 ]: Databricks adapter: Cursor(session-id=01f1a23d-7fce-1bf3-b80f-a85792380e23, command-id=01f1a23d-7fdd-1081-a09d-a6255437dcfc) - Closing
[0m13:34:05.802903 [debug] [Thread-13 ]: On test.chinook.not_null_Invoice__InvoiceId_.e27afccb10: Close
[0m13:34:05.802903 [debug] [Thread-13 ]: Databricks adapter: Connection(session-id=01f1a23d-7fce-1bf3-b80f-a85792380e23) - Closing
[0m13:34:05.904746 [info ] [Thread-13 ]: 26 of 59 PASS not_null_Invoice__InvoiceId_ ..................................... [[32mPASS[0m in 1.03s]
[0m13:34:05.906272 [debug] [Thread-13 ]: Finished running node test.chinook.not_null_Invoice__InvoiceId_.e27afccb10
[0m13:34:05.907279 [debug] [Thread-13 ]: Began running node test.chinook.relationships_Invoice__CustomerId____CustomerId___ref_Customer_.d6b882ada2
[0m13:34:05.908273 [info ] [Thread-13 ]: 27 of 59 START test relationships_Invoice__CustomerId____CustomerId___ref_Customer_  [RUN]
[0m13:34:05.910806 [debug] [Thread-13 ]: Databricks adapter: DatabricksDBTConnection(session-id=None, name=test.chinook.relationships_Invoice__CustomerId____CustomerId___ref_Customer_.d6b882ada2) - Creating connection
[0m13:34:05.911811 [debug] [Thread-13 ]: Acquiring new databricks connection 'test.chinook.relationships_Invoice__CustomerId____CustomerId___ref_Customer_.d6b882ada2'
[0m13:34:05.913806 [debug] [Thread-13 ]: Began compiling node test.chinook.relationships_Invoice__CustomerId____CustomerId___ref_Customer_.d6b882ada2
[0m13:34:05.929428 [debug] [Thread-13 ]: Writing injected SQL for node "test.chinook.relationships_Invoice__CustomerId____CustomerId___ref_Customer_.d6b882ada2"
[0m13:34:05.932430 [debug] [Thread-13 ]: Began executing node test.chinook.relationships_Invoice__CustomerId____CustomerId___ref_Customer_.d6b882ada2
[0m13:34:05.936962 [debug] [Thread-13 ]: Writing runtime sql for node "test.chinook.relationships_Invoice__CustomerId____CustomerId___ref_Customer_.d6b882ada2"
[0m13:34:05.939469 [debug] [Thread-13 ]: Using databricks connection "test.chinook.relationships_Invoice__CustomerId____CustomerId___ref_Customer_.d6b882ada2"
[0m13:34:05.940481 [debug] [Thread-13 ]: On test.chinook.relationships_Invoice__CustomerId____CustomerId___ref_Customer_.d6b882ada2: /* {"app": "dbt", "dbt_version": "1.11.2", "dbt_databricks_version": "1.12.4", "databricks_sql_connector_version": "4.1.3", "profile_name": "chinook", "target_name": "dev", "invocation_id": "2e62fc00-4722-466a-a021-c02943e2e905", "node_id": "test.chinook.relationships_Invoice__CustomerId____CustomerId___ref_Customer_.d6b882ada2"} */

    select
      count(*) as failures,
      count(*) != 0 as should_warn,
      count(*) != 0 as should_error
    from (
      
    
  
    
    

with child as (
    select `CustomerId` as from_field
    from `uc_sql_server_central`.`data_raw`.`invoice01`
    where `CustomerId` is not null
),

parent as (
    select `CustomerId` as to_field
    from `uc_sql_server_central`.`data_raw`.`customer01`
)

select
    from_field

from child
left join parent
    on child.from_field = parent.to_field

where parent.to_field is null



  
  
      
    ) dbt_internal_test
[0m13:34:05.940481 [debug] [Thread-13 ]: Opening a new connection, currently in state init
[0m13:34:06.401355 [debug] [Thread-13 ]: Databricks adapter: Connection(session-id=01f1a23d-806f-1144-9ea6-72f8fa3d0a45) - Created
[0m13:34:07.135433 [debug] [Thread-13 ]: SQL status: OK in 1.190 seconds
[0m13:34:07.143483 [debug] [Thread-13 ]: Databricks adapter: Cursor(session-id=01f1a23d-806f-1144-9ea6-72f8fa3d0a45, command-id=01f1a23d-807c-1176-942b-e7e5bdb510fe) - Closing
[0m13:34:07.146020 [debug] [Thread-13 ]: On test.chinook.relationships_Invoice__CustomerId____CustomerId___ref_Customer_.d6b882ada2: Close
[0m13:34:07.149580 [debug] [Thread-13 ]: Databricks adapter: Connection(session-id=01f1a23d-806f-1144-9ea6-72f8fa3d0a45) - Closing
[0m13:34:07.250749 [info ] [Thread-13 ]: 27 of 59 PASS relationships_Invoice__CustomerId____CustomerId___ref_Customer_ .. [[32mPASS[0m in 1.34s]
[0m13:34:07.257308 [debug] [Thread-13 ]: Finished running node test.chinook.relationships_Invoice__CustomerId____CustomerId___ref_Customer_.d6b882ada2
[0m13:34:07.259854 [debug] [Thread-13 ]: Began running node test.chinook.unique_Invoice__InvoiceId_.9a5483c93a
[0m13:34:07.264408 [info ] [Thread-13 ]: 28 of 59 START test unique_Invoice__InvoiceId_ ................................. [RUN]
[0m13:34:07.268427 [debug] [Thread-13 ]: Databricks adapter: DatabricksDBTConnection(session-id=None, name=test.chinook.unique_Invoice__InvoiceId_.9a5483c93a) - Creating connection
[0m13:34:07.270454 [debug] [Thread-13 ]: Acquiring new databricks connection 'test.chinook.unique_Invoice__InvoiceId_.9a5483c93a'
[0m13:34:07.273453 [debug] [Thread-13 ]: Began compiling node test.chinook.unique_Invoice__InvoiceId_.9a5483c93a
[0m13:34:07.292619 [debug] [Thread-13 ]: Writing injected SQL for node "test.chinook.unique_Invoice__InvoiceId_.9a5483c93a"
[0m13:34:07.297183 [debug] [Thread-13 ]: Began executing node test.chinook.unique_Invoice__InvoiceId_.9a5483c93a
[0m13:34:07.307795 [debug] [Thread-13 ]: Writing runtime sql for node "test.chinook.unique_Invoice__InvoiceId_.9a5483c93a"
[0m13:34:07.311805 [debug] [Thread-13 ]: Using databricks connection "test.chinook.unique_Invoice__InvoiceId_.9a5483c93a"
[0m13:34:07.313806 [debug] [Thread-13 ]: On test.chinook.unique_Invoice__InvoiceId_.9a5483c93a: /* {"app": "dbt", "dbt_version": "1.11.2", "dbt_databricks_version": "1.12.4", "databricks_sql_connector_version": "4.1.3", "profile_name": "chinook", "target_name": "dev", "invocation_id": "2e62fc00-4722-466a-a021-c02943e2e905", "node_id": "test.chinook.unique_Invoice__InvoiceId_.9a5483c93a"} */

    select
      count(*) as failures,
      count(*) != 0 as should_warn,
      count(*) != 0 as should_error
    from (
      
    
  
    
    

select
    `InvoiceId` as unique_field,
    count(*) as n_records

from `uc_sql_server_central`.`data_raw`.`invoice01`
where `InvoiceId` is not null
group by `InvoiceId`
having count(*) > 1



  
  
      
    ) dbt_internal_test
[0m13:34:07.315319 [debug] [Thread-13 ]: Opening a new connection, currently in state init
[0m13:34:07.799559 [debug] [Thread-13 ]: Databricks adapter: Connection(session-id=01f1a23d-8144-1178-8879-7973e5f36e4f) - Created
[0m13:34:08.235236 [debug] [Thread-13 ]: SQL status: OK in 0.920 seconds
[0m13:34:08.242831 [debug] [Thread-13 ]: Databricks adapter: Cursor(session-id=01f1a23d-8144-1178-8879-7973e5f36e4f, command-id=01f1a23d-8151-1bde-9f1b-d2b1ab96fa34) - Closing
[0m13:34:08.245340 [debug] [Thread-13 ]: On test.chinook.unique_Invoice__InvoiceId_.9a5483c93a: Close
[0m13:34:08.247897 [debug] [Thread-13 ]: Databricks adapter: Connection(session-id=01f1a23d-8144-1178-8879-7973e5f36e4f) - Closing
[0m13:34:08.352861 [info ] [Thread-13 ]: 28 of 59 PASS unique_Invoice__InvoiceId_ ....................................... [[32mPASS[0m in 1.09s]
[0m13:34:08.355435 [debug] [Thread-13 ]: Finished running node test.chinook.unique_Invoice__InvoiceId_.9a5483c93a
[0m13:34:08.357488 [debug] [Thread-13 ]: Began running node test.chinook.not_null_InvoiceLine__InvoiceLineId_.b03d4c937c
[0m13:34:08.358486 [info ] [Thread-13 ]: 29 of 59 START test not_null_InvoiceLine__InvoiceLineId_ ....................... [RUN]
[0m13:34:08.361489 [debug] [Thread-13 ]: Databricks adapter: DatabricksDBTConnection(session-id=None, name=test.chinook.not_null_InvoiceLine__InvoiceLineId_.b03d4c937c) - Creating connection
[0m13:34:08.363488 [debug] [Thread-13 ]: Acquiring new databricks connection 'test.chinook.not_null_InvoiceLine__InvoiceLineId_.b03d4c937c'
[0m13:34:08.365064 [debug] [Thread-13 ]: Began compiling node test.chinook.not_null_InvoiceLine__InvoiceLineId_.b03d4c937c
[0m13:34:08.389503 [debug] [Thread-13 ]: Writing injected SQL for node "test.chinook.not_null_InvoiceLine__InvoiceLineId_.b03d4c937c"
[0m13:34:08.399143 [debug] [Thread-13 ]: Began executing node test.chinook.not_null_InvoiceLine__InvoiceLineId_.b03d4c937c
[0m13:34:08.417372 [debug] [Thread-13 ]: Writing runtime sql for node "test.chinook.not_null_InvoiceLine__InvoiceLineId_.b03d4c937c"
[0m13:34:08.425458 [debug] [Thread-13 ]: Using databricks connection "test.chinook.not_null_InvoiceLine__InvoiceLineId_.b03d4c937c"
[0m13:34:08.427521 [debug] [Thread-13 ]: On test.chinook.not_null_InvoiceLine__InvoiceLineId_.b03d4c937c: /* {"app": "dbt", "dbt_version": "1.11.2", "dbt_databricks_version": "1.12.4", "databricks_sql_connector_version": "4.1.3", "profile_name": "chinook", "target_name": "dev", "invocation_id": "2e62fc00-4722-466a-a021-c02943e2e905", "node_id": "test.chinook.not_null_InvoiceLine__InvoiceLineId_.b03d4c937c"} */

    select
      count(*) as failures,
      count(*) != 0 as should_warn,
      count(*) != 0 as should_error
    from (
      
    
  
    
    



select `InvoiceLineId`
from `uc_sql_server_central`.`data_raw`.`invoiceline01`
where `InvoiceLineId` is null



  
  
      
    ) dbt_internal_test
[0m13:34:08.430045 [debug] [Thread-13 ]: Opening a new connection, currently in state init
[0m13:34:08.836955 [debug] [Thread-13 ]: Databricks adapter: Connection(session-id=01f1a23d-81e1-1004-aa51-7e730b9bd744) - Created
[0m13:34:09.269966 [debug] [Thread-13 ]: SQL status: OK in 0.840 seconds
[0m13:34:09.279540 [debug] [Thread-13 ]: Databricks adapter: Cursor(session-id=01f1a23d-81e1-1004-aa51-7e730b9bd744, command-id=01f1a23d-81f1-1d28-8b15-f905872ac3bf) - Closing
[0m13:34:09.283562 [debug] [Thread-13 ]: On test.chinook.not_null_InvoiceLine__InvoiceLineId_.b03d4c937c: Close
[0m13:34:09.286106 [debug] [Thread-13 ]: Databricks adapter: Connection(session-id=01f1a23d-81e1-1004-aa51-7e730b9bd744) - Closing
[0m13:34:09.403640 [info ] [Thread-13 ]: 29 of 59 PASS not_null_InvoiceLine__InvoiceLineId_ ............................. [[32mPASS[0m in 1.04s]
[0m13:34:09.407697 [debug] [Thread-13 ]: Finished running node test.chinook.not_null_InvoiceLine__InvoiceLineId_.b03d4c937c
[0m13:34:09.410716 [debug] [Thread-13 ]: Began running node test.chinook.relationships_InvoiceLine__InvoiceId____InvoiceId___ref_Invoice_.7ec79b40e0
[0m13:34:09.412706 [info ] [Thread-13 ]: 30 of 59 START test relationships_InvoiceLine__InvoiceId____InvoiceId___ref_Invoice_  [RUN]
[0m13:34:09.416986 [debug] [Thread-13 ]: Databricks adapter: DatabricksDBTConnection(session-id=None, name=test.chinook.relationships_InvoiceLine__InvoiceId____InvoiceId___ref_Invoice_.7ec79b40e0) - Creating connection
[0m13:34:09.420043 [debug] [Thread-13 ]: Acquiring new databricks connection 'test.chinook.relationships_InvoiceLine__InvoiceId____InvoiceId___ref_Invoice_.7ec79b40e0'
[0m13:34:09.423070 [debug] [Thread-13 ]: Began compiling node test.chinook.relationships_InvoiceLine__InvoiceId____InvoiceId___ref_Invoice_.7ec79b40e0
[0m13:34:09.480893 [debug] [Thread-13 ]: Writing injected SQL for node "test.chinook.relationships_InvoiceLine__InvoiceId____InvoiceId___ref_Invoice_.7ec79b40e0"
[0m13:34:09.488431 [debug] [Thread-13 ]: Began executing node test.chinook.relationships_InvoiceLine__InvoiceId____InvoiceId___ref_Invoice_.7ec79b40e0
[0m13:34:09.503038 [debug] [Thread-13 ]: Writing runtime sql for node "test.chinook.relationships_InvoiceLine__InvoiceId____InvoiceId___ref_Invoice_.7ec79b40e0"
[0m13:34:09.510865 [debug] [Thread-13 ]: Using databricks connection "test.chinook.relationships_InvoiceLine__InvoiceId____InvoiceId___ref_Invoice_.7ec79b40e0"
[0m13:34:09.513421 [debug] [Thread-13 ]: On test.chinook.relationships_InvoiceLine__InvoiceId____InvoiceId___ref_Invoice_.7ec79b40e0: /* {"app": "dbt", "dbt_version": "1.11.2", "dbt_databricks_version": "1.12.4", "databricks_sql_connector_version": "4.1.3", "profile_name": "chinook", "target_name": "dev", "invocation_id": "2e62fc00-4722-466a-a021-c02943e2e905", "node_id": "test.chinook.relationships_InvoiceLine__InvoiceId____InvoiceId___ref_Invoice_.7ec79b40e0"} */

    select
      count(*) as failures,
      count(*) != 0 as should_warn,
      count(*) != 0 as should_error
    from (
      
    
  
    
    

with child as (
    select `InvoiceId` as from_field
    from `uc_sql_server_central`.`data_raw`.`invoiceline01`
    where `InvoiceId` is not null
),

parent as (
    select `InvoiceId` as to_field
    from `uc_sql_server_central`.`data_raw`.`invoice01`
)

select
    from_field

from child
left join parent
    on child.from_field = parent.to_field

where parent.to_field is null



  
  
      
    ) dbt_internal_test
[0m13:34:09.515934 [debug] [Thread-13 ]: Opening a new connection, currently in state init
[0m13:34:09.944911 [debug] [Thread-13 ]: Databricks adapter: Connection(session-id=01f1a23d-828a-16e5-be14-b2ace6da170a) - Created
[0m13:34:10.663204 [debug] [Thread-13 ]: SQL status: OK in 1.150 seconds
[0m13:34:10.667358 [debug] [Thread-13 ]: Databricks adapter: Cursor(session-id=01f1a23d-828a-16e5-be14-b2ace6da170a, command-id=01f1a23d-8298-1b0c-95a7-702828178a71) - Closing
[0m13:34:10.669394 [debug] [Thread-13 ]: On test.chinook.relationships_InvoiceLine__InvoiceId____InvoiceId___ref_Invoice_.7ec79b40e0: Close
[0m13:34:10.670407 [debug] [Thread-13 ]: Databricks adapter: Connection(session-id=01f1a23d-828a-16e5-be14-b2ace6da170a) - Closing
[0m13:34:10.771427 [info ] [Thread-13 ]: 30 of 59 PASS relationships_InvoiceLine__InvoiceId____InvoiceId___ref_Invoice_ . [[32mPASS[0m in 1.36s]
[0m13:34:10.773433 [debug] [Thread-13 ]: Finished running node test.chinook.relationships_InvoiceLine__InvoiceId____InvoiceId___ref_Invoice_.7ec79b40e0
[0m13:34:10.774458 [debug] [Thread-13 ]: Began running node test.chinook.unique_InvoiceLine__InvoiceLineId_.1b9368c027
[0m13:34:10.774458 [info ] [Thread-13 ]: 31 of 59 START test unique_InvoiceLine__InvoiceLineId_ ......................... [RUN]
[0m13:34:10.774458 [debug] [Thread-13 ]: Databricks adapter: DatabricksDBTConnection(session-id=None, name=test.chinook.unique_InvoiceLine__InvoiceLineId_.1b9368c027) - Creating connection
[0m13:34:10.776537 [debug] [Thread-13 ]: Acquiring new databricks connection 'test.chinook.unique_InvoiceLine__InvoiceLineId_.1b9368c027'
[0m13:34:10.776537 [debug] [Thread-13 ]: Began compiling node test.chinook.unique_InvoiceLine__InvoiceLineId_.1b9368c027
[0m13:34:10.789415 [debug] [Thread-13 ]: Writing injected SQL for node "test.chinook.unique_InvoiceLine__InvoiceLineId_.1b9368c027"
[0m13:34:10.789415 [debug] [Thread-13 ]: Began executing node test.chinook.unique_InvoiceLine__InvoiceLineId_.1b9368c027
[0m13:34:10.794789 [debug] [Thread-13 ]: Writing runtime sql for node "test.chinook.unique_InvoiceLine__InvoiceLineId_.1b9368c027"
[0m13:34:10.796862 [debug] [Thread-13 ]: Using databricks connection "test.chinook.unique_InvoiceLine__InvoiceLineId_.1b9368c027"
[0m13:34:10.796862 [debug] [Thread-13 ]: On test.chinook.unique_InvoiceLine__InvoiceLineId_.1b9368c027: /* {"app": "dbt", "dbt_version": "1.11.2", "dbt_databricks_version": "1.12.4", "databricks_sql_connector_version": "4.1.3", "profile_name": "chinook", "target_name": "dev", "invocation_id": "2e62fc00-4722-466a-a021-c02943e2e905", "node_id": "test.chinook.unique_InvoiceLine__InvoiceLineId_.1b9368c027"} */

    select
      count(*) as failures,
      count(*) != 0 as should_warn,
      count(*) != 0 as should_error
    from (
      
    
  
    
    

select
    `InvoiceLineId` as unique_field,
    count(*) as n_records

from `uc_sql_server_central`.`data_raw`.`invoiceline01`
where `InvoiceLineId` is not null
group by `InvoiceLineId`
having count(*) > 1



  
  
      
    ) dbt_internal_test
[0m13:34:10.796862 [debug] [Thread-13 ]: Opening a new connection, currently in state init
[0m13:34:11.166812 [debug] [Thread-13 ]: Databricks adapter: Connection(session-id=01f1a23d-8345-1992-92c4-515c9c376694) - Created
[0m13:34:11.741610 [debug] [Thread-13 ]: SQL status: OK in 0.940 seconds
[0m13:34:11.751432 [debug] [Thread-13 ]: Databricks adapter: Cursor(session-id=01f1a23d-8345-1992-92c4-515c9c376694, command-id=01f1a23d-8352-1a2e-96c6-70399f81f7f8) - Closing
[0m13:34:11.754470 [debug] [Thread-13 ]: On test.chinook.unique_InvoiceLine__InvoiceLineId_.1b9368c027: Close
[0m13:34:11.758673 [debug] [Thread-13 ]: Databricks adapter: Connection(session-id=01f1a23d-8345-1992-92c4-515c9c376694) - Closing
[0m13:34:11.906727 [info ] [Thread-13 ]: 31 of 59 PASS unique_InvoiceLine__InvoiceLineId_ ............................... [[32mPASS[0m in 1.13s]
[0m13:34:11.909759 [debug] [Thread-13 ]: Finished running node test.chinook.unique_InvoiceLine__InvoiceLineId_.1b9368c027
[0m13:34:11.912922 [debug] [Thread-13 ]: Began running node test.chinook.not_null_MediaType__MediaTypeId_.2eda38646b
[0m13:34:11.916555 [info ] [Thread-13 ]: 32 of 59 START test not_null_MediaType__MediaTypeId_ ........................... [RUN]
[0m13:34:11.920759 [debug] [Thread-13 ]: Databricks adapter: DatabricksDBTConnection(session-id=None, name=test.chinook.not_null_MediaType__MediaTypeId_.2eda38646b) - Creating connection
[0m13:34:11.920759 [debug] [Thread-13 ]: Acquiring new databricks connection 'test.chinook.not_null_MediaType__MediaTypeId_.2eda38646b'
[0m13:34:11.923844 [debug] [Thread-13 ]: Began compiling node test.chinook.not_null_MediaType__MediaTypeId_.2eda38646b
[0m13:34:11.936218 [debug] [Thread-13 ]: Writing injected SQL for node "test.chinook.not_null_MediaType__MediaTypeId_.2eda38646b"
[0m13:34:11.939571 [debug] [Thread-13 ]: Began executing node test.chinook.not_null_MediaType__MediaTypeId_.2eda38646b
[0m13:34:11.946394 [debug] [Thread-13 ]: Writing runtime sql for node "test.chinook.not_null_MediaType__MediaTypeId_.2eda38646b"
[0m13:34:11.947239 [debug] [Thread-13 ]: Using databricks connection "test.chinook.not_null_MediaType__MediaTypeId_.2eda38646b"
[0m13:34:11.949755 [debug] [Thread-13 ]: On test.chinook.not_null_MediaType__MediaTypeId_.2eda38646b: /* {"app": "dbt", "dbt_version": "1.11.2", "dbt_databricks_version": "1.12.4", "databricks_sql_connector_version": "4.1.3", "profile_name": "chinook", "target_name": "dev", "invocation_id": "2e62fc00-4722-466a-a021-c02943e2e905", "node_id": "test.chinook.not_null_MediaType__MediaTypeId_.2eda38646b"} */

    select
      count(*) as failures,
      count(*) != 0 as should_warn,
      count(*) != 0 as should_error
    from (
      
    
  
    
    



select `MediaTypeId`
from `uc_sql_server_central`.`data_raw`.`mediatype01`
where `MediaTypeId` is null



  
  
      
    ) dbt_internal_test
[0m13:34:11.949755 [debug] [Thread-13 ]: Opening a new connection, currently in state init
[0m13:34:12.382251 [debug] [Thread-13 ]: Databricks adapter: Connection(session-id=01f1a23d-83ff-1849-9045-b7d0256e189d) - Created
[0m13:34:12.794540 [debug] [Thread-13 ]: SQL status: OK in 0.840 seconds
[0m13:34:12.799461 [debug] [Thread-13 ]: Databricks adapter: Cursor(session-id=01f1a23d-83ff-1849-9045-b7d0256e189d, command-id=01f1a23d-840a-1d3d-a678-172d920788c9) - Closing
[0m13:34:12.799461 [debug] [Thread-13 ]: On test.chinook.not_null_MediaType__MediaTypeId_.2eda38646b: Close
[0m13:34:12.801472 [debug] [Thread-13 ]: Databricks adapter: Connection(session-id=01f1a23d-83ff-1849-9045-b7d0256e189d) - Closing
[0m13:34:12.896583 [info ] [Thread-13 ]: 32 of 59 PASS not_null_MediaType__MediaTypeId_ ................................. [[32mPASS[0m in 0.98s]
[0m13:34:12.898334 [debug] [Thread-13 ]: Finished running node test.chinook.not_null_MediaType__MediaTypeId_.2eda38646b
[0m13:34:12.898334 [debug] [Thread-13 ]: Began running node test.chinook.unique_MediaType__MediaTypeId_.7a39d2dae4
[0m13:34:12.899860 [info ] [Thread-13 ]: 33 of 59 START test unique_MediaType__MediaTypeId_ ............................. [RUN]
[0m13:34:12.900880 [debug] [Thread-13 ]: Databricks adapter: DatabricksDBTConnection(session-id=None, name=test.chinook.unique_MediaType__MediaTypeId_.7a39d2dae4) - Creating connection
[0m13:34:12.900880 [debug] [Thread-13 ]: Acquiring new databricks connection 'test.chinook.unique_MediaType__MediaTypeId_.7a39d2dae4'
[0m13:34:12.902902 [debug] [Thread-13 ]: Began compiling node test.chinook.unique_MediaType__MediaTypeId_.7a39d2dae4
[0m13:34:12.912010 [debug] [Thread-13 ]: Writing injected SQL for node "test.chinook.unique_MediaType__MediaTypeId_.7a39d2dae4"
[0m13:34:12.914528 [debug] [Thread-13 ]: Began executing node test.chinook.unique_MediaType__MediaTypeId_.7a39d2dae4
[0m13:34:12.917611 [debug] [Thread-13 ]: Writing runtime sql for node "test.chinook.unique_MediaType__MediaTypeId_.7a39d2dae4"
[0m13:34:12.917611 [debug] [Thread-13 ]: Using databricks connection "test.chinook.unique_MediaType__MediaTypeId_.7a39d2dae4"
[0m13:34:12.917611 [debug] [Thread-13 ]: On test.chinook.unique_MediaType__MediaTypeId_.7a39d2dae4: /* {"app": "dbt", "dbt_version": "1.11.2", "dbt_databricks_version": "1.12.4", "databricks_sql_connector_version": "4.1.3", "profile_name": "chinook", "target_name": "dev", "invocation_id": "2e62fc00-4722-466a-a021-c02943e2e905", "node_id": "test.chinook.unique_MediaType__MediaTypeId_.7a39d2dae4"} */

    select
      count(*) as failures,
      count(*) != 0 as should_warn,
      count(*) != 0 as should_error
    from (
      
    
  
    
    

select
    `MediaTypeId` as unique_field,
    count(*) as n_records

from `uc_sql_server_central`.`data_raw`.`mediatype01`
where `MediaTypeId` is not null
group by `MediaTypeId`
having count(*) > 1



  
  
      
    ) dbt_internal_test
[0m13:34:12.917611 [debug] [Thread-13 ]: Opening a new connection, currently in state init
[0m13:34:13.344391 [debug] [Thread-13 ]: Databricks adapter: Connection(session-id=01f1a23d-8493-177e-9a6c-000585e2c412) - Created
[0m13:34:13.805877 [debug] [Thread-13 ]: SQL status: OK in 0.890 seconds
[0m13:34:13.809442 [debug] [Thread-13 ]: Databricks adapter: Cursor(session-id=01f1a23d-8493-177e-9a6c-000585e2c412, command-id=01f1a23d-849f-15a9-9060-34f883fb718b) - Closing
[0m13:34:13.811453 [debug] [Thread-13 ]: On test.chinook.unique_MediaType__MediaTypeId_.7a39d2dae4: Close
[0m13:34:13.811453 [debug] [Thread-13 ]: Databricks adapter: Connection(session-id=01f1a23d-8493-177e-9a6c-000585e2c412) - Closing
[0m13:34:13.914869 [info ] [Thread-13 ]: 33 of 59 PASS unique_MediaType__MediaTypeId_ ................................... [[32mPASS[0m in 1.01s]
[0m13:34:13.921597 [debug] [Thread-13 ]: Finished running node test.chinook.unique_MediaType__MediaTypeId_.7a39d2dae4
[0m13:34:13.923623 [debug] [Thread-13 ]: Began running node test.chinook.not_null_Playlist__PlaylistId_.d2edff8e7d
[0m13:34:13.927871 [info ] [Thread-13 ]: 34 of 59 START test not_null_Playlist__PlaylistId_ ............................. [RUN]
[0m13:34:13.933483 [debug] [Thread-13 ]: Databricks adapter: DatabricksDBTConnection(session-id=None, name=test.chinook.not_null_Playlist__PlaylistId_.d2edff8e7d) - Creating connection
[0m13:34:13.936573 [debug] [Thread-13 ]: Acquiring new databricks connection 'test.chinook.not_null_Playlist__PlaylistId_.d2edff8e7d'
[0m13:34:13.937596 [debug] [Thread-13 ]: Began compiling node test.chinook.not_null_Playlist__PlaylistId_.d2edff8e7d
[0m13:34:13.964561 [debug] [Thread-13 ]: Writing injected SQL for node "test.chinook.not_null_Playlist__PlaylistId_.d2edff8e7d"
[0m13:34:13.969399 [debug] [Thread-13 ]: Began executing node test.chinook.not_null_Playlist__PlaylistId_.d2edff8e7d
[0m13:34:13.977379 [debug] [Thread-13 ]: Writing runtime sql for node "test.chinook.not_null_Playlist__PlaylistId_.d2edff8e7d"
[0m13:34:13.981404 [debug] [Thread-13 ]: Using databricks connection "test.chinook.not_null_Playlist__PlaylistId_.d2edff8e7d"
[0m13:34:13.981404 [debug] [Thread-13 ]: On test.chinook.not_null_Playlist__PlaylistId_.d2edff8e7d: /* {"app": "dbt", "dbt_version": "1.11.2", "dbt_databricks_version": "1.12.4", "databricks_sql_connector_version": "4.1.3", "profile_name": "chinook", "target_name": "dev", "invocation_id": "2e62fc00-4722-466a-a021-c02943e2e905", "node_id": "test.chinook.not_null_Playlist__PlaylistId_.d2edff8e7d"} */

    select
      count(*) as failures,
      count(*) != 0 as should_warn,
      count(*) != 0 as should_error
    from (
      
    
  
    
    



select `PlaylistId`
from `uc_sql_server_central`.`data_raw`.`playlist01`
where `PlaylistId` is null



  
  
      
    ) dbt_internal_test
[0m13:34:13.983413 [debug] [Thread-13 ]: Opening a new connection, currently in state init
[0m13:34:14.324558 [debug] [Thread-13 ]: Databricks adapter: Connection(session-id=01f1a23d-8529-13b8-b734-2c3a4592e047) - Created
[0m13:34:14.747840 [debug] [Thread-13 ]: SQL status: OK in 0.760 seconds
[0m13:34:14.749874 [debug] [Thread-13 ]: Databricks adapter: Cursor(session-id=01f1a23d-8529-13b8-b734-2c3a4592e047, command-id=01f1a23d-8537-1db6-b56d-a1cd184cb720) - Closing
[0m13:34:14.751438 [debug] [Thread-13 ]: On test.chinook.not_null_Playlist__PlaylistId_.d2edff8e7d: Close
[0m13:34:14.751438 [debug] [Thread-13 ]: Databricks adapter: Connection(session-id=01f1a23d-8529-13b8-b734-2c3a4592e047) - Closing
[0m13:34:14.854414 [info ] [Thread-13 ]: 34 of 59 PASS not_null_Playlist__PlaylistId_ ................................... [[32mPASS[0m in 0.92s]
[0m13:34:14.858655 [debug] [Thread-13 ]: Finished running node test.chinook.not_null_Playlist__PlaylistId_.d2edff8e7d
[0m13:34:14.860365 [debug] [Thread-13 ]: Began running node test.chinook.unique_Playlist__PlaylistId_.6bc6f41a44
[0m13:34:14.862674 [info ] [Thread-13 ]: 35 of 59 START test unique_Playlist__PlaylistId_ ............................... [RUN]
[0m13:34:14.866816 [debug] [Thread-13 ]: Databricks adapter: DatabricksDBTConnection(session-id=None, name=test.chinook.unique_Playlist__PlaylistId_.6bc6f41a44) - Creating connection
[0m13:34:14.868843 [debug] [Thread-13 ]: Acquiring new databricks connection 'test.chinook.unique_Playlist__PlaylistId_.6bc6f41a44'
[0m13:34:14.868843 [debug] [Thread-13 ]: Began compiling node test.chinook.unique_Playlist__PlaylistId_.6bc6f41a44
[0m13:34:14.903673 [debug] [Thread-13 ]: Writing injected SQL for node "test.chinook.unique_Playlist__PlaylistId_.6bc6f41a44"
[0m13:34:14.909980 [debug] [Thread-13 ]: Began executing node test.chinook.unique_Playlist__PlaylistId_.6bc6f41a44
[0m13:34:14.922148 [debug] [Thread-13 ]: Writing runtime sql for node "test.chinook.unique_Playlist__PlaylistId_.6bc6f41a44"
[0m13:34:14.927799 [debug] [Thread-13 ]: Using databricks connection "test.chinook.unique_Playlist__PlaylistId_.6bc6f41a44"
[0m13:34:14.929822 [debug] [Thread-13 ]: On test.chinook.unique_Playlist__PlaylistId_.6bc6f41a44: /* {"app": "dbt", "dbt_version": "1.11.2", "dbt_databricks_version": "1.12.4", "databricks_sql_connector_version": "4.1.3", "profile_name": "chinook", "target_name": "dev", "invocation_id": "2e62fc00-4722-466a-a021-c02943e2e905", "node_id": "test.chinook.unique_Playlist__PlaylistId_.6bc6f41a44"} */

    select
      count(*) as failures,
      count(*) != 0 as should_warn,
      count(*) != 0 as should_error
    from (
      
    
  
    
    

select
    `PlaylistId` as unique_field,
    count(*) as n_records

from `uc_sql_server_central`.`data_raw`.`playlist01`
where `PlaylistId` is not null
group by `PlaylistId`
having count(*) > 1



  
  
      
    ) dbt_internal_test
[0m13:34:14.929822 [debug] [Thread-13 ]: Opening a new connection, currently in state init
[0m13:34:15.369532 [debug] [Thread-13 ]: Databricks adapter: Connection(session-id=01f1a23d-85c7-126d-bd8c-4e10e7e0dd15) - Created
[0m13:34:15.832693 [debug] [Thread-13 ]: SQL status: OK in 0.900 seconds
[0m13:34:15.839666 [debug] [Thread-13 ]: Databricks adapter: Cursor(session-id=01f1a23d-85c7-126d-bd8c-4e10e7e0dd15, command-id=01f1a23d-85d3-1a55-addf-b7a1ab400742) - Closing
[0m13:34:15.844788 [debug] [Thread-13 ]: On test.chinook.unique_Playlist__PlaylistId_.6bc6f41a44: Close
[0m13:34:15.849560 [debug] [Thread-13 ]: Databricks adapter: Connection(session-id=01f1a23d-85c7-126d-bd8c-4e10e7e0dd15) - Closing
[0m13:34:15.974805 [info ] [Thread-13 ]: 35 of 59 PASS unique_Playlist__PlaylistId_ ..................................... [[32mPASS[0m in 1.11s]
[0m13:34:15.981826 [debug] [Thread-13 ]: Finished running node test.chinook.unique_Playlist__PlaylistId_.6bc6f41a44
[0m13:34:15.984913 [debug] [Thread-13 ]: Began running node snapshot.chinook.PlaylistTrack02
[0m13:34:15.989712 [info ] [Thread-13 ]: 36 of 59 START snapshot data_snapshot.playlisttrack02 .......................... [RUN]
[0m13:34:15.994833 [debug] [Thread-13 ]: Databricks adapter: DatabricksDBTConnection(session-id=None, name=snapshot.chinook.PlaylistTrack02) - Creating connection
[0m13:34:15.999118 [debug] [Thread-13 ]: Acquiring new databricks connection 'snapshot.chinook.PlaylistTrack02'
[0m13:34:16.003206 [debug] [Thread-13 ]: Began compiling node snapshot.chinook.PlaylistTrack02
[0m13:34:16.081159 [debug] [Thread-13 ]: Began executing node snapshot.chinook.PlaylistTrack02
[0m13:34:16.174709 [debug] [Thread-13 ]: Using databricks connection "snapshot.chinook.PlaylistTrack02"
[0m13:34:16.174709 [debug] [Thread-13 ]: On snapshot.chinook.PlaylistTrack02: /* {"app": "dbt", "dbt_version": "1.11.2", "dbt_databricks_version": "1.12.4", "databricks_sql_connector_version": "4.1.3", "profile_name": "chinook", "target_name": "dev", "invocation_id": "2e62fc00-4722-466a-a021-c02943e2e905", "node_id": "snapshot.chinook.PlaylistTrack02"} */
SELECT
    table_catalog,
    table_schema,
    table_name,
    filter_name,
    target_columns
  FROM `uc_sql_server_central`.`information_schema`.`row_filters`
  WHERE table_catalog = 'uc_sql_server_central'
    AND table_schema = 'data_snapshot'
    AND table_name = 'playlisttrack02'
[0m13:34:16.174709 [debug] [Thread-13 ]: Opening a new connection, currently in state init
[0m13:34:16.609189 [debug] [Thread-13 ]: Databricks adapter: Connection(session-id=01f1a23d-8685-13df-92a5-57e841adb436) - Created
[0m13:34:17.149582 [debug] [Thread-13 ]: SQL status: OK in 0.970 seconds
[0m13:34:17.159721 [debug] [Thread-13 ]: Databricks adapter: Cursor(session-id=01f1a23d-8685-13df-92a5-57e841adb436, command-id=01f1a23d-8699-1e24-962d-1db3bbc20466) - Closing
[0m13:34:17.210919 [debug] [Thread-13 ]: Using databricks connection "snapshot.chinook.PlaylistTrack02"
[0m13:34:17.212930 [debug] [Thread-13 ]: On snapshot.chinook.PlaylistTrack02: /* {"app": "dbt", "dbt_version": "1.11.2", "dbt_databricks_version": "1.12.4", "databricks_sql_connector_version": "4.1.3", "profile_name": "chinook", "target_name": "dev", "invocation_id": "2e62fc00-4722-466a-a021-c02943e2e905", "node_id": "snapshot.chinook.PlaylistTrack02"} */
select * from (
        select *,
        md5(coalesce(cast(`skey` as string ), '')
         || '|' || coalesce(cast(
    current_timestamp()
 as string ), '')
        ) as dbt_scd_id,
        
    current_timestamp()
 as dbt_updated_at,
        
    current_timestamp()
 as dbt_valid_from,
        
  
  coalesce(nullif(
    current_timestamp()
, 
    current_timestamp()
), null)
  as dbt_valid_to

    from (
        select 
  `PlaylistId`,
  `TrackId`,
  `skey`
from 
(
  select 
    `PlaylistId`,
    `TrackId`,
    md5(cast(concat(coalesce(cast(`PlaylistId` as string), '_dbt_utils_surrogate_key_null_'), '-', coalesce(cast(`TrackId` as string), '_dbt_utils_surrogate_key_null_')) as string)) as `skey`
    from `uc_sql_server_central`.`data_raw`.`playlisttrack01`
) as d
    ) sbq


    ) as __dbt_sbq
    where false
    limit 0

[0m13:34:17.544584 [debug] [Thread-13 ]: SQL status: OK in 0.330 seconds
[0m13:34:17.559690 [debug] [Thread-13 ]: Using databricks connection "snapshot.chinook.PlaylistTrack02"
[0m13:34:17.559690 [debug] [Thread-13 ]: On snapshot.chinook.PlaylistTrack02: /* {"app": "dbt", "dbt_version": "1.11.2", "dbt_databricks_version": "1.12.4", "databricks_sql_connector_version": "4.1.3", "profile_name": "chinook", "target_name": "dev", "invocation_id": "2e62fc00-4722-466a-a021-c02943e2e905", "node_id": "snapshot.chinook.PlaylistTrack02"} */
select * from (
        select 
    current_timestamp()
 as dbt_snapshot_time
    ) as __dbt_sbq
    where false
    limit 0

[0m13:34:17.564796 [debug] [Thread-13 ]: Databricks adapter: Cursor(session-id=01f1a23d-8685-13df-92a5-57e841adb436, command-id=01f1a23d-86ec-1ffa-bb8d-5b3b05a7e1df) - Closing
[0m13:34:17.748748 [debug] [Thread-13 ]: SQL status: OK in 0.180 seconds
[0m13:34:17.757073 [debug] [Thread-13 ]: Writing runtime sql for node "snapshot.chinook.PlaylistTrack02"
[0m13:34:17.766818 [debug] [Thread-13 ]: Using databricks connection "snapshot.chinook.PlaylistTrack02"
[0m13:34:17.770433 [debug] [Thread-13 ]: On snapshot.chinook.PlaylistTrack02: /* {"app": "dbt", "dbt_version": "1.11.2", "dbt_databricks_version": "1.12.4", "databricks_sql_connector_version": "4.1.3", "profile_name": "chinook", "target_name": "dev", "invocation_id": "2e62fc00-4722-466a-a021-c02943e2e905", "node_id": "snapshot.chinook.PlaylistTrack02"} */

      
  
    
        create or replace table `uc_sql_server_central`.`data_snapshot`.`playlisttrack02`
      
      
    using delta
  
      
      
      
      
      
      
      
      
      as
      select *,
        md5(coalesce(cast(`skey` as string ), '')
         || '|' || coalesce(cast(
    current_timestamp()
 as string ), '')
        ) as dbt_scd_id,
        
    current_timestamp()
 as dbt_updated_at,
        
    current_timestamp()
 as dbt_valid_from,
        
  
  coalesce(nullif(
    current_timestamp()
, 
    current_timestamp()
), null)
  as dbt_valid_to

    from (
        select 
  `PlaylistId`,
  `TrackId`,
  `skey`
from 
(
  select 
    `PlaylistId`,
    `TrackId`,
    md5(cast(concat(coalesce(cast(`PlaylistId` as string), '_dbt_utils_surrogate_key_null_'), '-', coalesce(cast(`TrackId` as string), '_dbt_utils_surrogate_key_null_')) as string)) as `skey`
    from `uc_sql_server_central`.`data_raw`.`playlisttrack01`
) as d
    ) sbq


  
  
[0m13:34:17.774579 [debug] [Thread-13 ]: Databricks adapter: Cursor(session-id=01f1a23d-8685-13df-92a5-57e841adb436, command-id=01f1a23d-8723-1d59-8b58-4cc88a7ee3fc) - Closing
[0m13:34:20.136749 [debug] [Thread-13 ]: SQL status: OK in 2.360 seconds
[0m13:34:20.141811 [debug] [Thread-13 ]: Databricks adapter: Cursor(session-id=01f1a23d-8685-13df-92a5-57e841adb436, command-id=01f1a23d-8742-1b45-b2ea-e4a427a42ca0) - Closing
[0m13:34:20.152122 [debug] [Thread-13 ]: On snapshot.chinook.PlaylistTrack02: Close
[0m13:34:20.154678 [debug] [Thread-13 ]: Databricks adapter: Connection(session-id=01f1a23d-8685-13df-92a5-57e841adb436) - Closing
[0m13:34:20.260088 [debug] [Thread-13 ]: Sending event: {'category': 'dbt', 'action': 'run_model', 'label': '2e62fc00-4722-466a-a021-c02943e2e905', 'context': [<snowplow_tracker.self_describing_json.SelfDescribingJson object at 0x0000012F7F596750>]}
[0m13:34:20.264859 [info ] [Thread-13 ]: 36 of 59 OK snapshotted data_snapshot.playlisttrack02 .......................... [[32mOK[0m in 4.27s]
[0m13:34:20.271377 [debug] [Thread-13 ]: Finished running node snapshot.chinook.PlaylistTrack02
[0m13:34:20.273420 [debug] [Thread-13 ]: Began running node test.chinook.relationships_PlaylistTrack__PlaylistId____PlaylistId___ref_Playlist_.63d0045b04
[0m13:34:20.276134 [info ] [Thread-13 ]: 37 of 59 START test relationships_PlaylistTrack__PlaylistId____PlaylistId___ref_Playlist_  [RUN]
[0m13:34:20.281725 [debug] [Thread-13 ]: Databricks adapter: DatabricksDBTConnection(session-id=None, name=test.chinook.relationships_PlaylistTrack__PlaylistId____PlaylistId___ref_Playlist_.63d0045b04) - Creating connection
[0m13:34:20.285221 [debug] [Thread-13 ]: Acquiring new databricks connection 'test.chinook.relationships_PlaylistTrack__PlaylistId____PlaylistId___ref_Playlist_.63d0045b04'
[0m13:34:20.286939 [debug] [Thread-13 ]: Began compiling node test.chinook.relationships_PlaylistTrack__PlaylistId____PlaylistId___ref_Playlist_.63d0045b04
[0m13:34:20.331712 [debug] [Thread-13 ]: Writing injected SQL for node "test.chinook.relationships_PlaylistTrack__PlaylistId____PlaylistId___ref_Playlist_.63d0045b04"
[0m13:34:20.336916 [debug] [Thread-13 ]: Began executing node test.chinook.relationships_PlaylistTrack__PlaylistId____PlaylistId___ref_Playlist_.63d0045b04
[0m13:34:20.344588 [debug] [Thread-13 ]: Writing runtime sql for node "test.chinook.relationships_PlaylistTrack__PlaylistId____PlaylistId___ref_Playlist_.63d0045b04"
[0m13:34:20.354730 [debug] [Thread-13 ]: Using databricks connection "test.chinook.relationships_PlaylistTrack__PlaylistId____PlaylistId___ref_Playlist_.63d0045b04"
[0m13:34:20.356994 [debug] [Thread-13 ]: On test.chinook.relationships_PlaylistTrack__PlaylistId____PlaylistId___ref_Playlist_.63d0045b04: /* {"app": "dbt", "dbt_version": "1.11.2", "dbt_databricks_version": "1.12.4", "databricks_sql_connector_version": "4.1.3", "profile_name": "chinook", "target_name": "dev", "invocation_id": "2e62fc00-4722-466a-a021-c02943e2e905", "node_id": "test.chinook.relationships_PlaylistTrack__PlaylistId____PlaylistId___ref_Playlist_.63d0045b04"} */

    select
      count(*) as failures,
      count(*) != 0 as should_warn,
      count(*) != 0 as should_error
    from (
      
    
  
    
    

with child as (
    select `PlaylistId` as from_field
    from `uc_sql_server_central`.`data_raw`.`playlisttrack01`
    where `PlaylistId` is not null
),

parent as (
    select `PlaylistId` as to_field
    from `uc_sql_server_central`.`data_raw`.`playlist01`
)

select
    from_field

from child
left join parent
    on child.from_field = parent.to_field

where parent.to_field is null



  
  
      
    ) dbt_internal_test
[0m13:34:20.359019 [debug] [Thread-13 ]: Opening a new connection, currently in state init
[0m13:34:20.699787 [debug] [Thread-13 ]: Databricks adapter: Connection(session-id=01f1a23d-88f4-1e82-a541-0916a4e55d30) - Created
[0m13:34:21.484942 [debug] [Thread-13 ]: SQL status: OK in 1.130 seconds
[0m13:34:21.484942 [debug] [Thread-13 ]: Databricks adapter: Cursor(session-id=01f1a23d-88f4-1e82-a541-0916a4e55d30, command-id=01f1a23d-8902-1c65-8e09-c8532688864d) - Closing
[0m13:34:21.484942 [debug] [Thread-13 ]: On test.chinook.relationships_PlaylistTrack__PlaylistId____PlaylistId___ref_Playlist_.63d0045b04: Close
[0m13:34:21.494751 [debug] [Thread-13 ]: Databricks adapter: Connection(session-id=01f1a23d-88f4-1e82-a541-0916a4e55d30) - Closing
[0m13:34:21.596688 [info ] [Thread-13 ]: 37 of 59 PASS relationships_PlaylistTrack__PlaylistId____PlaylistId___ref_Playlist_  [[32mPASS[0m in 1.32s]
[0m13:34:21.596688 [debug] [Thread-13 ]: Finished running node test.chinook.relationships_PlaylistTrack__PlaylistId____PlaylistId___ref_Playlist_.63d0045b04
[0m13:34:21.604899 [debug] [Thread-13 ]: Began running node test.chinook.not_null_Track__TrackId_.bd96e40b55
[0m13:34:21.604899 [info ] [Thread-13 ]: 38 of 59 START test not_null_Track__TrackId_ ................................... [RUN]
[0m13:34:21.604899 [debug] [Thread-13 ]: Databricks adapter: DatabricksDBTConnection(session-id=None, name=test.chinook.not_null_Track__TrackId_.bd96e40b55) - Creating connection
[0m13:34:21.614629 [debug] [Thread-13 ]: Acquiring new databricks connection 'test.chinook.not_null_Track__TrackId_.bd96e40b55'
[0m13:34:21.616858 [debug] [Thread-13 ]: Began compiling node test.chinook.not_null_Track__TrackId_.bd96e40b55
[0m13:34:21.651568 [debug] [Thread-13 ]: Writing injected SQL for node "test.chinook.not_null_Track__TrackId_.bd96e40b55"
[0m13:34:21.659933 [debug] [Thread-13 ]: Began executing node test.chinook.not_null_Track__TrackId_.bd96e40b55
[0m13:34:21.675817 [debug] [Thread-13 ]: Writing runtime sql for node "test.chinook.not_null_Track__TrackId_.bd96e40b55"
[0m13:34:21.684678 [debug] [Thread-13 ]: Using databricks connection "test.chinook.not_null_Track__TrackId_.bd96e40b55"
[0m13:34:21.689851 [debug] [Thread-13 ]: On test.chinook.not_null_Track__TrackId_.bd96e40b55: /* {"app": "dbt", "dbt_version": "1.11.2", "dbt_databricks_version": "1.12.4", "databricks_sql_connector_version": "4.1.3", "profile_name": "chinook", "target_name": "dev", "invocation_id": "2e62fc00-4722-466a-a021-c02943e2e905", "node_id": "test.chinook.not_null_Track__TrackId_.bd96e40b55"} */

    select
      count(*) as failures,
      count(*) != 0 as should_warn,
      count(*) != 0 as should_error
    from (
      
    
  
    
    



select `TrackId`
from `uc_sql_server_central`.`data_raw`.`track01`
where `TrackId` is null



  
  
      
    ) dbt_internal_test
[0m13:34:21.694886 [debug] [Thread-13 ]: Opening a new connection, currently in state init
[0m13:34:22.205578 [debug] [Thread-13 ]: Databricks adapter: Connection(session-id=01f1a23d-89da-181a-8fdd-89d2ea30f2c3) - Created
[0m13:34:22.576705 [debug] [Thread-13 ]: SQL status: OK in 0.880 seconds
[0m13:34:22.594511 [debug] [Thread-13 ]: Databricks adapter: Cursor(session-id=01f1a23d-89da-181a-8fdd-89d2ea30f2c3, command-id=01f1a23d-89e8-1de8-8abf-2d947f0ed5cb) - Closing
[0m13:34:22.598794 [debug] [Thread-13 ]: On test.chinook.not_null_Track__TrackId_.bd96e40b55: Close
[0m13:34:22.601622 [debug] [Thread-13 ]: Databricks adapter: Connection(session-id=01f1a23d-89da-181a-8fdd-89d2ea30f2c3) - Closing
[0m13:34:22.714677 [info ] [Thread-13 ]: 38 of 59 PASS not_null_Track__TrackId_ ......................................... [[32mPASS[0m in 1.11s]
[0m13:34:22.720212 [debug] [Thread-13 ]: Finished running node test.chinook.not_null_Track__TrackId_.bd96e40b55
[0m13:34:22.722360 [debug] [Thread-13 ]: Began running node test.chinook.relationships_InvoiceLine__TrackId____TrackId___ref_Track_.57b8be85a8
[0m13:34:22.724885 [info ] [Thread-13 ]: 39 of 59 START test relationships_InvoiceLine__TrackId____TrackId___ref_Track_ . [RUN]
[0m13:34:22.730931 [debug] [Thread-13 ]: Databricks adapter: DatabricksDBTConnection(session-id=None, name=test.chinook.relationships_InvoiceLine__TrackId____TrackId___ref_Track_.57b8be85a8) - Creating connection
[0m13:34:22.732957 [debug] [Thread-13 ]: Acquiring new databricks connection 'test.chinook.relationships_InvoiceLine__TrackId____TrackId___ref_Track_.57b8be85a8'
[0m13:34:22.734488 [debug] [Thread-13 ]: Began compiling node test.chinook.relationships_InvoiceLine__TrackId____TrackId___ref_Track_.57b8be85a8
[0m13:34:22.768873 [debug] [Thread-13 ]: Writing injected SQL for node "test.chinook.relationships_InvoiceLine__TrackId____TrackId___ref_Track_.57b8be85a8"
[0m13:34:22.772910 [debug] [Thread-13 ]: Began executing node test.chinook.relationships_InvoiceLine__TrackId____TrackId___ref_Track_.57b8be85a8
[0m13:34:22.783259 [debug] [Thread-13 ]: Writing runtime sql for node "test.chinook.relationships_InvoiceLine__TrackId____TrackId___ref_Track_.57b8be85a8"
[0m13:34:22.786441 [debug] [Thread-13 ]: Using databricks connection "test.chinook.relationships_InvoiceLine__TrackId____TrackId___ref_Track_.57b8be85a8"
[0m13:34:22.788039 [debug] [Thread-13 ]: On test.chinook.relationships_InvoiceLine__TrackId____TrackId___ref_Track_.57b8be85a8: /* {"app": "dbt", "dbt_version": "1.11.2", "dbt_databricks_version": "1.12.4", "databricks_sql_connector_version": "4.1.3", "profile_name": "chinook", "target_name": "dev", "invocation_id": "2e62fc00-4722-466a-a021-c02943e2e905", "node_id": "test.chinook.relationships_InvoiceLine__TrackId____TrackId___ref_Track_.57b8be85a8"} */

    select
      count(*) as failures,
      count(*) != 0 as should_warn,
      count(*) != 0 as should_error
    from (
      
    
  
    
    

with child as (
    select `TrackId` as from_field
    from `uc_sql_server_central`.`data_raw`.`invoiceline01`
    where `TrackId` is not null
),

parent as (
    select `TrackId` as to_field
    from `uc_sql_server_central`.`data_raw`.`track01`
)

select
    from_field

from child
left join parent
    on child.from_field = parent.to_field

where parent.to_field is null



  
  
      
    ) dbt_internal_test
[0m13:34:22.789583 [debug] [Thread-13 ]: Opening a new connection, currently in state init
[0m13:34:23.294929 [debug] [Thread-13 ]: Databricks adapter: Connection(session-id=01f1a23d-8a82-1aaf-86f1-1cfe2763f4cb) - Created
[0m13:34:23.944953 [debug] [Thread-13 ]: SQL status: OK in 1.160 seconds
[0m13:34:23.954807 [debug] [Thread-13 ]: Databricks adapter: Cursor(session-id=01f1a23d-8a82-1aaf-86f1-1cfe2763f4cb, command-id=01f1a23d-8a8f-17a0-bc02-7053310c2144) - Closing
[0m13:34:23.954807 [debug] [Thread-13 ]: On test.chinook.relationships_InvoiceLine__TrackId____TrackId___ref_Track_.57b8be85a8: Close
[0m13:34:23.954807 [debug] [Thread-13 ]: Databricks adapter: Connection(session-id=01f1a23d-8a82-1aaf-86f1-1cfe2763f4cb) - Closing
[0m13:34:24.064517 [info ] [Thread-13 ]: 39 of 59 PASS relationships_InvoiceLine__TrackId____TrackId___ref_Track_ ....... [[32mPASS[0m in 1.33s]
[0m13:34:24.067844 [debug] [Thread-13 ]: Finished running node test.chinook.relationships_InvoiceLine__TrackId____TrackId___ref_Track_.57b8be85a8
[0m13:34:24.067844 [debug] [Thread-13 ]: Began running node test.chinook.relationships_PlaylistTrack__TrackId____TrackId___ref_Track_.958a9190a0
[0m13:34:24.074621 [info ] [Thread-13 ]: 40 of 59 START test relationships_PlaylistTrack__TrackId____TrackId___ref_Track_  [RUN]
[0m13:34:24.077933 [debug] [Thread-13 ]: Databricks adapter: DatabricksDBTConnection(session-id=None, name=test.chinook.relationships_PlaylistTrack__TrackId____TrackId___ref_Track_.958a9190a0) - Creating connection
[0m13:34:24.081986 [debug] [Thread-13 ]: Acquiring new databricks connection 'test.chinook.relationships_PlaylistTrack__TrackId____TrackId___ref_Track_.958a9190a0'
[0m13:34:24.081986 [debug] [Thread-13 ]: Began compiling node test.chinook.relationships_PlaylistTrack__TrackId____TrackId___ref_Track_.958a9190a0
[0m13:34:24.124889 [debug] [Thread-13 ]: Writing injected SQL for node "test.chinook.relationships_PlaylistTrack__TrackId____TrackId___ref_Track_.958a9190a0"
[0m13:34:24.131664 [debug] [Thread-13 ]: Began executing node test.chinook.relationships_PlaylistTrack__TrackId____TrackId___ref_Track_.958a9190a0
[0m13:34:24.134705 [debug] [Thread-13 ]: Writing runtime sql for node "test.chinook.relationships_PlaylistTrack__TrackId____TrackId___ref_Track_.958a9190a0"
[0m13:34:24.144861 [debug] [Thread-13 ]: Using databricks connection "test.chinook.relationships_PlaylistTrack__TrackId____TrackId___ref_Track_.958a9190a0"
[0m13:34:24.144861 [debug] [Thread-13 ]: On test.chinook.relationships_PlaylistTrack__TrackId____TrackId___ref_Track_.958a9190a0: /* {"app": "dbt", "dbt_version": "1.11.2", "dbt_databricks_version": "1.12.4", "databricks_sql_connector_version": "4.1.3", "profile_name": "chinook", "target_name": "dev", "invocation_id": "2e62fc00-4722-466a-a021-c02943e2e905", "node_id": "test.chinook.relationships_PlaylistTrack__TrackId____TrackId___ref_Track_.958a9190a0"} */

    select
      count(*) as failures,
      count(*) != 0 as should_warn,
      count(*) != 0 as should_error
    from (
      
    
  
    
    

with child as (
    select `TrackId` as from_field
    from `uc_sql_server_central`.`data_raw`.`playlisttrack01`
    where `TrackId` is not null
),

parent as (
    select `TrackId` as to_field
    from `uc_sql_server_central`.`data_raw`.`track01`
)

select
    from_field

from child
left join parent
    on child.from_field = parent.to_field

where parent.to_field is null



  
  
      
    ) dbt_internal_test
[0m13:34:24.147006 [debug] [Thread-13 ]: Opening a new connection, currently in state init
[0m13:34:24.650632 [debug] [Thread-13 ]: Databricks adapter: Connection(session-id=01f1a23d-8b50-108c-a916-5a9dbbdccea3) - Created
[0m13:34:25.279644 [debug] [Thread-13 ]: SQL status: OK in 1.130 seconds
[0m13:34:25.284548 [debug] [Thread-13 ]: Databricks adapter: Cursor(session-id=01f1a23d-8b50-108c-a916-5a9dbbdccea3, command-id=01f1a23d-8b5e-1f68-bf81-8249da54bbe3) - Closing
[0m13:34:25.284548 [debug] [Thread-13 ]: On test.chinook.relationships_PlaylistTrack__TrackId____TrackId___ref_Track_.958a9190a0: Close
[0m13:34:25.284548 [debug] [Thread-13 ]: Databricks adapter: Connection(session-id=01f1a23d-8b50-108c-a916-5a9dbbdccea3) - Closing
[0m13:34:25.388092 [info ] [Thread-13 ]: 40 of 59 PASS relationships_PlaylistTrack__TrackId____TrackId___ref_Track_ ..... [[32mPASS[0m in 1.31s]
[0m13:34:25.388092 [debug] [Thread-13 ]: Finished running node test.chinook.relationships_PlaylistTrack__TrackId____TrackId___ref_Track_.958a9190a0
[0m13:34:25.391908 [debug] [Thread-13 ]: Began running node test.chinook.relationships_Track__AlbumId____AlbumId___ref_Album_.0f235b58b6
[0m13:34:25.391908 [info ] [Thread-13 ]: 41 of 59 START test relationships_Track__AlbumId____AlbumId___ref_Album_ ....... [RUN]
[0m13:34:25.394570 [debug] [Thread-13 ]: Databricks adapter: DatabricksDBTConnection(session-id=None, name=test.chinook.relationships_Track__AlbumId____AlbumId___ref_Album_.0f235b58b6) - Creating connection
[0m13:34:25.394570 [debug] [Thread-13 ]: Acquiring new databricks connection 'test.chinook.relationships_Track__AlbumId____AlbumId___ref_Album_.0f235b58b6'
[0m13:34:25.394570 [debug] [Thread-13 ]: Began compiling node test.chinook.relationships_Track__AlbumId____AlbumId___ref_Album_.0f235b58b6
[0m13:34:25.404430 [debug] [Thread-13 ]: Writing injected SQL for node "test.chinook.relationships_Track__AlbumId____AlbumId___ref_Album_.0f235b58b6"
[0m13:34:25.407960 [debug] [Thread-13 ]: Began executing node test.chinook.relationships_Track__AlbumId____AlbumId___ref_Album_.0f235b58b6
[0m13:34:25.407960 [debug] [Thread-13 ]: Writing runtime sql for node "test.chinook.relationships_Track__AlbumId____AlbumId___ref_Album_.0f235b58b6"
[0m13:34:25.414871 [debug] [Thread-13 ]: Using databricks connection "test.chinook.relationships_Track__AlbumId____AlbumId___ref_Album_.0f235b58b6"
[0m13:34:25.417029 [debug] [Thread-13 ]: On test.chinook.relationships_Track__AlbumId____AlbumId___ref_Album_.0f235b58b6: /* {"app": "dbt", "dbt_version": "1.11.2", "dbt_databricks_version": "1.12.4", "databricks_sql_connector_version": "4.1.3", "profile_name": "chinook", "target_name": "dev", "invocation_id": "2e62fc00-4722-466a-a021-c02943e2e905", "node_id": "test.chinook.relationships_Track__AlbumId____AlbumId___ref_Album_.0f235b58b6"} */

    select
      count(*) as failures,
      count(*) != 0 as should_warn,
      count(*) != 0 as should_error
    from (
      
    
  
    
    

with child as (
    select `AlbumId` as from_field
    from `uc_sql_server_central`.`data_raw`.`track01`
    where `AlbumId` is not null
),

parent as (
    select `AlbumId` as to_field
    from `uc_sql_server_central`.`data_raw`.`album01`
)

select
    from_field

from child
left join parent
    on child.from_field = parent.to_field

where parent.to_field is null



  
  
      
    ) dbt_internal_test
[0m13:34:25.419048 [debug] [Thread-13 ]: Opening a new connection, currently in state init
[0m13:34:25.893589 [debug] [Thread-13 ]: Databricks adapter: Connection(session-id=01f1a23d-8c08-1989-9771-8fa1f8efcdf6) - Created
[0m13:34:26.499055 [debug] [Thread-13 ]: SQL status: OK in 1.080 seconds
[0m13:34:26.512859 [debug] [Thread-13 ]: Databricks adapter: Cursor(session-id=01f1a23d-8c08-1989-9771-8fa1f8efcdf6, command-id=01f1a23d-8c1a-12ea-a8dd-de7650b09a5d) - Closing
[0m13:34:26.514881 [debug] [Thread-13 ]: On test.chinook.relationships_Track__AlbumId____AlbumId___ref_Album_.0f235b58b6: Close
[0m13:34:26.518100 [debug] [Thread-13 ]: Databricks adapter: Connection(session-id=01f1a23d-8c08-1989-9771-8fa1f8efcdf6) - Closing
[0m13:34:26.614533 [info ] [Thread-13 ]: 41 of 59 PASS relationships_Track__AlbumId____AlbumId___ref_Album_ ............. [[32mPASS[0m in 1.22s]
[0m13:34:26.618721 [debug] [Thread-13 ]: Finished running node test.chinook.relationships_Track__AlbumId____AlbumId___ref_Album_.0f235b58b6
[0m13:34:26.619737 [debug] [Thread-13 ]: Began running node test.chinook.relationships_Track__GenreId____GenreId___ref_Genre_.7b640f3eb6
[0m13:34:26.619737 [info ] [Thread-13 ]: 42 of 59 START test relationships_Track__GenreId____GenreId___ref_Genre_ ....... [RUN]
[0m13:34:26.621751 [debug] [Thread-13 ]: Databricks adapter: DatabricksDBTConnection(session-id=None, name=test.chinook.relationships_Track__GenreId____GenreId___ref_Genre_.7b640f3eb6) - Creating connection
[0m13:34:26.621751 [debug] [Thread-13 ]: Acquiring new databricks connection 'test.chinook.relationships_Track__GenreId____GenreId___ref_Genre_.7b640f3eb6'
[0m13:34:26.623757 [debug] [Thread-13 ]: Began compiling node test.chinook.relationships_Track__GenreId____GenreId___ref_Genre_.7b640f3eb6
[0m13:34:26.638886 [debug] [Thread-13 ]: Writing injected SQL for node "test.chinook.relationships_Track__GenreId____GenreId___ref_Genre_.7b640f3eb6"
[0m13:34:26.640893 [debug] [Thread-13 ]: Began executing node test.chinook.relationships_Track__GenreId____GenreId___ref_Genre_.7b640f3eb6
[0m13:34:26.647508 [debug] [Thread-13 ]: Writing runtime sql for node "test.chinook.relationships_Track__GenreId____GenreId___ref_Genre_.7b640f3eb6"
[0m13:34:26.649520 [debug] [Thread-13 ]: Using databricks connection "test.chinook.relationships_Track__GenreId____GenreId___ref_Genre_.7b640f3eb6"
[0m13:34:26.651040 [debug] [Thread-13 ]: On test.chinook.relationships_Track__GenreId____GenreId___ref_Genre_.7b640f3eb6: /* {"app": "dbt", "dbt_version": "1.11.2", "dbt_databricks_version": "1.12.4", "databricks_sql_connector_version": "4.1.3", "profile_name": "chinook", "target_name": "dev", "invocation_id": "2e62fc00-4722-466a-a021-c02943e2e905", "node_id": "test.chinook.relationships_Track__GenreId____GenreId___ref_Genre_.7b640f3eb6"} */

    select
      count(*) as failures,
      count(*) != 0 as should_warn,
      count(*) != 0 as should_error
    from (
      
    
  
    
    

with child as (
    select `GenreId` as from_field
    from `uc_sql_server_central`.`data_raw`.`track01`
    where `GenreId` is not null
),

parent as (
    select `GenreId` as to_field
    from `uc_sql_server_central`.`data_raw`.`genre01`
)

select
    from_field

from child
left join parent
    on child.from_field = parent.to_field

where parent.to_field is null



  
  
      
    ) dbt_internal_test
[0m13:34:26.651040 [debug] [Thread-13 ]: Opening a new connection, currently in state init
[0m13:34:27.054526 [debug] [Thread-13 ]: Databricks adapter: Connection(session-id=01f1a23d-8cbe-18cf-8e78-150fc47baa73) - Created
[0m13:34:27.621868 [debug] [Thread-13 ]: SQL status: OK in 0.970 seconds
[0m13:34:27.629619 [debug] [Thread-13 ]: Databricks adapter: Cursor(session-id=01f1a23d-8cbe-18cf-8e78-150fc47baa73, command-id=01f1a23d-8ccb-13ef-b8da-79ae84d4ec72) - Closing
[0m13:34:27.631635 [debug] [Thread-13 ]: On test.chinook.relationships_Track__GenreId____GenreId___ref_Genre_.7b640f3eb6: Close
[0m13:34:27.631635 [debug] [Thread-13 ]: Databricks adapter: Connection(session-id=01f1a23d-8cbe-18cf-8e78-150fc47baa73) - Closing
[0m13:34:27.722720 [info ] [Thread-13 ]: 42 of 59 PASS relationships_Track__GenreId____GenreId___ref_Genre_ ............. [[32mPASS[0m in 1.10s]
[0m13:34:27.724733 [debug] [Thread-13 ]: Finished running node test.chinook.relationships_Track__GenreId____GenreId___ref_Genre_.7b640f3eb6
[0m13:34:27.724733 [debug] [Thread-13 ]: Began running node test.chinook.relationships_Track__MediaTypeId____MediaTypeId___ref_MediaType_.c87b11bb31
[0m13:34:27.724733 [info ] [Thread-13 ]: 43 of 59 START test relationships_Track__MediaTypeId____MediaTypeId___ref_MediaType_  [RUN]
[0m13:34:27.726887 [debug] [Thread-13 ]: Databricks adapter: DatabricksDBTConnection(session-id=None, name=test.chinook.relationships_Track__MediaTypeId____MediaTypeId___ref_MediaType_.c87b11bb31) - Creating connection
[0m13:34:27.726887 [debug] [Thread-13 ]: Acquiring new databricks connection 'test.chinook.relationships_Track__MediaTypeId____MediaTypeId___ref_MediaType_.c87b11bb31'
[0m13:34:27.726887 [debug] [Thread-13 ]: Began compiling node test.chinook.relationships_Track__MediaTypeId____MediaTypeId___ref_MediaType_.c87b11bb31
[0m13:34:27.739671 [debug] [Thread-13 ]: Writing injected SQL for node "test.chinook.relationships_Track__MediaTypeId____MediaTypeId___ref_MediaType_.c87b11bb31"
[0m13:34:27.741685 [debug] [Thread-13 ]: Began executing node test.chinook.relationships_Track__MediaTypeId____MediaTypeId___ref_MediaType_.c87b11bb31
[0m13:34:27.745294 [debug] [Thread-13 ]: Writing runtime sql for node "test.chinook.relationships_Track__MediaTypeId____MediaTypeId___ref_MediaType_.c87b11bb31"
[0m13:34:27.747439 [debug] [Thread-13 ]: Using databricks connection "test.chinook.relationships_Track__MediaTypeId____MediaTypeId___ref_MediaType_.c87b11bb31"
[0m13:34:27.747439 [debug] [Thread-13 ]: On test.chinook.relationships_Track__MediaTypeId____MediaTypeId___ref_MediaType_.c87b11bb31: /* {"app": "dbt", "dbt_version": "1.11.2", "dbt_databricks_version": "1.12.4", "databricks_sql_connector_version": "4.1.3", "profile_name": "chinook", "target_name": "dev", "invocation_id": "2e62fc00-4722-466a-a021-c02943e2e905", "node_id": "test.chinook.relationships_Track__MediaTypeId____MediaTypeId___ref_MediaType_.c87b11bb31"} */

    select
      count(*) as failures,
      count(*) != 0 as should_warn,
      count(*) != 0 as should_error
    from (
      
    
  
    
    

with child as (
    select `MediaTypeId` as from_field
    from `uc_sql_server_central`.`data_raw`.`track01`
    where `MediaTypeId` is not null
),

parent as (
    select `MediaTypeId` as to_field
    from `uc_sql_server_central`.`data_raw`.`mediatype01`
)

select
    from_field

from child
left join parent
    on child.from_field = parent.to_field

where parent.to_field is null



  
  
      
    ) dbt_internal_test
[0m13:34:27.747439 [debug] [Thread-13 ]: Opening a new connection, currently in state init
[0m13:34:28.129704 [debug] [Thread-13 ]: Databricks adapter: Connection(session-id=01f1a23d-8d62-1663-a413-4f5fc5f62f8a) - Created
[0m13:34:28.714760 [debug] [Thread-13 ]: SQL status: OK in 0.970 seconds
[0m13:34:28.727502 [debug] [Thread-13 ]: Databricks adapter: Cursor(session-id=01f1a23d-8d62-1663-a413-4f5fc5f62f8a, command-id=01f1a23d-8d70-1e2f-84ff-e2ead3d930ae) - Closing
[0m13:34:28.729521 [debug] [Thread-13 ]: On test.chinook.relationships_Track__MediaTypeId____MediaTypeId___ref_MediaType_.c87b11bb31: Close
[0m13:34:28.729521 [debug] [Thread-13 ]: Databricks adapter: Connection(session-id=01f1a23d-8d62-1663-a413-4f5fc5f62f8a) - Closing
[0m13:34:28.824440 [info ] [Thread-13 ]: 43 of 59 PASS relationships_Track__MediaTypeId____MediaTypeId___ref_MediaType_ . [[32mPASS[0m in 1.10s]
[0m13:34:28.824440 [debug] [Thread-13 ]: Finished running node test.chinook.relationships_Track__MediaTypeId____MediaTypeId___ref_MediaType_.c87b11bb31
[0m13:34:28.824440 [debug] [Thread-13 ]: Began running node test.chinook.unique_Track__TrackId_.fe4679734d
[0m13:34:28.824440 [info ] [Thread-13 ]: 44 of 59 START test unique_Track__TrackId_ ..................................... [RUN]
[0m13:34:28.824440 [debug] [Thread-13 ]: Databricks adapter: DatabricksDBTConnection(session-id=None, name=test.chinook.unique_Track__TrackId_.fe4679734d) - Creating connection
[0m13:34:28.824440 [debug] [Thread-13 ]: Acquiring new databricks connection 'test.chinook.unique_Track__TrackId_.fe4679734d'
[0m13:34:28.834440 [debug] [Thread-13 ]: Began compiling node test.chinook.unique_Track__TrackId_.fe4679734d
[0m13:34:28.854681 [debug] [Thread-13 ]: Writing injected SQL for node "test.chinook.unique_Track__TrackId_.fe4679734d"
[0m13:34:28.856812 [debug] [Thread-13 ]: Began executing node test.chinook.unique_Track__TrackId_.fe4679734d
[0m13:34:28.862839 [debug] [Thread-13 ]: Writing runtime sql for node "test.chinook.unique_Track__TrackId_.fe4679734d"
[0m13:34:28.864850 [debug] [Thread-13 ]: Using databricks connection "test.chinook.unique_Track__TrackId_.fe4679734d"
[0m13:34:28.864850 [debug] [Thread-13 ]: On test.chinook.unique_Track__TrackId_.fe4679734d: /* {"app": "dbt", "dbt_version": "1.11.2", "dbt_databricks_version": "1.12.4", "databricks_sql_connector_version": "4.1.3", "profile_name": "chinook", "target_name": "dev", "invocation_id": "2e62fc00-4722-466a-a021-c02943e2e905", "node_id": "test.chinook.unique_Track__TrackId_.fe4679734d"} */

    select
      count(*) as failures,
      count(*) != 0 as should_warn,
      count(*) != 0 as should_error
    from (
      
    
  
    
    

select
    `TrackId` as unique_field,
    count(*) as n_records

from `uc_sql_server_central`.`data_raw`.`track01`
where `TrackId` is not null
group by `TrackId`
having count(*) > 1



  
  
      
    ) dbt_internal_test
[0m13:34:28.867011 [debug] [Thread-13 ]: Opening a new connection, currently in state init
[0m13:34:29.290862 [debug] [Thread-13 ]: Databricks adapter: Connection(session-id=01f1a23d-8e14-168e-8944-6ebdf223c333) - Created
[0m13:34:29.750063 [debug] [Thread-13 ]: SQL status: OK in 0.880 seconds
[0m13:34:29.755457 [debug] [Thread-13 ]: Databricks adapter: Cursor(session-id=01f1a23d-8e14-168e-8944-6ebdf223c333, command-id=01f1a23d-8e1e-1edd-b437-2831ddf490d9) - Closing
[0m13:34:29.755457 [debug] [Thread-13 ]: On test.chinook.unique_Track__TrackId_.fe4679734d: Close
[0m13:34:29.765854 [debug] [Thread-13 ]: Databricks adapter: Connection(session-id=01f1a23d-8e14-168e-8944-6ebdf223c333) - Closing
[0m13:34:29.867561 [info ] [Thread-13 ]: 44 of 59 PASS unique_Track__TrackId_ ........................................... [[32mPASS[0m in 1.04s]
[0m13:34:29.871602 [debug] [Thread-13 ]: Finished running node test.chinook.unique_Track__TrackId_.fe4679734d
[0m13:34:29.871602 [debug] [Thread-13 ]: Began running node snapshot.chinook.Album02
[0m13:34:29.874631 [info ] [Thread-13 ]: 45 of 59 START snapshot data_snapshot.album02 .................................. [RUN]
[0m13:34:29.876760 [debug] [Thread-13 ]: Databricks adapter: DatabricksDBTConnection(session-id=None, name=snapshot.chinook.Album02) - Creating connection
[0m13:34:29.879805 [debug] [Thread-13 ]: Acquiring new databricks connection 'snapshot.chinook.Album02'
[0m13:34:29.881827 [debug] [Thread-13 ]: Began compiling node snapshot.chinook.Album02
[0m13:34:29.891052 [debug] [Thread-13 ]: Began executing node snapshot.chinook.Album02
[0m13:34:29.899779 [debug] [Thread-13 ]: Using databricks connection "snapshot.chinook.Album02"
[0m13:34:29.899779 [debug] [Thread-13 ]: On snapshot.chinook.Album02: /* {"app": "dbt", "dbt_version": "1.11.2", "dbt_databricks_version": "1.12.4", "databricks_sql_connector_version": "4.1.3", "profile_name": "chinook", "target_name": "dev", "invocation_id": "2e62fc00-4722-466a-a021-c02943e2e905", "node_id": "snapshot.chinook.Album02"} */
SELECT
    table_catalog,
    table_schema,
    table_name,
    filter_name,
    target_columns
  FROM `uc_sql_server_central`.`information_schema`.`row_filters`
  WHERE table_catalog = 'uc_sql_server_central'
    AND table_schema = 'data_snapshot'
    AND table_name = 'album02'
[0m13:34:29.899779 [debug] [Thread-13 ]: Opening a new connection, currently in state init
[0m13:34:30.278411 [debug] [Thread-13 ]: Databricks adapter: Connection(session-id=01f1a23d-8eaa-1476-abaf-db88851482a5) - Created
[0m13:34:30.751889 [debug] [Thread-13 ]: SQL status: OK in 0.850 seconds
[0m13:34:30.762917 [debug] [Thread-13 ]: Databricks adapter: Cursor(session-id=01f1a23d-8eaa-1476-abaf-db88851482a5, command-id=01f1a23d-8eb7-1f73-8e76-715f4c2e5605) - Closing
[0m13:34:30.768713 [debug] [Thread-13 ]: Using databricks connection "snapshot.chinook.Album02"
[0m13:34:30.769743 [debug] [Thread-13 ]: On snapshot.chinook.Album02: /* {"app": "dbt", "dbt_version": "1.11.2", "dbt_databricks_version": "1.12.4", "databricks_sql_connector_version": "4.1.3", "profile_name": "chinook", "target_name": "dev", "invocation_id": "2e62fc00-4722-466a-a021-c02943e2e905", "node_id": "snapshot.chinook.Album02"} */
select * from (
        select *,
        md5(coalesce(cast(`AlbumId` as string ), '')
         || '|' || coalesce(cast(
    current_timestamp()
 as string ), '')
        ) as dbt_scd_id,
        
    current_timestamp()
 as dbt_updated_at,
        
    current_timestamp()
 as dbt_valid_from,
        
  
  coalesce(nullif(
    current_timestamp()
, 
    current_timestamp()
), null)
  as dbt_valid_to

    from (
        select * from `uc_sql_server_central`.`data_raw`.`album01`
    ) sbq


    ) as __dbt_sbq
    where false
    limit 0

[0m13:34:31.037892 [debug] [Thread-13 ]: SQL status: OK in 0.270 seconds
[0m13:34:31.037892 [debug] [Thread-13 ]: Using databricks connection "snapshot.chinook.Album02"
[0m13:34:31.039898 [debug] [Thread-13 ]: On snapshot.chinook.Album02: /* {"app": "dbt", "dbt_version": "1.11.2", "dbt_databricks_version": "1.12.4", "databricks_sql_connector_version": "4.1.3", "profile_name": "chinook", "target_name": "dev", "invocation_id": "2e62fc00-4722-466a-a021-c02943e2e905", "node_id": "snapshot.chinook.Album02"} */
select * from (
        select 
    current_timestamp()
 as dbt_snapshot_time
    ) as __dbt_sbq
    where false
    limit 0

[0m13:34:31.039898 [debug] [Thread-13 ]: Databricks adapter: Cursor(session-id=01f1a23d-8eaa-1476-abaf-db88851482a5, command-id=01f1a23d-8f02-13d3-bc7e-65bfb6beb760) - Closing
[0m13:34:31.191001 [debug] [Thread-13 ]: SQL status: OK in 0.150 seconds
[0m13:34:31.192758 [debug] [Thread-13 ]: Writing runtime sql for node "snapshot.chinook.Album02"
[0m13:34:31.196962 [debug] [Thread-13 ]: Using databricks connection "snapshot.chinook.Album02"
[0m13:34:31.196962 [debug] [Thread-13 ]: On snapshot.chinook.Album02: /* {"app": "dbt", "dbt_version": "1.11.2", "dbt_databricks_version": "1.12.4", "databricks_sql_connector_version": "4.1.3", "profile_name": "chinook", "target_name": "dev", "invocation_id": "2e62fc00-4722-466a-a021-c02943e2e905", "node_id": "snapshot.chinook.Album02"} */

      
  
    
        create or replace table `uc_sql_server_central`.`data_snapshot`.`album02`
      
      
    using delta
  
      
      
      
      
      
      
      
      
      as
      select *,
        md5(coalesce(cast(`AlbumId` as string ), '')
         || '|' || coalesce(cast(
    current_timestamp()
 as string ), '')
        ) as dbt_scd_id,
        
    current_timestamp()
 as dbt_updated_at,
        
    current_timestamp()
 as dbt_valid_from,
        
  
  coalesce(nullif(
    current_timestamp()
, 
    current_timestamp()
), null)
  as dbt_valid_to

    from (
        select * from `uc_sql_server_central`.`data_raw`.`album01`
    ) sbq


  
  
[0m13:34:31.196962 [debug] [Thread-13 ]: Databricks adapter: Cursor(session-id=01f1a23d-8eaa-1476-abaf-db88851482a5, command-id=01f1a23d-8f2c-1185-a990-d9e0164f2dbc) - Closing
[0m13:34:33.769073 [debug] [Thread-13 ]: SQL status: OK in 2.570 seconds
[0m13:34:33.776983 [debug] [Thread-13 ]: Databricks adapter: Cursor(session-id=01f1a23d-8eaa-1476-abaf-db88851482a5, command-id=01f1a23d-8f43-1da7-9981-0e4db70c896a) - Closing
[0m13:34:33.784567 [debug] [Thread-13 ]: On snapshot.chinook.Album02: Close
[0m13:34:33.786774 [debug] [Thread-13 ]: Databricks adapter: Connection(session-id=01f1a23d-8eaa-1476-abaf-db88851482a5) - Closing
[0m13:34:33.876678 [debug] [Thread-13 ]: Sending event: {'category': 'dbt', 'action': 'run_model', 'label': '2e62fc00-4722-466a-a021-c02943e2e905', 'context': [<snowplow_tracker.self_describing_json.SelfDescribingJson object at 0x0000012F7F5A05F0>]}
[0m13:34:33.879706 [info ] [Thread-13 ]: 45 of 59 OK snapshotted data_snapshot.album02 .................................. [[32mOK[0m in 4.00s]
[0m13:34:33.881724 [debug] [Thread-13 ]: Finished running node snapshot.chinook.Album02
[0m13:34:33.881724 [debug] [Thread-13 ]: Began running node snapshot.chinook.Artist02
[0m13:34:33.881724 [info ] [Thread-13 ]: 46 of 59 START snapshot data_snapshot.artist02 ................................. [RUN]
[0m13:34:33.883736 [debug] [Thread-13 ]: Databricks adapter: DatabricksDBTConnection(session-id=None, name=snapshot.chinook.Artist02) - Creating connection
[0m13:34:33.884755 [debug] [Thread-13 ]: Acquiring new databricks connection 'snapshot.chinook.Artist02'
[0m13:34:33.884755 [debug] [Thread-13 ]: Began compiling node snapshot.chinook.Artist02
[0m13:34:33.891536 [debug] [Thread-13 ]: Began executing node snapshot.chinook.Artist02
[0m13:34:33.904507 [debug] [Thread-13 ]: Using databricks connection "snapshot.chinook.Artist02"
[0m13:34:33.904507 [debug] [Thread-13 ]: On snapshot.chinook.Artist02: /* {"app": "dbt", "dbt_version": "1.11.2", "dbt_databricks_version": "1.12.4", "databricks_sql_connector_version": "4.1.3", "profile_name": "chinook", "target_name": "dev", "invocation_id": "2e62fc00-4722-466a-a021-c02943e2e905", "node_id": "snapshot.chinook.Artist02"} */
SELECT
    table_catalog,
    table_schema,
    table_name,
    filter_name,
    target_columns
  FROM `uc_sql_server_central`.`information_schema`.`row_filters`
  WHERE table_catalog = 'uc_sql_server_central'
    AND table_schema = 'data_snapshot'
    AND table_name = 'artist02'
[0m13:34:33.904507 [debug] [Thread-13 ]: Opening a new connection, currently in state init
[0m13:34:34.356699 [debug] [Thread-13 ]: Databricks adapter: Connection(session-id=01f1a23d-9117-17ee-a8bf-b35e21b9c275) - Created
[0m13:34:34.804781 [debug] [Thread-13 ]: SQL status: OK in 0.900 seconds
[0m13:34:34.814658 [debug] [Thread-13 ]: Databricks adapter: Cursor(session-id=01f1a23d-9117-17ee-a8bf-b35e21b9c275, command-id=01f1a23d-9126-134e-aacd-48e2729a5527) - Closing
[0m13:34:34.821818 [debug] [Thread-13 ]: Using databricks connection "snapshot.chinook.Artist02"
[0m13:34:34.823849 [debug] [Thread-13 ]: On snapshot.chinook.Artist02: /* {"app": "dbt", "dbt_version": "1.11.2", "dbt_databricks_version": "1.12.4", "databricks_sql_connector_version": "4.1.3", "profile_name": "chinook", "target_name": "dev", "invocation_id": "2e62fc00-4722-466a-a021-c02943e2e905", "node_id": "snapshot.chinook.Artist02"} */
select * from (
        select *,
        md5(coalesce(cast(`ArtistId` as string ), '')
         || '|' || coalesce(cast(
    current_timestamp()
 as string ), '')
        ) as dbt_scd_id,
        
    current_timestamp()
 as dbt_updated_at,
        
    current_timestamp()
 as dbt_valid_from,
        
  
  coalesce(nullif(
    current_timestamp()
, 
    current_timestamp()
), null)
  as dbt_valid_to

    from (
        select * from `uc_sql_server_central`.`data_raw`.`artist01`
    ) sbq


    ) as __dbt_sbq
    where false
    limit 0

[0m13:34:35.079892 [debug] [Thread-13 ]: SQL status: OK in 0.260 seconds
[0m13:34:35.084575 [debug] [Thread-13 ]: Using databricks connection "snapshot.chinook.Artist02"
[0m13:34:35.084575 [debug] [Thread-13 ]: On snapshot.chinook.Artist02: /* {"app": "dbt", "dbt_version": "1.11.2", "dbt_databricks_version": "1.12.4", "databricks_sql_connector_version": "4.1.3", "profile_name": "chinook", "target_name": "dev", "invocation_id": "2e62fc00-4722-466a-a021-c02943e2e905", "node_id": "snapshot.chinook.Artist02"} */
select * from (
        select 
    current_timestamp()
 as dbt_snapshot_time
    ) as __dbt_sbq
    where false
    limit 0

[0m13:34:35.084575 [debug] [Thread-13 ]: Databricks adapter: Cursor(session-id=01f1a23d-9117-17ee-a8bf-b35e21b9c275, command-id=01f1a23d-916f-19d1-a4c0-278bd687a6b3) - Closing
[0m13:34:35.226821 [debug] [Thread-13 ]: SQL status: OK in 0.140 seconds
[0m13:34:35.229977 [debug] [Thread-13 ]: Writing runtime sql for node "snapshot.chinook.Artist02"
[0m13:34:35.234818 [debug] [Thread-13 ]: Using databricks connection "snapshot.chinook.Artist02"
[0m13:34:35.239064 [debug] [Thread-13 ]: On snapshot.chinook.Artist02: /* {"app": "dbt", "dbt_version": "1.11.2", "dbt_databricks_version": "1.12.4", "databricks_sql_connector_version": "4.1.3", "profile_name": "chinook", "target_name": "dev", "invocation_id": "2e62fc00-4722-466a-a021-c02943e2e905", "node_id": "snapshot.chinook.Artist02"} */

      
  
    
        create or replace table `uc_sql_server_central`.`data_snapshot`.`artist02`
      
      
    using delta
  
      
      
      
      
      
      
      
      
      as
      select *,
        md5(coalesce(cast(`ArtistId` as string ), '')
         || '|' || coalesce(cast(
    current_timestamp()
 as string ), '')
        ) as dbt_scd_id,
        
    current_timestamp()
 as dbt_updated_at,
        
    current_timestamp()
 as dbt_valid_from,
        
  
  coalesce(nullif(
    current_timestamp()
, 
    current_timestamp()
), null)
  as dbt_valid_to

    from (
        select * from `uc_sql_server_central`.`data_raw`.`artist01`
    ) sbq


  
  
[0m13:34:35.244725 [debug] [Thread-13 ]: Databricks adapter: Cursor(session-id=01f1a23d-9117-17ee-a8bf-b35e21b9c275, command-id=01f1a23d-9193-1dba-83aa-6463c801ebeb) - Closing
[0m13:34:37.331025 [debug] [Thread-13 ]: SQL status: OK in 2.090 seconds
[0m13:34:37.333041 [debug] [Thread-13 ]: Databricks adapter: Cursor(session-id=01f1a23d-9117-17ee-a8bf-b35e21b9c275, command-id=01f1a23d-91ac-1a79-ac79-7cc7f3ceef9d) - Closing
[0m13:34:37.334553 [debug] [Thread-13 ]: On snapshot.chinook.Artist02: Close
[0m13:34:37.334553 [debug] [Thread-13 ]: Databricks adapter: Connection(session-id=01f1a23d-9117-17ee-a8bf-b35e21b9c275) - Closing
[0m13:34:37.431327 [debug] [Thread-13 ]: Sending event: {'category': 'dbt', 'action': 'run_model', 'label': '2e62fc00-4722-466a-a021-c02943e2e905', 'context': [<snowplow_tracker.self_describing_json.SelfDescribingJson object at 0x0000012F7EC01DC0>]}
[0m13:34:37.434588 [info ] [Thread-13 ]: 46 of 59 OK snapshotted data_snapshot.artist02 ................................. [[32mOK[0m in 3.54s]
[0m13:34:37.436759 [debug] [Thread-13 ]: Finished running node snapshot.chinook.Artist02
[0m13:34:37.438774 [debug] [Thread-13 ]: Began running node model.chinook.Customer02
[0m13:34:37.438774 [info ] [Thread-13 ]: 47 of 59 START sql incremental model data_stage.customer02 ..................... [RUN]
[0m13:34:37.440786 [debug] [Thread-13 ]: Databricks adapter: DatabricksDBTConnection(session-id=None, name=model.chinook.Customer02) - Creating connection
[0m13:34:37.440786 [debug] [Thread-13 ]: Acquiring new databricks connection 'model.chinook.Customer02'
[0m13:34:37.444799 [debug] [Thread-13 ]: Began compiling node model.chinook.Customer02
[0m13:34:37.473810 [debug] [Thread-13 ]: Writing injected SQL for node "model.chinook.Customer02"
[0m13:34:37.474826 [debug] [Thread-13 ]: Began executing node model.chinook.Customer02
[0m13:34:37.560719 [debug] [Thread-13 ]: MATERIALIZING INCREMENTAL
[0m13:34:37.589912 [debug] [Thread-13 ]: Using databricks connection "model.chinook.Customer02"
[0m13:34:37.589912 [debug] [Thread-13 ]: On model.chinook.Customer02: /* {"app": "dbt", "dbt_version": "1.11.2", "dbt_databricks_version": "1.12.4", "databricks_sql_connector_version": "4.1.3", "profile_name": "chinook", "target_name": "dev", "invocation_id": "2e62fc00-4722-466a-a021-c02943e2e905", "node_id": "model.chinook.Customer02"} */
SELECT
    table_catalog,
    table_schema,
    table_name,
    filter_name,
    target_columns
  FROM `uc_sql_server_central`.`information_schema`.`row_filters`
  WHERE table_catalog = 'uc_sql_server_central'
    AND table_schema = 'data_stage'
    AND table_name = 'customer02'
[0m13:34:37.591930 [debug] [Thread-13 ]: Opening a new connection, currently in state init
[0m13:34:38.003034 [debug] [Thread-13 ]: Databricks adapter: Connection(session-id=01f1a23d-9344-1d44-99ab-2ddb2cd98d22) - Created
[0m13:34:38.424799 [debug] [Thread-13 ]: SQL status: OK in 0.820 seconds
[0m13:34:38.442056 [debug] [Thread-13 ]: Databricks adapter: Cursor(session-id=01f1a23d-9344-1d44-99ab-2ddb2cd98d22, command-id=01f1a23d-9352-10e9-951d-366d5b36ea58) - Closing
[0m13:34:38.449491 [debug] [Thread-13 ]: Writing runtime sql for node "model.chinook.Customer02"
[0m13:34:38.454828 [debug] [Thread-13 ]: Using databricks connection "model.chinook.Customer02"
[0m13:34:38.458332 [debug] [Thread-13 ]: On model.chinook.Customer02: /* {"app": "dbt", "dbt_version": "1.11.2", "dbt_databricks_version": "1.12.4", "databricks_sql_connector_version": "4.1.3", "profile_name": "chinook", "target_name": "dev", "invocation_id": "2e62fc00-4722-466a-a021-c02943e2e905", "node_id": "model.chinook.Customer02"} */

  
    
        create or replace table `uc_sql_server_central`.`data_stage`.`customer02`
      
      
    using delta
  
      
      
      
      
      
      
      
      
      as
      select
    *
from `uc_sql_server_central`.`data_raw`.`customer01`
  
[0m13:34:40.477183 [debug] [Thread-13 ]: SQL status: OK in 2.020 seconds
[0m13:34:40.479694 [debug] [Thread-13 ]: Databricks adapter: Cursor(session-id=01f1a23d-9344-1d44-99ab-2ddb2cd98d22, command-id=01f1a23d-939a-15e6-8052-8cf0fdf7c9ad) - Closing
[0m13:34:40.480708 [debug] [Thread-13 ]: Applying tags to relation None
[0m13:34:40.482728 [debug] [Thread-13 ]: On model.chinook.Customer02: Close
[0m13:34:40.482728 [debug] [Thread-13 ]: Databricks adapter: Connection(session-id=01f1a23d-9344-1d44-99ab-2ddb2cd98d22) - Closing
[0m13:34:40.572954 [debug] [Thread-13 ]: Sending event: {'category': 'dbt', 'action': 'run_model', 'label': '2e62fc00-4722-466a-a021-c02943e2e905', 'context': [<snowplow_tracker.self_describing_json.SelfDescribingJson object at 0x0000012F7E6AB2C0>]}
[0m13:34:40.575150 [info ] [Thread-13 ]: 47 of 59 OK created sql incremental model data_stage.customer02 ................ [[32mOK[0m in 3.13s]
[0m13:34:40.577650 [debug] [Thread-13 ]: Finished running node model.chinook.Customer02
[0m13:34:40.579663 [debug] [Thread-13 ]: Began running node snapshot.chinook.Employee02
[0m13:34:40.579663 [info ] [Thread-13 ]: 48 of 59 START snapshot data_snapshot.employee02 ............................... [RUN]
[0m13:34:40.579663 [debug] [Thread-13 ]: Databricks adapter: DatabricksDBTConnection(session-id=None, name=snapshot.chinook.Employee02) - Creating connection
[0m13:34:40.579663 [debug] [Thread-13 ]: Acquiring new databricks connection 'snapshot.chinook.Employee02'
[0m13:34:40.579663 [debug] [Thread-13 ]: Began compiling node snapshot.chinook.Employee02
[0m13:34:40.594709 [debug] [Thread-13 ]: Began executing node snapshot.chinook.Employee02
[0m13:34:40.596819 [debug] [Thread-13 ]: Using databricks connection "snapshot.chinook.Employee02"
[0m13:34:40.604526 [debug] [Thread-13 ]: On snapshot.chinook.Employee02: /* {"app": "dbt", "dbt_version": "1.11.2", "dbt_databricks_version": "1.12.4", "databricks_sql_connector_version": "4.1.3", "profile_name": "chinook", "target_name": "dev", "invocation_id": "2e62fc00-4722-466a-a021-c02943e2e905", "node_id": "snapshot.chinook.Employee02"} */
SELECT
    table_catalog,
    table_schema,
    table_name,
    filter_name,
    target_columns
  FROM `uc_sql_server_central`.`information_schema`.`row_filters`
  WHERE table_catalog = 'uc_sql_server_central'
    AND table_schema = 'data_snapshot'
    AND table_name = 'employee02'
[0m13:34:40.604526 [debug] [Thread-13 ]: Opening a new connection, currently in state init
[0m13:34:40.994910 [debug] [Thread-13 ]: Databricks adapter: Connection(session-id=01f1a23d-950d-16aa-b452-195b9f0d72b4) - Created
[0m13:34:41.423784 [debug] [Thread-13 ]: SQL status: OK in 0.820 seconds
[0m13:34:41.431270 [debug] [Thread-13 ]: Databricks adapter: Cursor(session-id=01f1a23d-950d-16aa-b452-195b9f0d72b4, command-id=01f1a23d-951a-11fc-b172-329e6fefaf3d) - Closing
[0m13:34:41.436052 [debug] [Thread-13 ]: Using databricks connection "snapshot.chinook.Employee02"
[0m13:34:41.436052 [debug] [Thread-13 ]: On snapshot.chinook.Employee02: /* {"app": "dbt", "dbt_version": "1.11.2", "dbt_databricks_version": "1.12.4", "databricks_sql_connector_version": "4.1.3", "profile_name": "chinook", "target_name": "dev", "invocation_id": "2e62fc00-4722-466a-a021-c02943e2e905", "node_id": "snapshot.chinook.Employee02"} */
select * from (
        select *,
        md5(coalesce(cast(`EmployeeId` as string ), '')
         || '|' || coalesce(cast(
    current_timestamp()
 as string ), '')
        ) as dbt_scd_id,
        
    current_timestamp()
 as dbt_updated_at,
        
    current_timestamp()
 as dbt_valid_from,
        
  
  coalesce(nullif(
    current_timestamp()
, 
    current_timestamp()
), null)
  as dbt_valid_to

    from (
        select * from `uc_sql_server_central`.`data_raw`.`employee01`
    ) sbq


    ) as __dbt_sbq
    where false
    limit 0

[0m13:34:41.693008 [debug] [Thread-13 ]: SQL status: OK in 0.250 seconds
[0m13:34:41.694523 [debug] [Thread-13 ]: Using databricks connection "snapshot.chinook.Employee02"
[0m13:34:41.694523 [debug] [Thread-13 ]: On snapshot.chinook.Employee02: /* {"app": "dbt", "dbt_version": "1.11.2", "dbt_databricks_version": "1.12.4", "databricks_sql_connector_version": "4.1.3", "profile_name": "chinook", "target_name": "dev", "invocation_id": "2e62fc00-4722-466a-a021-c02943e2e905", "node_id": "snapshot.chinook.Employee02"} */
select * from (
        select 
    current_timestamp()
 as dbt_snapshot_time
    ) as __dbt_sbq
    where false
    limit 0

[0m13:34:41.694523 [debug] [Thread-13 ]: Databricks adapter: Cursor(session-id=01f1a23d-950d-16aa-b452-195b9f0d72b4, command-id=01f1a23d-955d-1277-97c5-56f1d77e32cd) - Closing
[0m13:34:41.834792 [debug] [Thread-13 ]: SQL status: OK in 0.140 seconds
[0m13:34:41.837483 [debug] [Thread-13 ]: Writing runtime sql for node "snapshot.chinook.Employee02"
[0m13:34:41.842525 [debug] [Thread-13 ]: Using databricks connection "snapshot.chinook.Employee02"
[0m13:34:41.845049 [debug] [Thread-13 ]: On snapshot.chinook.Employee02: /* {"app": "dbt", "dbt_version": "1.11.2", "dbt_databricks_version": "1.12.4", "databricks_sql_connector_version": "4.1.3", "profile_name": "chinook", "target_name": "dev", "invocation_id": "2e62fc00-4722-466a-a021-c02943e2e905", "node_id": "snapshot.chinook.Employee02"} */

      
  
    
        create or replace table `uc_sql_server_central`.`data_snapshot`.`employee02`
      
      
    using delta
  
      
      
      
      
      
      
      
      
      as
      select *,
        md5(coalesce(cast(`EmployeeId` as string ), '')
         || '|' || coalesce(cast(
    current_timestamp()
 as string ), '')
        ) as dbt_scd_id,
        
    current_timestamp()
 as dbt_updated_at,
        
    current_timestamp()
 as dbt_valid_from,
        
  
  coalesce(nullif(
    current_timestamp()
, 
    current_timestamp()
), null)
  as dbt_valid_to

    from (
        select * from `uc_sql_server_central`.`data_raw`.`employee01`
    ) sbq


  
  
[0m13:34:41.847587 [debug] [Thread-13 ]: Databricks adapter: Cursor(session-id=01f1a23d-950d-16aa-b452-195b9f0d72b4, command-id=01f1a23d-9584-1d67-81ea-e6591373f7e4) - Closing
[0m13:34:43.954339 [debug] [Thread-13 ]: SQL status: OK in 2.100 seconds
[0m13:34:43.957042 [debug] [Thread-13 ]: Databricks adapter: Cursor(session-id=01f1a23d-950d-16aa-b452-195b9f0d72b4, command-id=01f1a23d-959c-14a1-ad3a-573f3f8fcddf) - Closing
[0m13:34:43.964612 [debug] [Thread-13 ]: On snapshot.chinook.Employee02: Close
[0m13:34:43.968812 [debug] [Thread-13 ]: Databricks adapter: Connection(session-id=01f1a23d-950d-16aa-b452-195b9f0d72b4) - Closing
[0m13:34:44.064790 [debug] [Thread-13 ]: Sending event: {'category': 'dbt', 'action': 'run_model', 'label': '2e62fc00-4722-466a-a021-c02943e2e905', 'context': [<snowplow_tracker.self_describing_json.SelfDescribingJson object at 0x0000012F7EB79B80>]}
[0m13:34:44.064790 [info ] [Thread-13 ]: 48 of 59 OK snapshotted data_snapshot.employee02 ............................... [[32mOK[0m in 3.49s]
[0m13:34:44.077043 [debug] [Thread-13 ]: Finished running node snapshot.chinook.Employee02
[0m13:34:44.079067 [debug] [Thread-13 ]: Began running node snapshot.chinook.Genre02
[0m13:34:44.079067 [info ] [Thread-13 ]: 49 of 59 START snapshot data_snapshot.genre02 .................................. [RUN]
[0m13:34:44.079067 [debug] [Thread-13 ]: Databricks adapter: DatabricksDBTConnection(session-id=None, name=snapshot.chinook.Genre02) - Creating connection
[0m13:34:44.084890 [debug] [Thread-13 ]: Acquiring new databricks connection 'snapshot.chinook.Genre02'
[0m13:34:44.084890 [debug] [Thread-13 ]: Began compiling node snapshot.chinook.Genre02
[0m13:34:44.101092 [debug] [Thread-13 ]: Began executing node snapshot.chinook.Genre02
[0m13:34:44.110917 [debug] [Thread-13 ]: Using databricks connection "snapshot.chinook.Genre02"
[0m13:34:44.114876 [debug] [Thread-13 ]: On snapshot.chinook.Genre02: /* {"app": "dbt", "dbt_version": "1.11.2", "dbt_databricks_version": "1.12.4", "databricks_sql_connector_version": "4.1.3", "profile_name": "chinook", "target_name": "dev", "invocation_id": "2e62fc00-4722-466a-a021-c02943e2e905", "node_id": "snapshot.chinook.Genre02"} */
SELECT
    table_catalog,
    table_schema,
    table_name,
    filter_name,
    target_columns
  FROM `uc_sql_server_central`.`information_schema`.`row_filters`
  WHERE table_catalog = 'uc_sql_server_central'
    AND table_schema = 'data_snapshot'
    AND table_name = 'genre02'
[0m13:34:44.114876 [debug] [Thread-13 ]: Opening a new connection, currently in state init
[0m13:34:44.519704 [debug] [Thread-13 ]: Databricks adapter: Connection(session-id=01f1a23d-9725-1037-a565-4ba5db72ebd9) - Created
[0m13:34:44.954778 [debug] [Thread-13 ]: SQL status: OK in 0.840 seconds
[0m13:34:44.968878 [debug] [Thread-13 ]: Databricks adapter: Cursor(session-id=01f1a23d-9725-1037-a565-4ba5db72ebd9, command-id=01f1a23d-9734-1f9c-be8e-03c3ebc74516) - Closing
[0m13:34:44.970630 [debug] [Thread-13 ]: Using databricks connection "snapshot.chinook.Genre02"
[0m13:34:44.972974 [debug] [Thread-13 ]: On snapshot.chinook.Genre02: /* {"app": "dbt", "dbt_version": "1.11.2", "dbt_databricks_version": "1.12.4", "databricks_sql_connector_version": "4.1.3", "profile_name": "chinook", "target_name": "dev", "invocation_id": "2e62fc00-4722-466a-a021-c02943e2e905", "node_id": "snapshot.chinook.Genre02"} */
select * from (
        select *,
        md5(coalesce(cast(`GenreId` as string ), '')
         || '|' || coalesce(cast(
    current_timestamp()
 as string ), '')
        ) as dbt_scd_id,
        
    current_timestamp()
 as dbt_updated_at,
        
    current_timestamp()
 as dbt_valid_from,
        
  
  coalesce(nullif(
    current_timestamp()
, 
    current_timestamp()
), null)
  as dbt_valid_to

    from (
        select * from `uc_sql_server_central`.`data_raw`.`genre01`
    ) sbq


    ) as __dbt_sbq
    where false
    limit 0

[0m13:34:45.264661 [debug] [Thread-13 ]: SQL status: OK in 0.290 seconds
[0m13:34:45.264661 [debug] [Thread-13 ]: Using databricks connection "snapshot.chinook.Genre02"
[0m13:34:45.264661 [debug] [Thread-13 ]: On snapshot.chinook.Genre02: /* {"app": "dbt", "dbt_version": "1.11.2", "dbt_databricks_version": "1.12.4", "databricks_sql_connector_version": "4.1.3", "profile_name": "chinook", "target_name": "dev", "invocation_id": "2e62fc00-4722-466a-a021-c02943e2e905", "node_id": "snapshot.chinook.Genre02"} */
select * from (
        select 
    current_timestamp()
 as dbt_snapshot_time
    ) as __dbt_sbq
    where false
    limit 0

[0m13:34:45.264661 [debug] [Thread-13 ]: Databricks adapter: Cursor(session-id=01f1a23d-9725-1037-a565-4ba5db72ebd9, command-id=01f1a23d-9779-13c0-b14d-d7a14cd3e332) - Closing
[0m13:34:45.414801 [debug] [Thread-13 ]: SQL status: OK in 0.150 seconds
[0m13:34:45.416974 [debug] [Thread-13 ]: Writing runtime sql for node "snapshot.chinook.Genre02"
[0m13:34:45.420004 [debug] [Thread-13 ]: Using databricks connection "snapshot.chinook.Genre02"
[0m13:34:45.424062 [debug] [Thread-13 ]: On snapshot.chinook.Genre02: /* {"app": "dbt", "dbt_version": "1.11.2", "dbt_databricks_version": "1.12.4", "databricks_sql_connector_version": "4.1.3", "profile_name": "chinook", "target_name": "dev", "invocation_id": "2e62fc00-4722-466a-a021-c02943e2e905", "node_id": "snapshot.chinook.Genre02"} */

      
  
    
        create or replace table `uc_sql_server_central`.`data_snapshot`.`genre02`
      
      
    using delta
  
      
      
      
      
      
      
      
      
      as
      select *,
        md5(coalesce(cast(`GenreId` as string ), '')
         || '|' || coalesce(cast(
    current_timestamp()
 as string ), '')
        ) as dbt_scd_id,
        
    current_timestamp()
 as dbt_updated_at,
        
    current_timestamp()
 as dbt_valid_from,
        
  
  coalesce(nullif(
    current_timestamp()
, 
    current_timestamp()
), null)
  as dbt_valid_to

    from (
        select * from `uc_sql_server_central`.`data_raw`.`genre01`
    ) sbq


  
  
[0m13:34:45.424596 [debug] [Thread-13 ]: Databricks adapter: Cursor(session-id=01f1a23d-9725-1037-a565-4ba5db72ebd9, command-id=01f1a23d-97a6-1325-a4c9-c7602da05bfa) - Closing
[0m13:34:47.434585 [debug] [Thread-13 ]: SQL status: OK in 2.010 seconds
[0m13:34:47.436703 [debug] [Thread-13 ]: Databricks adapter: Cursor(session-id=01f1a23d-9725-1037-a565-4ba5db72ebd9, command-id=01f1a23d-97bd-1f47-bcb3-e36e5d1f2b2a) - Closing
[0m13:34:47.438715 [debug] [Thread-13 ]: On snapshot.chinook.Genre02: Close
[0m13:34:47.440724 [debug] [Thread-13 ]: Databricks adapter: Connection(session-id=01f1a23d-9725-1037-a565-4ba5db72ebd9) - Closing
[0m13:34:47.528881 [debug] [Thread-13 ]: Sending event: {'category': 'dbt', 'action': 'run_model', 'label': '2e62fc00-4722-466a-a021-c02943e2e905', 'context': [<snowplow_tracker.self_describing_json.SelfDescribingJson object at 0x0000012F7EE929C0>]}
[0m13:34:47.530892 [info ] [Thread-13 ]: 49 of 59 OK snapshotted data_snapshot.genre02 .................................. [[32mOK[0m in 3.45s]
[0m13:34:47.534916 [debug] [Thread-13 ]: Finished running node snapshot.chinook.Genre02
[0m13:34:47.534916 [debug] [Thread-13 ]: Began running node model.chinook.Invoice02
[0m13:34:47.537005 [info ] [Thread-13 ]: 50 of 59 START sql incremental model data_stage.invoice02 ...................... [RUN]
[0m13:34:47.540573 [debug] [Thread-13 ]: Databricks adapter: DatabricksDBTConnection(session-id=None, name=model.chinook.Invoice02) - Creating connection
[0m13:34:47.542612 [debug] [Thread-13 ]: Acquiring new databricks connection 'model.chinook.Invoice02'
[0m13:34:47.544629 [debug] [Thread-13 ]: Began compiling node model.chinook.Invoice02
[0m13:34:47.556705 [debug] [Thread-13 ]: Writing injected SQL for node "model.chinook.Invoice02"
[0m13:34:47.556705 [debug] [Thread-13 ]: Began executing node model.chinook.Invoice02
[0m13:34:47.564720 [debug] [Thread-13 ]: MATERIALIZING INCREMENTAL
[0m13:34:47.579793 [debug] [Thread-13 ]: Using databricks connection "model.chinook.Invoice02"
[0m13:34:47.593654 [debug] [Thread-13 ]: On model.chinook.Invoice02: /* {"app": "dbt", "dbt_version": "1.11.2", "dbt_databricks_version": "1.12.4", "databricks_sql_connector_version": "4.1.3", "profile_name": "chinook", "target_name": "dev", "invocation_id": "2e62fc00-4722-466a-a021-c02943e2e905", "node_id": "model.chinook.Invoice02"} */
SELECT
    table_catalog,
    table_schema,
    table_name,
    filter_name,
    target_columns
  FROM `uc_sql_server_central`.`information_schema`.`row_filters`
  WHERE table_catalog = 'uc_sql_server_central'
    AND table_schema = 'data_stage'
    AND table_name = 'invoice02'
[0m13:34:47.604455 [debug] [Thread-13 ]: Opening a new connection, currently in state init
[0m13:34:47.951748 [debug] [Thread-13 ]: Databricks adapter: Connection(session-id=01f1a23d-9933-1772-aba1-939580a6ea59) - Created
[0m13:34:48.403971 [debug] [Thread-13 ]: SQL status: OK in 0.800 seconds
[0m13:34:48.416775 [debug] [Thread-13 ]: Databricks adapter: Cursor(session-id=01f1a23d-9933-1772-aba1-939580a6ea59, command-id=01f1a23d-993f-1286-a64b-7cc5429e7ecc) - Closing
[0m13:34:48.420662 [debug] [Thread-13 ]: Writing runtime sql for node "model.chinook.Invoice02"
[0m13:34:48.429557 [debug] [Thread-13 ]: Using databricks connection "model.chinook.Invoice02"
[0m13:34:48.433117 [debug] [Thread-13 ]: On model.chinook.Invoice02: /* {"app": "dbt", "dbt_version": "1.11.2", "dbt_databricks_version": "1.12.4", "databricks_sql_connector_version": "4.1.3", "profile_name": "chinook", "target_name": "dev", "invocation_id": "2e62fc00-4722-466a-a021-c02943e2e905", "node_id": "model.chinook.Invoice02"} */

  
    
        create or replace table `uc_sql_server_central`.`data_stage`.`invoice02`
      
      
    using delta
  
      
      
      
      
      
      
      
      
      as
      select
    *
from `uc_sql_server_central`.`data_raw`.`invoice01`
  
[0m13:34:50.324611 [debug] [Thread-13 ]: SQL status: OK in 1.890 seconds
[0m13:34:50.324611 [debug] [Thread-13 ]: Databricks adapter: Cursor(session-id=01f1a23d-9933-1772-aba1-939580a6ea59, command-id=01f1a23d-9988-14bf-a01d-efffe1dbece4) - Closing
[0m13:34:50.324611 [debug] [Thread-13 ]: Applying tags to relation None
[0m13:34:50.334727 [debug] [Thread-13 ]: On model.chinook.Invoice02: Close
[0m13:34:50.334727 [debug] [Thread-13 ]: Databricks adapter: Connection(session-id=01f1a23d-9933-1772-aba1-939580a6ea59) - Closing
[0m13:34:50.439015 [debug] [Thread-13 ]: Sending event: {'category': 'dbt', 'action': 'run_model', 'label': '2e62fc00-4722-466a-a021-c02943e2e905', 'context': [<snowplow_tracker.self_describing_json.SelfDescribingJson object at 0x0000012F7F695730>]}
[0m13:34:50.444798 [info ] [Thread-13 ]: 50 of 59 OK created sql incremental model data_stage.invoice02 ................. [[32mOK[0m in 2.90s]
[0m13:34:50.446971 [debug] [Thread-13 ]: Finished running node model.chinook.Invoice02
[0m13:34:50.449881 [debug] [Thread-13 ]: Began running node model.chinook.InvoiceLine02
[0m13:34:50.451906 [info ] [Thread-13 ]: 51 of 59 START sql incremental model data_stage.invoiceline02 .................. [RUN]
[0m13:34:50.454450 [debug] [Thread-13 ]: Databricks adapter: DatabricksDBTConnection(session-id=None, name=model.chinook.InvoiceLine02) - Creating connection
[0m13:34:50.456658 [debug] [Thread-13 ]: Acquiring new databricks connection 'model.chinook.InvoiceLine02'
[0m13:34:50.458303 [debug] [Thread-13 ]: Began compiling node model.chinook.InvoiceLine02
[0m13:34:50.471947 [debug] [Thread-13 ]: Writing injected SQL for node "model.chinook.InvoiceLine02"
[0m13:34:50.474471 [debug] [Thread-13 ]: Began executing node model.chinook.InvoiceLine02
[0m13:34:50.487555 [debug] [Thread-13 ]: MATERIALIZING INCREMENTAL
[0m13:34:50.489568 [debug] [Thread-13 ]: Using databricks connection "model.chinook.InvoiceLine02"
[0m13:34:50.491578 [debug] [Thread-13 ]: On model.chinook.InvoiceLine02: /* {"app": "dbt", "dbt_version": "1.11.2", "dbt_databricks_version": "1.12.4", "databricks_sql_connector_version": "4.1.3", "profile_name": "chinook", "target_name": "dev", "invocation_id": "2e62fc00-4722-466a-a021-c02943e2e905", "node_id": "model.chinook.InvoiceLine02"} */
SELECT
    table_catalog,
    table_schema,
    table_name,
    filter_name,
    target_columns
  FROM `uc_sql_server_central`.`information_schema`.`row_filters`
  WHERE table_catalog = 'uc_sql_server_central'
    AND table_schema = 'data_stage'
    AND table_name = 'invoiceline02'
[0m13:34:50.496766 [debug] [Thread-13 ]: Opening a new connection, currently in state init
[0m13:34:50.860474 [debug] [Thread-13 ]: Databricks adapter: Connection(session-id=01f1a23d-9aef-1c46-9801-65335dfb0af6) - Created
[0m13:34:51.316552 [debug] [Thread-13 ]: SQL status: OK in 0.820 seconds
[0m13:34:51.323607 [debug] [Thread-13 ]: Databricks adapter: Cursor(session-id=01f1a23d-9aef-1c46-9801-65335dfb0af6, command-id=01f1a23d-9afd-1165-823c-0b14b49829e7) - Closing
[0m13:34:51.324622 [debug] [Thread-13 ]: Writing runtime sql for node "model.chinook.InvoiceLine02"
[0m13:34:51.326786 [debug] [Thread-13 ]: Using databricks connection "model.chinook.InvoiceLine02"
[0m13:34:51.326786 [debug] [Thread-13 ]: On model.chinook.InvoiceLine02: /* {"app": "dbt", "dbt_version": "1.11.2", "dbt_databricks_version": "1.12.4", "databricks_sql_connector_version": "4.1.3", "profile_name": "chinook", "target_name": "dev", "invocation_id": "2e62fc00-4722-466a-a021-c02943e2e905", "node_id": "model.chinook.InvoiceLine02"} */

  
    
        create or replace table `uc_sql_server_central`.`data_stage`.`invoiceline02`
      
      
    using delta
  
      
      
      
      
      
      
      
      
      as
      select
    *
from `uc_sql_server_central`.`data_raw`.`invoiceline01`
  
[0m13:34:53.112381 [debug] [Thread-13 ]: SQL status: OK in 1.790 seconds
[0m13:34:53.119859 [debug] [Thread-13 ]: Databricks adapter: Cursor(session-id=01f1a23d-9aef-1c46-9801-65335dfb0af6, command-id=01f1a23d-9b44-1191-89d3-3e0ff977d186) - Closing
[0m13:34:53.123650 [debug] [Thread-13 ]: Applying tags to relation None
[0m13:34:53.129835 [debug] [Thread-13 ]: On model.chinook.InvoiceLine02: Close
[0m13:34:53.134726 [debug] [Thread-13 ]: Databricks adapter: Connection(session-id=01f1a23d-9aef-1c46-9801-65335dfb0af6) - Closing
[0m13:34:53.237929 [debug] [Thread-13 ]: Sending event: {'category': 'dbt', 'action': 'run_model', 'label': '2e62fc00-4722-466a-a021-c02943e2e905', 'context': [<snowplow_tracker.self_describing_json.SelfDescribingJson object at 0x0000012F7F5FB350>]}
[0m13:34:53.239453 [info ] [Thread-13 ]: 51 of 59 OK created sql incremental model data_stage.invoiceline02 ............. [[32mOK[0m in 2.79s]
[0m13:34:53.239453 [debug] [Thread-13 ]: Finished running node model.chinook.InvoiceLine02
[0m13:34:53.241463 [debug] [Thread-13 ]: Began running node snapshot.chinook.MediaType02
[0m13:34:53.241463 [info ] [Thread-13 ]: 52 of 59 START snapshot data_snapshot.mediatype02 .............................. [RUN]
[0m13:34:53.243473 [debug] [Thread-13 ]: Databricks adapter: DatabricksDBTConnection(session-id=None, name=snapshot.chinook.MediaType02) - Creating connection
[0m13:34:53.243473 [debug] [Thread-13 ]: Acquiring new databricks connection 'snapshot.chinook.MediaType02'
[0m13:34:53.244486 [debug] [Thread-13 ]: Began compiling node snapshot.chinook.MediaType02
[0m13:34:53.253064 [debug] [Thread-13 ]: Began executing node snapshot.chinook.MediaType02
[0m13:34:53.254592 [debug] [Thread-13 ]: Using databricks connection "snapshot.chinook.MediaType02"
[0m13:34:53.254592 [debug] [Thread-13 ]: On snapshot.chinook.MediaType02: /* {"app": "dbt", "dbt_version": "1.11.2", "dbt_databricks_version": "1.12.4", "databricks_sql_connector_version": "4.1.3", "profile_name": "chinook", "target_name": "dev", "invocation_id": "2e62fc00-4722-466a-a021-c02943e2e905", "node_id": "snapshot.chinook.MediaType02"} */
SELECT
    table_catalog,
    table_schema,
    table_name,
    filter_name,
    target_columns
  FROM `uc_sql_server_central`.`information_schema`.`row_filters`
  WHERE table_catalog = 'uc_sql_server_central'
    AND table_schema = 'data_snapshot'
    AND table_name = 'mediatype02'
[0m13:34:53.254592 [debug] [Thread-13 ]: Opening a new connection, currently in state init
[0m13:34:53.614529 [debug] [Thread-13 ]: Databricks adapter: Connection(session-id=01f1a23d-9c93-1f0c-bd3e-6d230d56164a) - Created
[0m13:34:54.131036 [debug] [Thread-13 ]: SQL status: OK in 0.880 seconds
[0m13:34:54.139746 [debug] [Thread-13 ]: Databricks adapter: Cursor(session-id=01f1a23d-9c93-1f0c-bd3e-6d230d56164a, command-id=01f1a23d-9ca0-1c3a-b799-88a3e275ac48) - Closing
[0m13:34:54.143797 [debug] [Thread-13 ]: Using databricks connection "snapshot.chinook.MediaType02"
[0m13:34:54.144805 [debug] [Thread-13 ]: On snapshot.chinook.MediaType02: /* {"app": "dbt", "dbt_version": "1.11.2", "dbt_databricks_version": "1.12.4", "databricks_sql_connector_version": "4.1.3", "profile_name": "chinook", "target_name": "dev", "invocation_id": "2e62fc00-4722-466a-a021-c02943e2e905", "node_id": "snapshot.chinook.MediaType02"} */
select * from (
        select *,
        md5(coalesce(cast(`MediaTypeId` as string ), '')
         || '|' || coalesce(cast(
    current_timestamp()
 as string ), '')
        ) as dbt_scd_id,
        
    current_timestamp()
 as dbt_updated_at,
        
    current_timestamp()
 as dbt_valid_from,
        
  
  coalesce(nullif(
    current_timestamp()
, 
    current_timestamp()
), null)
  as dbt_valid_to

    from (
        select * from `uc_sql_server_central`.`data_raw`.`mediatype01`
    ) sbq


    ) as __dbt_sbq
    where false
    limit 0

[0m13:34:54.384669 [debug] [Thread-13 ]: SQL status: OK in 0.240 seconds
[0m13:34:54.384669 [debug] [Thread-13 ]: Using databricks connection "snapshot.chinook.MediaType02"
[0m13:34:54.391104 [debug] [Thread-13 ]: On snapshot.chinook.MediaType02: /* {"app": "dbt", "dbt_version": "1.11.2", "dbt_databricks_version": "1.12.4", "databricks_sql_connector_version": "4.1.3", "profile_name": "chinook", "target_name": "dev", "invocation_id": "2e62fc00-4722-466a-a021-c02943e2e905", "node_id": "snapshot.chinook.MediaType02"} */
select * from (
        select 
    current_timestamp()
 as dbt_snapshot_time
    ) as __dbt_sbq
    where false
    limit 0

[0m13:34:54.391104 [debug] [Thread-13 ]: Databricks adapter: Cursor(session-id=01f1a23d-9c93-1f0c-bd3e-6d230d56164a, command-id=01f1a23d-9cf0-19e3-bdf6-24ffb48c7784) - Closing
[0m13:34:54.542905 [debug] [Thread-13 ]: SQL status: OK in 0.150 seconds
[0m13:34:54.544418 [debug] [Thread-13 ]: Writing runtime sql for node "snapshot.chinook.MediaType02"
[0m13:34:54.546575 [debug] [Thread-13 ]: Using databricks connection "snapshot.chinook.MediaType02"
[0m13:34:54.546575 [debug] [Thread-13 ]: On snapshot.chinook.MediaType02: /* {"app": "dbt", "dbt_version": "1.11.2", "dbt_databricks_version": "1.12.4", "databricks_sql_connector_version": "4.1.3", "profile_name": "chinook", "target_name": "dev", "invocation_id": "2e62fc00-4722-466a-a021-c02943e2e905", "node_id": "snapshot.chinook.MediaType02"} */

      
  
    
        create or replace table `uc_sql_server_central`.`data_snapshot`.`mediatype02`
      
      
    using delta
  
      
      
      
      
      
      
      
      
      as
      select *,
        md5(coalesce(cast(`MediaTypeId` as string ), '')
         || '|' || coalesce(cast(
    current_timestamp()
 as string ), '')
        ) as dbt_scd_id,
        
    current_timestamp()
 as dbt_updated_at,
        
    current_timestamp()
 as dbt_valid_from,
        
  
  coalesce(nullif(
    current_timestamp()
, 
    current_timestamp()
), null)
  as dbt_valid_to

    from (
        select * from `uc_sql_server_central`.`data_raw`.`mediatype01`
    ) sbq


  
  
[0m13:34:54.546575 [debug] [Thread-13 ]: Databricks adapter: Cursor(session-id=01f1a23d-9c93-1f0c-bd3e-6d230d56164a, command-id=01f1a23d-9d17-14a3-b698-7f11539742f3) - Closing
[0m13:34:56.444699 [debug] [Thread-13 ]: SQL status: OK in 1.900 seconds
[0m13:34:56.454811 [debug] [Thread-13 ]: Databricks adapter: Cursor(session-id=01f1a23d-9c93-1f0c-bd3e-6d230d56164a, command-id=01f1a23d-9d2e-1706-9af4-9bdee9eae546) - Closing
[0m13:34:56.454811 [debug] [Thread-13 ]: On snapshot.chinook.MediaType02: Close
[0m13:34:56.454811 [debug] [Thread-13 ]: Databricks adapter: Connection(session-id=01f1a23d-9c93-1f0c-bd3e-6d230d56164a) - Closing
[0m13:34:56.571302 [debug] [Thread-13 ]: Sending event: {'category': 'dbt', 'action': 'run_model', 'label': '2e62fc00-4722-466a-a021-c02943e2e905', 'context': [<snowplow_tracker.self_describing_json.SelfDescribingJson object at 0x0000012F7EB890D0>]}
[0m13:34:56.573315 [info ] [Thread-13 ]: 52 of 59 OK snapshotted data_snapshot.mediatype02 .............................. [[32mOK[0m in 3.33s]
[0m13:34:56.576992 [debug] [Thread-13 ]: Finished running node snapshot.chinook.MediaType02
[0m13:34:56.579010 [debug] [Thread-13 ]: Began running node snapshot.chinook.Playlist02
[0m13:34:56.580076 [info ] [Thread-13 ]: 53 of 59 START snapshot data_snapshot.playlist02 ............................... [RUN]
[0m13:34:56.584674 [debug] [Thread-13 ]: Databricks adapter: DatabricksDBTConnection(session-id=None, name=snapshot.chinook.Playlist02) - Creating connection
[0m13:34:56.586752 [debug] [Thread-13 ]: Acquiring new databricks connection 'snapshot.chinook.Playlist02'
[0m13:34:56.588770 [debug] [Thread-13 ]: Began compiling node snapshot.chinook.Playlist02
[0m13:34:56.611846 [debug] [Thread-13 ]: Began executing node snapshot.chinook.Playlist02
[0m13:34:56.641663 [debug] [Thread-13 ]: Using databricks connection "snapshot.chinook.Playlist02"
[0m13:34:56.641663 [debug] [Thread-13 ]: On snapshot.chinook.Playlist02: /* {"app": "dbt", "dbt_version": "1.11.2", "dbt_databricks_version": "1.12.4", "databricks_sql_connector_version": "4.1.3", "profile_name": "chinook", "target_name": "dev", "invocation_id": "2e62fc00-4722-466a-a021-c02943e2e905", "node_id": "snapshot.chinook.Playlist02"} */
SELECT
    table_catalog,
    table_schema,
    table_name,
    filter_name,
    target_columns
  FROM `uc_sql_server_central`.`information_schema`.`row_filters`
  WHERE table_catalog = 'uc_sql_server_central'
    AND table_schema = 'data_snapshot'
    AND table_name = 'playlist02'
[0m13:34:56.644693 [debug] [Thread-13 ]: Opening a new connection, currently in state init
[0m13:34:57.004644 [debug] [Thread-13 ]: Databricks adapter: Connection(session-id=01f1a23d-9e98-178a-ab8a-266761d72015) - Created
[0m13:34:57.524574 [debug] [Thread-13 ]: SQL status: OK in 0.880 seconds
[0m13:34:57.524574 [debug] [Thread-13 ]: Databricks adapter: Cursor(session-id=01f1a23d-9e98-178a-ab8a-266761d72015, command-id=01f1a23d-9ea9-1130-8f7e-641914eef75f) - Closing
[0m13:34:57.524574 [debug] [Thread-13 ]: Using databricks connection "snapshot.chinook.Playlist02"
[0m13:34:57.524574 [debug] [Thread-13 ]: On snapshot.chinook.Playlist02: /* {"app": "dbt", "dbt_version": "1.11.2", "dbt_databricks_version": "1.12.4", "databricks_sql_connector_version": "4.1.3", "profile_name": "chinook", "target_name": "dev", "invocation_id": "2e62fc00-4722-466a-a021-c02943e2e905", "node_id": "snapshot.chinook.Playlist02"} */
select * from (
        select *,
        md5(coalesce(cast(`PlaylistId` as string ), '')
         || '|' || coalesce(cast(
    current_timestamp()
 as string ), '')
        ) as dbt_scd_id,
        
    current_timestamp()
 as dbt_updated_at,
        
    current_timestamp()
 as dbt_valid_from,
        
  
  coalesce(nullif(
    current_timestamp()
, 
    current_timestamp()
), null)
  as dbt_valid_to

    from (
        select * from `uc_sql_server_central`.`data_raw`.`playlist01`
    ) sbq


    ) as __dbt_sbq
    where false
    limit 0

[0m13:34:57.811711 [debug] [Thread-13 ]: SQL status: OK in 0.290 seconds
[0m13:34:57.814758 [debug] [Thread-13 ]: Using databricks connection "snapshot.chinook.Playlist02"
[0m13:34:57.818963 [debug] [Thread-13 ]: On snapshot.chinook.Playlist02: /* {"app": "dbt", "dbt_version": "1.11.2", "dbt_databricks_version": "1.12.4", "databricks_sql_connector_version": "4.1.3", "profile_name": "chinook", "target_name": "dev", "invocation_id": "2e62fc00-4722-466a-a021-c02943e2e905", "node_id": "snapshot.chinook.Playlist02"} */
select * from (
        select 
    current_timestamp()
 as dbt_snapshot_time
    ) as __dbt_sbq
    where false
    limit 0

[0m13:34:57.820728 [debug] [Thread-13 ]: Databricks adapter: Cursor(session-id=01f1a23d-9e98-178a-ab8a-266761d72015, command-id=01f1a23d-9ef6-100e-bf20-ae621395f450) - Closing
[0m13:34:57.973559 [debug] [Thread-13 ]: SQL status: OK in 0.150 seconds
[0m13:34:57.975108 [debug] [Thread-13 ]: Writing runtime sql for node "snapshot.chinook.Playlist02"
[0m13:34:57.981834 [debug] [Thread-13 ]: Using databricks connection "snapshot.chinook.Playlist02"
[0m13:34:57.984880 [debug] [Thread-13 ]: On snapshot.chinook.Playlist02: /* {"app": "dbt", "dbt_version": "1.11.2", "dbt_databricks_version": "1.12.4", "databricks_sql_connector_version": "4.1.3", "profile_name": "chinook", "target_name": "dev", "invocation_id": "2e62fc00-4722-466a-a021-c02943e2e905", "node_id": "snapshot.chinook.Playlist02"} */

      
  
    
        create or replace table `uc_sql_server_central`.`data_snapshot`.`playlist02`
      
      
    using delta
  
      
      
      
      
      
      
      
      
      as
      select *,
        md5(coalesce(cast(`PlaylistId` as string ), '')
         || '|' || coalesce(cast(
    current_timestamp()
 as string ), '')
        ) as dbt_scd_id,
        
    current_timestamp()
 as dbt_updated_at,
        
    current_timestamp()
 as dbt_valid_from,
        
  
  coalesce(nullif(
    current_timestamp()
, 
    current_timestamp()
), null)
  as dbt_valid_to

    from (
        select * from `uc_sql_server_central`.`data_raw`.`playlist01`
    ) sbq


  
  
[0m13:34:57.989035 [debug] [Thread-13 ]: Databricks adapter: Cursor(session-id=01f1a23d-9e98-178a-ab8a-266761d72015, command-id=01f1a23d-9f21-1f4b-9932-523e8a844f1b) - Closing
[0m13:34:59.934742 [debug] [Thread-13 ]: SQL status: OK in 1.950 seconds
[0m13:34:59.944704 [debug] [Thread-13 ]: Databricks adapter: Cursor(session-id=01f1a23d-9e98-178a-ab8a-266761d72015, command-id=01f1a23d-9f3d-1853-911d-b9bf3882dd52) - Closing
[0m13:34:59.947945 [debug] [Thread-13 ]: On snapshot.chinook.Playlist02: Close
[0m13:34:59.947945 [debug] [Thread-13 ]: Databricks adapter: Connection(session-id=01f1a23d-9e98-178a-ab8a-266761d72015) - Closing
[0m13:35:00.058601 [debug] [Thread-13 ]: Sending event: {'category': 'dbt', 'action': 'run_model', 'label': '2e62fc00-4722-466a-a021-c02943e2e905', 'context': [<snowplow_tracker.self_describing_json.SelfDescribingJson object at 0x0000012F7F67BC80>]}
[0m13:35:00.059611 [info ] [Thread-13 ]: 53 of 59 OK snapshotted data_snapshot.playlist02 ............................... [[32mOK[0m in 3.47s]
[0m13:35:00.063646 [debug] [Thread-13 ]: Finished running node snapshot.chinook.Playlist02
[0m13:35:00.064659 [debug] [Thread-13 ]: Began running node snapshot.chinook.Track02
[0m13:35:00.064659 [info ] [Thread-13 ]: 54 of 59 START snapshot data_snapshot.track02 .................................. [RUN]
[0m13:35:00.069894 [debug] [Thread-13 ]: Databricks adapter: DatabricksDBTConnection(session-id=None, name=snapshot.chinook.Track02) - Creating connection
[0m13:35:00.071920 [debug] [Thread-13 ]: Acquiring new databricks connection 'snapshot.chinook.Track02'
[0m13:35:00.071920 [debug] [Thread-13 ]: Began compiling node snapshot.chinook.Track02
[0m13:35:00.075585 [debug] [Thread-13 ]: Began executing node snapshot.chinook.Track02
[0m13:35:00.089066 [debug] [Thread-13 ]: Using databricks connection "snapshot.chinook.Track02"
[0m13:35:00.091078 [debug] [Thread-13 ]: On snapshot.chinook.Track02: /* {"app": "dbt", "dbt_version": "1.11.2", "dbt_databricks_version": "1.12.4", "databricks_sql_connector_version": "4.1.3", "profile_name": "chinook", "target_name": "dev", "invocation_id": "2e62fc00-4722-466a-a021-c02943e2e905", "node_id": "snapshot.chinook.Track02"} */
SELECT
    table_catalog,
    table_schema,
    table_name,
    filter_name,
    target_columns
  FROM `uc_sql_server_central`.`information_schema`.`row_filters`
  WHERE table_catalog = 'uc_sql_server_central'
    AND table_schema = 'data_snapshot'
    AND table_name = 'track02'
[0m13:35:00.091078 [debug] [Thread-13 ]: Opening a new connection, currently in state init
[0m13:35:00.471085 [debug] [Thread-13 ]: Databricks adapter: Connection(session-id=01f1a23d-a0a9-132d-a31f-5ba2faa4c97e) - Created
[0m13:35:00.957587 [debug] [Thread-13 ]: SQL status: OK in 0.870 seconds
[0m13:35:00.963641 [debug] [Thread-13 ]: Databricks adapter: Cursor(session-id=01f1a23d-a0a9-132d-a31f-5ba2faa4c97e, command-id=01f1a23d-a0b6-1fa9-b3cc-9913fec9ace5) - Closing
[0m13:35:00.969300 [debug] [Thread-13 ]: Using databricks connection "snapshot.chinook.Track02"
[0m13:35:00.971428 [debug] [Thread-13 ]: On snapshot.chinook.Track02: /* {"app": "dbt", "dbt_version": "1.11.2", "dbt_databricks_version": "1.12.4", "databricks_sql_connector_version": "4.1.3", "profile_name": "chinook", "target_name": "dev", "invocation_id": "2e62fc00-4722-466a-a021-c02943e2e905", "node_id": "snapshot.chinook.Track02"} */
select * from (
        select *,
        md5(coalesce(cast(`TrackId` as string ), '')
         || '|' || coalesce(cast(
    current_timestamp()
 as string ), '')
        ) as dbt_scd_id,
        
    current_timestamp()
 as dbt_updated_at,
        
    current_timestamp()
 as dbt_valid_from,
        
  
  coalesce(nullif(
    current_timestamp()
, 
    current_timestamp()
), null)
  as dbt_valid_to

    from (
        select * from `uc_sql_server_central`.`data_raw`.`track01`
    ) sbq


    ) as __dbt_sbq
    where false
    limit 0

[0m13:35:01.254432 [debug] [Thread-13 ]: SQL status: OK in 0.280 seconds
[0m13:35:01.259658 [debug] [Thread-13 ]: Using databricks connection "snapshot.chinook.Track02"
[0m13:35:01.263731 [debug] [Thread-13 ]: On snapshot.chinook.Track02: /* {"app": "dbt", "dbt_version": "1.11.2", "dbt_databricks_version": "1.12.4", "databricks_sql_connector_version": "4.1.3", "profile_name": "chinook", "target_name": "dev", "invocation_id": "2e62fc00-4722-466a-a021-c02943e2e905", "node_id": "snapshot.chinook.Track02"} */
select * from (
        select 
    current_timestamp()
 as dbt_snapshot_time
    ) as __dbt_sbq
    where false
    limit 0

[0m13:35:01.266937 [debug] [Thread-13 ]: Databricks adapter: Cursor(session-id=01f1a23d-a0a9-132d-a31f-5ba2faa4c97e, command-id=01f1a23d-a102-1970-a30f-9d32d4c38cd2) - Closing
[0m13:35:01.414482 [debug] [Thread-13 ]: SQL status: OK in 0.150 seconds
[0m13:35:01.414482 [debug] [Thread-13 ]: Writing runtime sql for node "snapshot.chinook.Track02"
[0m13:35:01.414482 [debug] [Thread-13 ]: Using databricks connection "snapshot.chinook.Track02"
[0m13:35:01.418306 [debug] [Thread-13 ]: On snapshot.chinook.Track02: /* {"app": "dbt", "dbt_version": "1.11.2", "dbt_databricks_version": "1.12.4", "databricks_sql_connector_version": "4.1.3", "profile_name": "chinook", "target_name": "dev", "invocation_id": "2e62fc00-4722-466a-a021-c02943e2e905", "node_id": "snapshot.chinook.Track02"} */

      
  
    
        create or replace table `uc_sql_server_central`.`data_snapshot`.`track02`
      
      
    using delta
  
      
      
      
      
      
      
      
      
      as
      select *,
        md5(coalesce(cast(`TrackId` as string ), '')
         || '|' || coalesce(cast(
    current_timestamp()
 as string ), '')
        ) as dbt_scd_id,
        
    current_timestamp()
 as dbt_updated_at,
        
    current_timestamp()
 as dbt_valid_from,
        
  
  coalesce(nullif(
    current_timestamp()
, 
    current_timestamp()
), null)
  as dbt_valid_to

    from (
        select * from `uc_sql_server_central`.`data_raw`.`track01`
    ) sbq


  
  
[0m13:35:01.419820 [debug] [Thread-13 ]: Databricks adapter: Cursor(session-id=01f1a23d-a0a9-132d-a31f-5ba2faa4c97e, command-id=01f1a23d-a130-1066-ae9e-f4334a5039df) - Closing
[0m13:35:03.332361 [debug] [Thread-13 ]: SQL status: OK in 1.910 seconds
[0m13:35:03.334832 [debug] [Thread-13 ]: Databricks adapter: Cursor(session-id=01f1a23d-a0a9-132d-a31f-5ba2faa4c97e, command-id=01f1a23d-a145-19ab-b498-c160a9a38133) - Closing
[0m13:35:03.339600 [debug] [Thread-13 ]: On snapshot.chinook.Track02: Close
[0m13:35:03.341609 [debug] [Thread-13 ]: Databricks adapter: Connection(session-id=01f1a23d-a0a9-132d-a31f-5ba2faa4c97e) - Closing
[0m13:35:03.444762 [debug] [Thread-13 ]: Sending event: {'category': 'dbt', 'action': 'run_model', 'label': '2e62fc00-4722-466a-a021-c02943e2e905', 'context': [<snowplow_tracker.self_describing_json.SelfDescribingJson object at 0x0000012F7F5F6E40>]}
[0m13:35:03.690789 [debug] [Thread-13 ]: An error was encountered while trying to send an event
[0m13:35:03.692799 [info ] [Thread-13 ]: 54 of 59 OK snapshotted data_snapshot.track02 .................................. [[32mOK[0m in 3.38s]
[0m13:35:03.694804 [debug] [Thread-13 ]: Finished running node snapshot.chinook.Track02
[0m13:35:03.694804 [debug] [Thread-13 ]: Began running node model.chinook.DimCustomers
[0m13:35:03.694804 [info ] [Thread-13 ]: 55 of 59 START sql table model data_mart.dimcustomers .......................... [RUN]
[0m13:35:03.694804 [debug] [Thread-13 ]: Databricks adapter: DatabricksDBTConnection(session-id=None, name=model.chinook.DimCustomers) - Creating connection
[0m13:35:03.694804 [debug] [Thread-13 ]: Acquiring new databricks connection 'model.chinook.DimCustomers'
[0m13:35:03.698792 [debug] [Thread-13 ]: Began compiling node model.chinook.DimCustomers
[0m13:35:03.704708 [debug] [Thread-13 ]: Writing injected SQL for node "model.chinook.DimCustomers"
[0m13:35:03.707299 [debug] [Thread-13 ]: Began executing node model.chinook.DimCustomers
[0m13:35:03.712232 [debug] [Thread-13 ]: MATERIALIZING TABLE
[0m13:35:03.712232 [debug] [Thread-13 ]: Using databricks connection "model.chinook.DimCustomers"
[0m13:35:03.714746 [debug] [Thread-13 ]: On model.chinook.DimCustomers: /* {"app": "dbt", "dbt_version": "1.11.2", "dbt_databricks_version": "1.12.4", "databricks_sql_connector_version": "4.1.3", "profile_name": "chinook", "target_name": "dev", "invocation_id": "2e62fc00-4722-466a-a021-c02943e2e905", "node_id": "model.chinook.DimCustomers"} */
SELECT
    table_catalog,
    table_schema,
    table_name,
    filter_name,
    target_columns
  FROM `uc_sql_server_central`.`information_schema`.`row_filters`
  WHERE table_catalog = 'uc_sql_server_central'
    AND table_schema = 'data_mart'
    AND table_name = 'dimcustomers'
[0m13:35:03.716819 [debug] [Thread-13 ]: Opening a new connection, currently in state init
[0m13:35:04.044717 [debug] [Thread-13 ]: Databricks adapter: Connection(session-id=01f1a23d-a2ca-1c20-90d0-d966f24fad57) - Created
[0m13:35:04.476831 [debug] [Thread-13 ]: SQL status: OK in 0.760 seconds
[0m13:35:04.486600 [debug] [Thread-13 ]: Databricks adapter: Cursor(session-id=01f1a23d-a2ca-1c20-90d0-d966f24fad57, command-id=01f1a23d-a2d6-1b1a-8992-86f2091dcd84) - Closing
[0m13:35:04.493686 [debug] [Thread-13 ]: Writing runtime sql for node "model.chinook.DimCustomers"
[0m13:35:04.498909 [debug] [Thread-13 ]: Using databricks connection "model.chinook.DimCustomers"
[0m13:35:04.500938 [debug] [Thread-13 ]: On model.chinook.DimCustomers: /* {"app": "dbt", "dbt_version": "1.11.2", "dbt_databricks_version": "1.12.4", "databricks_sql_connector_version": "4.1.3", "profile_name": "chinook", "target_name": "dev", "invocation_id": "2e62fc00-4722-466a-a021-c02943e2e905", "node_id": "model.chinook.DimCustomers"} */

  
    
        create or replace table `uc_sql_server_central`.`data_mart`.`dimcustomers`
      
      
    using delta
  
      
      
      
      
      
      
      
      
      as
      select *
from `uc_sql_server_central`.`data_stage`.`customer02`
  
[0m13:35:06.312171 [debug] [Thread-13 ]: SQL status: OK in 1.810 seconds
[0m13:35:06.318406 [debug] [Thread-13 ]: Databricks adapter: Cursor(session-id=01f1a23d-a2ca-1c20-90d0-d966f24fad57, command-id=01f1a23d-a31d-1443-bf05-0dd566bc8b40) - Closing
[0m13:35:06.322084 [debug] [Thread-13 ]: Applying tags to relation None
[0m13:35:06.329763 [debug] [Thread-13 ]: On model.chinook.DimCustomers: Close
[0m13:35:06.331797 [debug] [Thread-13 ]: Databricks adapter: Connection(session-id=01f1a23d-a2ca-1c20-90d0-d966f24fad57) - Closing
[0m13:35:06.440868 [debug] [Thread-13 ]: Sending event: {'category': 'dbt', 'action': 'run_model', 'label': '2e62fc00-4722-466a-a021-c02943e2e905', 'context': [<snowplow_tracker.self_describing_json.SelfDescribingJson object at 0x0000012F7F6CB290>]}
[0m13:35:06.440868 [info ] [Thread-13 ]: 55 of 59 OK created sql table model data_mart.dimcustomers ..................... [[32mOK[0m in 2.75s]
[0m13:35:06.440868 [debug] [Thread-13 ]: Finished running node model.chinook.DimCustomers
[0m13:35:06.440868 [debug] [Thread-13 ]: Began running node model.chinook.DimEmployees
[0m13:35:06.444470 [info ] [Thread-13 ]: 56 of 59 START sql table model data_mart.dimemployees .......................... [RUN]
[0m13:35:06.444470 [debug] [Thread-13 ]: Databricks adapter: DatabricksDBTConnection(session-id=None, name=model.chinook.DimEmployees) - Creating connection
[0m13:35:06.444470 [debug] [Thread-13 ]: Acquiring new databricks connection 'model.chinook.DimEmployees'
[0m13:35:06.447106 [debug] [Thread-13 ]: Began compiling node model.chinook.DimEmployees
[0m13:35:06.452881 [debug] [Thread-13 ]: Writing injected SQL for node "model.chinook.DimEmployees"
[0m13:35:06.454405 [debug] [Thread-13 ]: Began executing node model.chinook.DimEmployees
[0m13:35:06.459606 [debug] [Thread-13 ]: MATERIALIZING TABLE
[0m13:35:06.459606 [debug] [Thread-13 ]: Using databricks connection "model.chinook.DimEmployees"
[0m13:35:06.459606 [debug] [Thread-13 ]: On model.chinook.DimEmployees: /* {"app": "dbt", "dbt_version": "1.11.2", "dbt_databricks_version": "1.12.4", "databricks_sql_connector_version": "4.1.3", "profile_name": "chinook", "target_name": "dev", "invocation_id": "2e62fc00-4722-466a-a021-c02943e2e905", "node_id": "model.chinook.DimEmployees"} */
SELECT
    table_catalog,
    table_schema,
    table_name,
    filter_name,
    target_columns
  FROM `uc_sql_server_central`.`information_schema`.`row_filters`
  WHERE table_catalog = 'uc_sql_server_central'
    AND table_schema = 'data_mart'
    AND table_name = 'dimemployees'
[0m13:35:06.464509 [debug] [Thread-13 ]: Opening a new connection, currently in state init
[0m13:35:06.813556 [debug] [Thread-13 ]: Databricks adapter: Connection(session-id=01f1a23d-a46f-1f8c-b559-67e3893881c4) - Created
[0m13:35:07.351776 [debug] [Thread-13 ]: SQL status: OK in 0.890 seconds
[0m13:35:07.356701 [debug] [Thread-13 ]: Databricks adapter: Cursor(session-id=01f1a23d-a46f-1f8c-b559-67e3893881c4, command-id=01f1a23d-a47d-17c0-ba67-22066f9d0670) - Closing
[0m13:35:07.360732 [debug] [Thread-13 ]: Writing runtime sql for node "model.chinook.DimEmployees"
[0m13:35:07.360732 [debug] [Thread-13 ]: Using databricks connection "model.chinook.DimEmployees"
[0m13:35:07.360732 [debug] [Thread-13 ]: On model.chinook.DimEmployees: /* {"app": "dbt", "dbt_version": "1.11.2", "dbt_databricks_version": "1.12.4", "databricks_sql_connector_version": "4.1.3", "profile_name": "chinook", "target_name": "dev", "invocation_id": "2e62fc00-4722-466a-a021-c02943e2e905", "node_id": "model.chinook.DimEmployees"} */

  
    
        create or replace table `uc_sql_server_central`.`data_mart`.`dimemployees`
      
      
    using delta
  
      
      
      
      
      
      
      
      
      as
      select *
from `uc_sql_server_central`.`data_snapshot`.`employee02`
  
[0m13:35:09.210594 [debug] [Thread-13 ]: SQL status: OK in 1.850 seconds
[0m13:35:09.212604 [debug] [Thread-13 ]: Databricks adapter: Cursor(session-id=01f1a23d-a46f-1f8c-b559-67e3893881c4, command-id=01f1a23d-a4d0-1f70-b703-c7b484957dce) - Closing
[0m13:35:09.212604 [debug] [Thread-13 ]: Applying tags to relation None
[0m13:35:09.214613 [debug] [Thread-13 ]: On model.chinook.DimEmployees: Close
[0m13:35:09.214613 [debug] [Thread-13 ]: Databricks adapter: Connection(session-id=01f1a23d-a46f-1f8c-b559-67e3893881c4) - Closing
[0m13:35:09.308901 [debug] [Thread-13 ]: Sending event: {'category': 'dbt', 'action': 'run_model', 'label': '2e62fc00-4722-466a-a021-c02943e2e905', 'context': [<snowplow_tracker.self_describing_json.SelfDescribingJson object at 0x0000012F7DE2AE70>]}
[0m13:35:09.310915 [info ] [Thread-13 ]: 56 of 59 OK created sql table model data_mart.dimemployees ..................... [[32mOK[0m in 2.86s]
[0m13:35:09.312936 [debug] [Thread-13 ]: Finished running node model.chinook.DimEmployees
[0m13:35:09.314455 [debug] [Thread-13 ]: Began running node model.chinook.FactSales
[0m13:35:09.316528 [info ] [Thread-13 ]: 57 of 59 START sql table model data_mart.factsales ............................. [RUN]
[0m13:35:09.319558 [debug] [Thread-13 ]: Databricks adapter: DatabricksDBTConnection(session-id=None, name=model.chinook.FactSales) - Creating connection
[0m13:35:09.322609 [debug] [Thread-13 ]: Acquiring new databricks connection 'model.chinook.FactSales'
[0m13:35:09.324640 [debug] [Thread-13 ]: Began compiling node model.chinook.FactSales
[0m13:35:09.334552 [debug] [Thread-13 ]: Writing injected SQL for node "model.chinook.FactSales"
[0m13:35:09.336303 [debug] [Thread-13 ]: Began executing node model.chinook.FactSales
[0m13:35:09.343864 [debug] [Thread-13 ]: MATERIALIZING TABLE
[0m13:35:09.344371 [debug] [Thread-13 ]: Using databricks connection "model.chinook.FactSales"
[0m13:35:09.346528 [debug] [Thread-13 ]: On model.chinook.FactSales: /* {"app": "dbt", "dbt_version": "1.11.2", "dbt_databricks_version": "1.12.4", "databricks_sql_connector_version": "4.1.3", "profile_name": "chinook", "target_name": "dev", "invocation_id": "2e62fc00-4722-466a-a021-c02943e2e905", "node_id": "model.chinook.FactSales"} */
SELECT
    table_catalog,
    table_schema,
    table_name,
    filter_name,
    target_columns
  FROM `uc_sql_server_central`.`information_schema`.`row_filters`
  WHERE table_catalog = 'uc_sql_server_central'
    AND table_schema = 'data_mart'
    AND table_name = 'factsales'
[0m13:35:09.348537 [debug] [Thread-13 ]: Opening a new connection, currently in state init
[0m13:35:09.761002 [debug] [Thread-13 ]: Databricks adapter: Connection(session-id=01f1a23d-a632-1673-8cb0-7b4665092dae) - Created
[0m13:35:10.246883 [debug] [Thread-13 ]: SQL status: OK in 0.900 seconds
[0m13:35:10.254457 [debug] [Thread-13 ]: Databricks adapter: Cursor(session-id=01f1a23d-a632-1673-8cb0-7b4665092dae, command-id=01f1a23d-a648-19cd-a0ab-e4250301747d) - Closing
[0m13:35:10.258629 [debug] [Thread-13 ]: Writing runtime sql for node "model.chinook.FactSales"
[0m13:35:10.261680 [debug] [Thread-13 ]: Using databricks connection "model.chinook.FactSales"
[0m13:35:10.263696 [debug] [Thread-13 ]: On model.chinook.FactSales: /* {"app": "dbt", "dbt_version": "1.11.2", "dbt_databricks_version": "1.12.4", "databricks_sql_connector_version": "4.1.3", "profile_name": "chinook", "target_name": "dev", "invocation_id": "2e62fc00-4722-466a-a021-c02943e2e905", "node_id": "model.chinook.FactSales"} */

  
    
        create or replace table `uc_sql_server_central`.`data_mart`.`factsales`
      
      
    using delta
  
      
      
      
      
      
      
      
      
      as
      select 
	inv.*,
	lin.`InvoiceLineId` as `InvoiceLineId`,
	lin.`TrackId` as `TrackId`,
	lin.`UnitPrice` as `UnitPrice`,
	lin.`Quantity` as `Quantity`
from 
	`uc_sql_server_central`.`data_stage`.`invoice02`  as inv
join 
	`uc_sql_server_central`.`data_stage`.`invoiceline02` as lin
on 
	inv.`InvoiceId` = lin.`InvoiceId`
  
[0m13:35:12.506726 [debug] [Thread-13 ]: SQL status: OK in 2.240 seconds
[0m13:35:12.509762 [debug] [Thread-13 ]: Databricks adapter: Cursor(session-id=01f1a23d-a632-1673-8cb0-7b4665092dae, command-id=01f1a23d-a68b-1fa4-8a28-dfc99e8c2eac) - Closing
[0m13:35:12.511782 [debug] [Thread-13 ]: Applying tags to relation None
[0m13:35:12.514814 [debug] [Thread-13 ]: On model.chinook.FactSales: Close
[0m13:35:12.516996 [debug] [Thread-13 ]: Databricks adapter: Connection(session-id=01f1a23d-a632-1673-8cb0-7b4665092dae) - Closing
[0m13:35:12.609473 [debug] [Thread-13 ]: Sending event: {'category': 'dbt', 'action': 'run_model', 'label': '2e62fc00-4722-466a-a021-c02943e2e905', 'context': [<snowplow_tracker.self_describing_json.SelfDescribingJson object at 0x0000012F7E03BCB0>]}
[0m13:35:12.614673 [info ] [Thread-13 ]: 57 of 59 OK created sql table model data_mart.factsales ........................ [[32mOK[0m in 3.29s]
[0m13:35:12.619461 [debug] [Thread-13 ]: Finished running node model.chinook.FactSales
[0m13:35:12.619461 [debug] [Thread-13 ]: Began running node model.chinook.DimLists
[0m13:35:12.623514 [info ] [Thread-13 ]: 58 of 59 START sql table model data_mart.dimlists .............................. [RUN]
[0m13:35:12.626791 [debug] [Thread-13 ]: Databricks adapter: DatabricksDBTConnection(session-id=None, name=model.chinook.DimLists) - Creating connection
[0m13:35:12.629850 [debug] [Thread-13 ]: Acquiring new databricks connection 'model.chinook.DimLists'
[0m13:35:12.633960 [debug] [Thread-13 ]: Began compiling node model.chinook.DimLists
[0m13:35:12.667300 [debug] [Thread-13 ]: Writing injected SQL for node "model.chinook.DimLists"
[0m13:35:12.678912 [debug] [Thread-13 ]: Began executing node model.chinook.DimLists
[0m13:35:12.697035 [debug] [Thread-13 ]: MATERIALIZING TABLE
[0m13:35:12.703102 [debug] [Thread-13 ]: Using databricks connection "model.chinook.DimLists"
[0m13:35:12.706820 [debug] [Thread-13 ]: On model.chinook.DimLists: /* {"app": "dbt", "dbt_version": "1.11.2", "dbt_databricks_version": "1.12.4", "databricks_sql_connector_version": "4.1.3", "profile_name": "chinook", "target_name": "dev", "invocation_id": "2e62fc00-4722-466a-a021-c02943e2e905", "node_id": "model.chinook.DimLists"} */
SELECT
    table_catalog,
    table_schema,
    table_name,
    filter_name,
    target_columns
  FROM `uc_sql_server_central`.`information_schema`.`row_filters`
  WHERE table_catalog = 'uc_sql_server_central'
    AND table_schema = 'data_mart'
    AND table_name = 'dimlists'
[0m13:35:12.709259 [debug] [Thread-13 ]: Opening a new connection, currently in state init
[0m13:35:13.059783 [debug] [Thread-13 ]: Databricks adapter: Connection(session-id=01f1a23d-a82a-189c-9bd4-c6be716ed757) - Created
[0m13:35:13.524883 [debug] [Thread-13 ]: SQL status: OK in 0.820 seconds
[0m13:35:13.542919 [debug] [Thread-13 ]: Databricks adapter: Cursor(session-id=01f1a23d-a82a-189c-9bd4-c6be716ed757, command-id=01f1a23d-a83b-1f33-91f3-0ef3551562f0) - Closing
[0m13:35:13.549661 [debug] [Thread-13 ]: Writing runtime sql for node "model.chinook.DimLists"
[0m13:35:13.553700 [debug] [Thread-13 ]: Using databricks connection "model.chinook.DimLists"
[0m13:35:13.554718 [debug] [Thread-13 ]: On model.chinook.DimLists: /* {"app": "dbt", "dbt_version": "1.11.2", "dbt_databricks_version": "1.12.4", "databricks_sql_connector_version": "4.1.3", "profile_name": "chinook", "target_name": "dev", "invocation_id": "2e62fc00-4722-466a-a021-c02943e2e905", "node_id": "model.chinook.DimLists"} */

  
    
        create or replace table `uc_sql_server_central`.`data_mart`.`dimlists`
      
      
    using delta
  
      
      
      
      
      
      
      
      
      as
      select 
	pl.`Name` as `ListName`,
	pl.`PlaylistId` as `ListId`,
	plt.`TrackId` as `TrackId`
from 
	`uc_sql_server_central`.`data_snapshot`.`playlist02` as pl
join 
	`uc_sql_server_central`.`data_snapshot`.`playlisttrack02` as plt
on 
	pl.`PlaylistId` = plt.`PlaylistId`
  
[0m13:35:15.624727 [debug] [Thread-13 ]: SQL status: OK in 2.070 seconds
[0m13:35:15.624727 [debug] [Thread-13 ]: Databricks adapter: Cursor(session-id=01f1a23d-a82a-189c-9bd4-c6be716ed757, command-id=01f1a23d-a882-11e5-ac9c-7f0d3ffd7f79) - Closing
[0m13:35:15.636361 [debug] [Thread-13 ]: Applying tags to relation None
[0m13:35:15.640446 [debug] [Thread-13 ]: On model.chinook.DimLists: Close
[0m13:35:15.644677 [debug] [Thread-13 ]: Databricks adapter: Connection(session-id=01f1a23d-a82a-189c-9bd4-c6be716ed757) - Closing
[0m13:35:15.741727 [debug] [Thread-13 ]: Sending event: {'category': 'dbt', 'action': 'run_model', 'label': '2e62fc00-4722-466a-a021-c02943e2e905', 'context': [<snowplow_tracker.self_describing_json.SelfDescribingJson object at 0x0000012F7EB52420>]}
[0m13:35:15.744763 [info ] [Thread-13 ]: 58 of 59 OK created sql table model data_mart.dimlists ......................... [[32mOK[0m in 3.11s]
[0m13:35:15.744763 [debug] [Thread-13 ]: Finished running node model.chinook.DimLists
[0m13:35:15.749662 [debug] [Thread-13 ]: Began running node model.chinook.DimProducts
[0m13:35:15.753468 [info ] [Thread-13 ]: 59 of 59 START sql table model data_mart.dimproducts ........................... [RUN]
[0m13:35:15.756698 [debug] [Thread-13 ]: Databricks adapter: DatabricksDBTConnection(session-id=None, name=model.chinook.DimProducts) - Creating connection
[0m13:35:15.759740 [debug] [Thread-13 ]: Acquiring new databricks connection 'model.chinook.DimProducts'
[0m13:35:15.761768 [debug] [Thread-13 ]: Began compiling node model.chinook.DimProducts
[0m13:35:15.794860 [debug] [Thread-13 ]: Writing injected SQL for node "model.chinook.DimProducts"
[0m13:35:15.801927 [debug] [Thread-13 ]: Began executing node model.chinook.DimProducts
[0m13:35:15.809829 [debug] [Thread-13 ]: MATERIALIZING TABLE
[0m13:35:15.812387 [debug] [Thread-13 ]: Using databricks connection "model.chinook.DimProducts"
[0m13:35:15.814148 [debug] [Thread-13 ]: On model.chinook.DimProducts: /* {"app": "dbt", "dbt_version": "1.11.2", "dbt_databricks_version": "1.12.4", "databricks_sql_connector_version": "4.1.3", "profile_name": "chinook", "target_name": "dev", "invocation_id": "2e62fc00-4722-466a-a021-c02943e2e905", "node_id": "model.chinook.DimProducts"} */
SELECT
    table_catalog,
    table_schema,
    table_name,
    filter_name,
    target_columns
  FROM `uc_sql_server_central`.`information_schema`.`row_filters`
  WHERE table_catalog = 'uc_sql_server_central'
    AND table_schema = 'data_mart'
    AND table_name = 'dimproducts'
[0m13:35:15.815199 [debug] [Thread-13 ]: Opening a new connection, currently in state init
[0m13:35:16.184570 [debug] [Thread-13 ]: Databricks adapter: Connection(session-id=01f1a23d-aa07-1600-b0df-f00ff19b1423) - Created
[0m13:35:16.719777 [debug] [Thread-13 ]: SQL status: OK in 0.900 seconds
[0m13:35:16.721789 [debug] [Thread-13 ]: Databricks adapter: Cursor(session-id=01f1a23d-aa07-1600-b0df-f00ff19b1423, command-id=01f1a23d-aa12-1df4-8ceb-c40937a14107) - Closing
[0m13:35:16.724798 [debug] [Thread-13 ]: Writing runtime sql for node "model.chinook.DimProducts"
[0m13:35:16.726935 [debug] [Thread-13 ]: Using databricks connection "model.chinook.DimProducts"
[0m13:35:16.726935 [debug] [Thread-13 ]: On model.chinook.DimProducts: /* {"app": "dbt", "dbt_version": "1.11.2", "dbt_databricks_version": "1.12.4", "databricks_sql_connector_version": "4.1.3", "profile_name": "chinook", "target_name": "dev", "invocation_id": "2e62fc00-4722-466a-a021-c02943e2e905", "node_id": "model.chinook.DimProducts"} */

  
    
        create or replace table `uc_sql_server_central`.`data_mart`.`dimproducts`
      
      
    using delta
  
      
      
      
      
      
      
      
      
      as
      select 
	md5(cast(concat(coalesce(cast(art.`Name` as string), '_dbt_utils_surrogate_key_null_'), '-', coalesce(cast(alb.`Title` as string), '_dbt_utils_surrogate_key_null_'), '-', coalesce(cast(trk.`TrackId` as string), '_dbt_utils_surrogate_key_null_')) as string)) AS ProductId,
	trk.`TrackId` as `TrackId`,
	art.`Name` as `ArtistName`,
	alb.`Title` as `AlbumTitle`,
	med.`Name` as `MediaType`,
	gen.`Name` as `Genre`,
	trk.`Composer` as `Composer`,
	trk.`Milliseconds` as `Milliseconds`,
	trk.`Bytes` as `Bytes`,
	trk.`UnitPrice` as `UnitPrice`
from `uc_sql_server_central`.`data_snapshot`.`track02` as trk
join `uc_sql_server_central`.`data_snapshot`.`album02` as alb
on
	trk.`AlbumId` = alb.`AlbumId`
join `uc_sql_server_central`.`data_snapshot`.`artist02` as art
on
	alb.`ArtistId` = art.`ArtistId`
join `uc_sql_server_central`.`data_snapshot`.`mediatype02` as med
on
	trk.`MediaTypeId` = med.`MediaTypeId`
join `uc_sql_server_central`.`data_snapshot`.`genre02` as gen
on
	trk.`GenreId` = gen.`GenreId`

-- Apply effective date logic
where
	(trk.`dbt_updated_at` >= alb.`dbt_valid_from` and 
	trk.`dbt_updated_at` <= 
  COALESCE(
    alb.dbt_valid_to,
    CAST('2100-01-01' AS DATE)
  )
 )

	and
	(trk.`dbt_updated_at` >= art.`dbt_valid_from` and 
	trk.`dbt_updated_at` <= 
  COALESCE(
    art.dbt_valid_to,
    CAST('2100-01-01' AS DATE)
  )
 )

	and
	(trk.`dbt_updated_at` >= med.`dbt_valid_from` and 
	trk.`dbt_updated_at` <= 
  COALESCE(
    med.dbt_valid_to,
    CAST('2100-01-01' AS DATE)
  )
 )

	and
	(trk.`dbt_updated_at` >= gen.`dbt_valid_from` and 
	trk.`dbt_updated_at` <= 
  COALESCE(
    gen.dbt_valid_to,
    CAST('2100-01-01' AS DATE)
  )
 )
  
[0m13:35:19.739470 [debug] [Thread-13 ]: SQL status: OK in 3.010 seconds
[0m13:35:19.744804 [debug] [Thread-13 ]: Databricks adapter: Cursor(session-id=01f1a23d-aa07-1600-b0df-f00ff19b1423, command-id=01f1a23d-aa65-17c0-bdc3-acbbb60f849f) - Closing
[0m13:35:19.744804 [debug] [Thread-13 ]: Applying tags to relation None
[0m13:35:19.748901 [debug] [Thread-13 ]: On model.chinook.DimProducts: Close
[0m13:35:19.748901 [debug] [Thread-13 ]: Databricks adapter: Connection(session-id=01f1a23d-aa07-1600-b0df-f00ff19b1423) - Closing
[0m13:35:19.883951 [debug] [Thread-13 ]: Sending event: {'category': 'dbt', 'action': 'run_model', 'label': '2e62fc00-4722-466a-a021-c02943e2e905', 'context': [<snowplow_tracker.self_describing_json.SelfDescribingJson object at 0x0000012F7EB23E90>]}
[0m13:35:19.884473 [info ] [Thread-13 ]: 59 of 59 OK created sql table model data_mart.dimproducts ...................... [[32mOK[0m in 4.12s]
[0m13:35:19.888281 [debug] [Thread-13 ]: Finished running node model.chinook.DimProducts
[0m13:35:19.891821 [debug] [MainThread]: Databricks adapter: DatabricksDBTConnection(session-id=None, name=master) - Creating connection
[0m13:35:19.891821 [debug] [MainThread]: Acquiring new databricks connection 'master'
[0m13:35:19.894850 [info ] [MainThread]: 
[0m13:35:19.897049 [info ] [MainThread]: Finished running 3 incremental models, 11 seeds, 8 snapshots, 7 table models, 30 data tests in 0 hours 2 minutes and 58.86 seconds (178.86s).
[0m13:35:19.939702 [debug] [MainThread]: Command end result
[0m13:35:20.054394 [debug] [MainThread]: Wrote artifact WritableManifest to C:\dbt-and-databricks\06-chinook-schema\target\manifest.json
[0m13:35:20.059840 [debug] [MainThread]: Wrote artifact SemanticManifest to C:\dbt-and-databricks\06-chinook-schema\target\semantic_manifest.json
[0m13:35:20.076917 [debug] [MainThread]: Wrote artifact RunExecutionResult to C:\dbt-and-databricks\06-chinook-schema\target\run_results.json
[0m13:35:20.076917 [info ] [MainThread]: 
[0m13:35:20.078929 [info ] [MainThread]: [32mCompleted successfully[0m
[0m13:35:20.078929 [info ] [MainThread]: 
[0m13:35:20.080946 [info ] [MainThread]: Done. PASS=59 WARN=0 ERROR=0 SKIP=0 NO-OP=0 TOTAL=59
[0m13:35:20.080946 [debug] [MainThread]: Command `dbt build` succeeded at 13:35:20.080946 after 201.11 seconds
[0m13:35:20.082963 [debug] [MainThread]: Sending event: {'category': 'dbt', 'action': 'invocation', 'label': 'end', 'context': [<snowplow_tracker.self_describing_json.SelfDescribingJson object at 0x0000012F740DFD70>, <snowplow_tracker.self_describing_json.SelfDescribingJson object at 0x0000012F76DBBB30>, <snowplow_tracker.self_describing_json.SelfDescribingJson object at 0x0000012F76DBA540>]}
[0m13:35:20.082963 [debug] [MainThread]: Flushing usage events
[0m13:35:20.264462 [debug] [MainThread]: An error was encountered while trying to flush usage events
